id,year,round,date,day,hometeam,awayteam,venue,timeslot,homegoals,homebehinds,hometotal,awaygoals,awaybehinds,awaytotal
9015,2024,GF,2024-09-21 17:15:00,Saturday,Sydney,Brisbane Lions,M.C.G.,D,9,6,60,18,12,120
9014,2024,PF,2024-09-21 17:15:00,Saturday,Geelong,Brisbane Lions,M.C.G.,T,12,13,85,14,11,95
9013,2024,PF,2024-09-20 19:40:00,Friday,Sydney,Port Adelaide,S.C.G.,N,14,11,95,8,11,59
9012,2024,SF,2024-09-14 19:30:00,Saturday,Greater Western Sydney,Brisbane Lions,Sydney Showground,N,15,10,100,15,15,105
9011,2024,SF,2024-09-13 19:40:00,Friday,Port Adelaide,Hawthorn,Adelaide Oval,N,11,9,75,11,6,72
9010,2024,EF,2024-09-07 19:30:00,Saturday,Brisbane Lions,Carlton,Gabba,N,14,15,99,11,5,71
9009,2024,QF,2024-09-07 15:20:00,Saturday,Sydney,Greater Western Sydney,S.C.G.,D,13,10,88,12,10,82
9008,2024,EF,2024-09-06 19:40:00,Friday,Western Bulldogs,Hawthorn,M.C.G.,N,9,8,62,14,15,99
9007,2024,QF,2024-09-05 19:40:00,Thursday,Port Adelaide,Geelong,Adelaide Oval,N,7,12,54,20,18,138
9006,2024,24,2024-08-25 18:10:00,Sunday,Fremantle,Port Adelaide,Perth Stadium,T,9,13,67,13,9,87
9005,2024,24,2024-08-25 12:30:00,Sunday,Western Bulldogs,Greater Western Sydney,Eureka Stadium,D,14,14,98,9,7,61
9004,2024,24,2024-08-24 19:40:00,Saturday,Sydney,Adelaide,S.C.G.,N,18,13,121,13,12,90
9003,2024,24,2024-08-24 15:20:00,Sunday,Richmond,Gold Coast,M.C.G.,D,10,6,66,14,10,94
9002,2024,24,2024-08-23 19:40:00,Friday,Melbourne,Collingwood,M.C.G.,N,8,9,57,15,13,103
9001,2024,24,2024-08-24 12:30:00,Saturday,Hawthorn,North Melbourne,York Park,D,26,14,170,7,4,46
9000,2024,24,2024-08-24 13:45:00,Saturday,Geelong,West Coast,Kardinia Park,D,26,12,168,11,9,75
8999,2024,24,2024-08-25 15:20:00,Sunday,Carlton,St Kilda,Docklands,D,11,8,74,11,10,76
8998,2024,24,2024-08-24 19:30:00,Saturday,Brisbane Lions,Essendon,Gabba,N,11,21,87,10,7,67
8997,2024,23,2024-08-18 16:40:00,Sunday,West Coast,Carlton,Perth Stadium,T,4,10,34,14,15,99
8996,2024,23,2024-08-17 19:30:00,Saturday,Port Adelaide,Adelaide,Adelaide Oval,N,11,14,80,8,10,58
8995,2024,23,2024-08-18 13:10:00,Sunday,Western Bulldogs,North Melbourne,Docklands,D,20,18,138,6,6,42
8994,2024,23,2024-08-17 19:30:00,Saturday,St Kilda,Geelong,Docklands,N,16,11,107,14,5,89
8993,2024,23,2024-08-18 15:20:00,Sunday,Hawthorn,Richmond,M.C.G.,D,19,17,131,10,8,68
8992,2024,23,2024-08-17 13:45:00,Saturday,Greater Western Sydney,Fremantle,Sydney Showground,D,15,11,101,14,8,92
8991,2024,23,2024-08-17 13:45:00,Saturday,Gold Coast,Melbourne,Carrara,D,9,9,63,18,9,117
8990,2024,23,2024-08-16 19:40:00,Friday,Essendon,Sydney,Docklands,N,8,11,59,15,8,98
8989,2024,23,2024-08-17 16:35:00,Saturday,Collingwood,Brisbane Lions,M.C.G.,T,11,13,79,11,12,78
8988,2024,22,2024-08-10 16:35:00,Saturday,Fremantle,Geelong,Perth Stadium,D,9,8,62,10,13,73
8987,2024,22,2024-08-11 16:10:00,Sunday,Adelaide,Western Bulldogs,Adelaide Oval,T,17,9,111,9,18,72
8986,2024,22,2024-08-09 19:40:00,Friday,Sydney,Collingwood,S.C.G.,N,13,11,89,12,14,86
8985,2024,22,2024-08-11 15:30:00,Sunday,Richmond,St Kilda,Docklands,D,7,9,51,15,9,99
8984,2024,22,2024-08-10 13:45:00,Saturday,North Melbourne,West Coast,Bellerive Oval,D,14,13,97,15,12,102
8983,2024,22,2024-08-10 19:30:00,Saturday,Melbourne,Port Adelaide,M.C.G.,N,7,9,51,7,11,53
8982,2024,22,2024-08-10 19:30:00,Saturday,Essendon,Gold Coast,Docklands,N,12,14,86,13,9,87
8981,2024,22,2024-08-11 13:10:00,Sunday,Carlton,Hawthorn,M.C.G.,D,5,8,38,16,16,112
8980,2024,22,2024-08-10 13:45:00,Saturday,Brisbane Lions,Greater Western Sydney,Gabba,D,8,16,64,13,4,82
8979,2024,21,2024-08-02 20:30:00,Friday,West Coast,Gold Coast,Perth Stadium,N,15,7,97,13,9,87
8978,2024,21,2024-08-03 19:30:00,Saturday,Port Adelaide,Sydney,Adelaide Oval,N,22,16,148,5,6,36
8977,2024,21,2024-08-02 19:15:00,Friday,Western Bulldogs,Melbourne,Docklands,N,15,20,110,9,5,59
8976,2024,21,2024-08-04 16:40:00,Sunday,St Kilda,Brisbane Lions,Docklands,T,5,9,39,19,10,124
8975,2024,21,2024-08-03 13:45:00,Saturday,North Melbourne,Richmond,Docklands,D,14,6,90,10,17,77
8974,2024,21,2024-08-04 13:10:00,Sunday,Greater Western Sydney,Hawthorn,Manuka Oval,D,12,12,84,12,10,82
8973,2024,21,2024-08-03 16:35:00,Saturday,Geelong,Adelaide,Kardinia Park,T,13,12,90,13,7,85
8972,2024,21,2024-08-04 15:20:00,Sunday,Essendon,Fremantle,M.C.G.,D,13,12,90,14,5,89
8971,2024,21,2024-08-03 19:30:00,Saturday,Collingwood,Carlton,M.C.G.,N,12,12,84,11,15,81
8970,2024,20,2024-07-27 20:10:00,Saturday,Fremantle,West Coast,Perth Stadium,N,17,8,110,11,9,75
8969,2024,20,2024-07-28 16:10:00,Sunday,Adelaide,Hawthorn,Adelaide Oval,T,8,10,58,19,10,124
8968,2024,20,2024-07-28 15:20:00,Sunday,Sydney,Western Bulldogs,S.C.G.,D,7,6,48,12,15,87
8967,2024,20,2024-07-27 16:35:00,Saturday,St Kilda,Essendon,Docklands,T,16,6,108,8,7,55
8966,2024,20,2024-07-27 13:45:00,Saturday,North Melbourne,Geelong,Bellerive Oval,D,10,6,66,16,10,106
8965,2024,20,2024-07-27 19:30:00,Saturday,Melbourne,Greater Western Sydney,M.C.G.,N,12,11,83,13,7,85
8964,2024,20,2024-07-27 16:35:00,Saturday,Gold Coast,Brisbane Lions,Carrara,T,9,11,65,13,15,93
8963,2024,20,2024-07-28 13:10:00,Sunday,Collingwood,Richmond,M.C.G.,D,14,9,93,9,13,67
8962,2024,20,2024-07-26 19:40:00,Friday,Carlton,Port Adelaide,Docklands,N,9,11,65,11,13,79
8961,2024,19,2024-07-21 15:20:00,Sunday,Fremantle,Melbourne,Perth Stadium,D,17,14,116,10,6,66
8960,2024,19,2024-07-20 19:30:00,Saturday,Port Adelaide,Richmond,Adelaide Oval,N,16,20,116,11,9,75
8959,2024,19,2024-07-20 13:45:00,Saturday,St Kilda,West Coast,Docklands,D,17,11,113,6,5,41
8958,2024,19,2024-07-20 16:35:00,Saturday,Hawthorn,Collingwood,M.C.G.,T,20,13,133,9,13,67
8957,2024,19,2024-07-20 13:45:00,Saturday,Greater Western Sydney,Gold Coast,Sydney Showground,D,14,5,89,6,14,50
8956,2024,19,2024-07-20 19:30:00,Saturday,Geelong,Western Bulldogs,Kardinia Park,N,7,6,48,13,17,95
8955,2024,19,2024-07-20 19:40:00,Friday,Essendon,Adelaide,Docklands,N,17,11,113,17,13,115
8954,2024,19,2024-07-21 16:40:00,Sunday,Carlton,North Melbourne,Docklands,T,16,11,107,14,4,88
8953,2024,19,2024-07-21 13:10:00,Sunday,Brisbane Lions,Sydney,Gabba,D,11,13,79,11,11,77
8952,2024,18,2024-07-14 16:40:00,Sunday,West Coast,Brisbane Lions,Perth Stadium,D,14,9,93,16,10,106
8951,2024,18,2024-07-13 19:30:00,Saturday,Adelaide,St Kilda,Adelaide Oval,N,10,11,71,5,9,39
8950,2024,18,2024-07-13 16:35:00,Saturday,Western Bulldogs,Carlton,Docklands,T,14,16,100,12,14,86
8949,2024,18,2024-07-13 13:45:00,Saturday,Sydney,North Melbourne,S.C.G.,D,20,18,138,9,5,59
8948,2024,18,2024-07-14 15:20:00,Sunday,Richmond,Greater Western Sydney,M.C.G.,D,12,12,84,17,6,108
8947,2024,18,2024-07-13 19:30:00,Saturday,Melbourne,Essendon,M.C.G.,N,13,6,84,10,7,67
8946,2024,18,2024-07-13 13:45:00,Saturday,Hawthorn,Fremantle,York Park,D,13,9,87,10,14,74
8945,2024,18,2024-07-14 13:10:00,Sunday,Gold Coast,Port Adelaide,Carrara,D,14,12,96,12,10,82
8944,2024,18,2024-07-12 19:40:00,Friday,Collingwood,Geelong,M.C.G.,N,10,11,71,13,13,91
8943,2024,17,2024-07-06 20:10:00,Saturday,Fremantle,Richmond,Perth Stadium,N,16,9,105,7,12,54
8942,2024,17,2024-07-06 13:45:00,Saturday,Port Adelaide,Western Bulldogs,Adelaide Oval,D,15,12,102,8,6,54
8941,2024,17,2024-07-07 15:20:00,Sunday,St Kilda,Sydney,Docklands,D,13,6,84,11,16,82
8940,2024,17,2024-07-06 13:45:00,Saturday,North Melbourne,Gold Coast,Docklands,D,13,9,87,12,11,83
8939,2024,17,2024-07-07 13:10:00,Sunday,Melbourne,West Coast,M.C.G.,D,17,10,112,8,10,58
8938,2024,17,2024-07-06 19:30:00,Saturday,Greater Western Sydney,Carlton,Sydney Showground,N,18,8,116,16,8,104
8937,2024,17,2024-07-06 16:35:00,Saturday,Geelong,Hawthorn,Kardinia Park,T,16,14,110,9,5,59
8936,2024,17,2024-07-05 19:40:00,Friday,Collingwood,Essendon,M.C.G.,N,12,8,80,13,14,92
8935,2024,17,2024-07-07 16:10:00,Sunday,Brisbane Lions,Adelaide,Gabba,T,14,13,97,13,8,86
8934,2024,16,2024-06-30 16:40:00,Sunday,West Coast,Hawthorn,Perth Stadium,T,4,9,33,14,10,94
8933,2024,16,2024-06-29 19:30:00,Saturday,Adelaide,Greater Western Sydney,Adelaide Oval,N,13,16,94,12,6,78
8932,2024,16,2024-06-29 13:45:00,Saturday,Sydney,Fremantle,S.C.G.,D,14,14,98,15,9,99
8931,2024,16,2024-06-30 13:10:00,Sunday,St Kilda,Port Adelaide,Docklands,D,8,12,60,8,14,62
8930,2024,16,2024-06-30 15:20:00,Sunday,Richmond,Carlton,M.C.G.,D,10,10,70,20,11,131
8929,2024,16,2024-06-29 13:45:00,Saturday,North Melbourne,Western Bulldogs,Docklands,D,9,6,60,11,11,77
8928,2024,16,2024-06-29 16:35:00,Saturday,Gold Coast,Collingwood,Carrara,T,14,17,101,13,12,90
8927,2024,16,2024-06-29 19:30:00,Saturday,Geelong,Essendon,M.C.G.,N,16,9,105,9,6,60
8926,2024,16,2024-06-28 19:40:00,Friday,Brisbane Lions,Melbourne,Gabba,N,11,20,86,11,15,81
8925,2024,15,2024-06-23 16:00:00,Sunday,Fremantle,Gold Coast,Perth Stadium,T,12,13,85,10,5,62
8924,2024,15,2024-06-23 13:00:00,Sunday,Essendon,West Coast,Docklands,D,19,8,122,13,14,92
8923,2024,15,2024-06-22 19:30:00,Saturday,Melbourne,North Melbourne,M.C.G.,N,11,4,70,10,7,67
8922,2024,15,2024-06-22 16:35:00,Saturday,Greater Western Sydney,Sydney,Sydney Showground,T,11,9,75,15,12,102
8921,2024,15,2024-06-22 13:45:00,Saturday,Port Adelaide,Brisbane Lions,Adelaide Oval,D,10,13,73,23,14,152
8920,2024,15,2024-06-21 19:40:00,Friday,Carlton,Geelong,M.C.G.,N,21,12,138,11,9,75
8919,2024,14,2024-06-16 16:00:00,Sunday,Greater Western Sydney,Port Adelaide,Sydney Showground,T,9,19,73,6,15,51
8918,2024,14,2024-06-16 13:00:00,Sunday,North Melbourne,Collingwood,Docklands,D,19,4,118,18,11,119
8917,2024,14,2024-06-15 19:30:00,Saturday,Adelaide,Sydney,Adelaide Oval,N,10,7,67,16,13,109
8916,2024,14,2024-06-15 16:35:00,Saturday,Richmond,Hawthorn,M.C.G.,T,6,13,49,14,13,97
8915,2024,14,2024-06-15 13:45:00,Saturday,Western Bulldogs,Fremantle,Docklands,D,23,11,149,12,10,82
8914,2024,14,2024-06-14 19:40:00,Friday,Brisbane Lions,St Kilda,Gabba,N,19,12,126,16,10,106
8913,2024,13,2024-06-10 15:20:00,Monday,Collingwood,Melbourne,M.C.G.,D,14,5,89,6,15,51
8912,2024,13,2024-06-09 19:20:00,Sunday,Essendon,Carlton,M.C.G.,N,9,16,70,15,6,96
8911,2024,13,2024-06-09 15:20:00,Sunday,Sydney,Geelong,S.C.G.,D,16,16,112,12,10,82
8910,2024,13,2024-06-08 19:30:00,Saturday,St Kilda,Gold Coast,Docklands,N,7,9,51,7,6,48
8909,2024,13,2024-06-08 16:35:00,Saturday,West Coast,North Melbourne,Perth Stadium,D,8,17,65,11,8,74
8908,2024,13,2024-06-08 13:45:00,Saturday,Hawthorn,Greater Western Sydney,York Park,D,12,13,85,12,7,79
8907,2024,13,2024-06-07 19:40:00,Friday,Western Bulldogs,Brisbane Lions,Docklands,N,10,11,71,17,12,114
8906,2024,13,2024-06-06 19:30:00,Thursday,Adelaide,Richmond,Adelaide Oval,N,10,11,71,12,7,79
8905,2024,12,2024-06-02 16:00:00,Sunday,Gold Coast,Essendon,Carrara,T,14,7,91,11,14,80
8904,2024,12,2024-06-02 13:00:00,Sunday,Melbourne,Fremantle,Traeger Park,D,7,7,49,22,9,141
8903,2024,12,2024-06-01 19:30:00,Saturday,Geelong,Richmond,Kardinia Park,N,15,9,99,10,9,69
8902,2024,12,2024-06-01 16:35:00,Saturday,West Coast,St Kilda,Perth Stadium,T,10,8,68,12,10,82
8901,2024,12,2024-06-01 13:45:00,Saturday,Hawthorn,Adelaide,M.C.G.,D,16,11,107,12,8,80
8900,2024,12,2024-05-31 19:40:00,Friday,Collingwood,Western Bulldogs,Docklands,N,12,10,82,15,10,100
8899,2024,12,2024-05-30 19:30:00,Thursday,Port Adelaide,Carlton,Adelaide Oval,N,10,11,71,16,11,107
8898,2024,11,2024-05-26 16:40:00,Sunday,Adelaide,West Coast,Adelaide Oval,T,21,11,137,5,8,38
8897,2024,11,2024-05-26 15:20:00,Sunday,Melbourne,St Kilda,M.C.G.,D,14,16,100,9,8,62
8896,2024,11,2024-05-26 13:10:00,Sunday,Hawthorn,Brisbane Lions,Docklands,D,15,10,100,10,15,75
8895,2024,11,2024-05-25 19:40:00,Saturday,Richmond,Essendon,M.C.G.,N,10,14,74,12,14,86
8894,2024,11,2024-05-25 16:35:00,Saturday,Geelong,Greater Western Sydney,Kardinia Park,T,11,8,74,11,12,78
8893,2024,11,2024-05-25 13:45:00,Saturday,Carlton,Gold Coast,Docklands,D,15,12,102,11,7,73
8892,2024,11,2024-05-25 13:45:00,Saturday,North Melbourne,Port Adelaide,Bellerive Oval,D,7,6,48,16,11,107
8891,2024,11,2024-05-24 20:10:00,Friday,Fremantle,Collingwood,Perth Stadium,N,11,9,75,10,15,75
8890,2024,11,2024-05-23 19:30:00,Thursday,Western Bulldogs,Sydney,Docklands,N,12,16,88,16,6,102
8889,2024,10,2024-05-19 18:20:00,Sunday,West Coast,Melbourne,Perth Stadium,N,16,9,105,10,10,70
8888,2024,10,2024-05-19 15:20:00,Sunday,Port Adelaide,Hawthorn,Adelaide Oval,D,11,14,80,12,7,79
8887,2024,10,2024-05-19 13:10:00,Sunday,Essendon,North Melbourne,Docklands,D,16,10,106,10,6,66
8886,2024,10,2024-05-18 19:30:00,Saturday,Brisbane Lions,Richmond,Gabba,N,26,7,163,6,8,44
8885,2024,10,2024-05-18 19:30:00,Saturday,St Kilda,Fremantle,Docklands,N,8,7,55,9,18,72
8884,2024,10,2024-05-18 16:35:00,Saturday,Greater Western Sydney,Western Bulldogs,Sydney Showground,T,6,7,43,8,22,70
8883,2024,10,2024-05-18 13:45:00,Saturday,Collingwood,Adelaide,M.C.G.,D,12,6,78,11,8,74
8882,2024,10,2024-05-17 19:40:00,Friday,Sydney,Carlton,S.C.G.,N,17,15,117,9,11,65
8881,2024,10,2024-05-16 19:30:00,Thursday,Gold Coast,Geelong,Marrara Oval,N,26,8,164,15,10,100
8880,2024,9,2024-05-12 16:00:00,Sunday,Adelaide,Brisbane Lions,Adelaide Oval,T,13,12,90,13,12,90
8879,2024,9,2024-05-12 13:00:00,Sunday,Collingwood,West Coast,Docklands,D,15,13,103,5,7,37
8878,2024,9,2024-05-11 19:30:00,Saturday,Gold Coast,North Melbourne,Marrara Oval,N,17,18,120,7,10,52
8877,2024,9,2024-05-11 19:30:00,Saturday,Richmond,Western Bulldogs,M.C.G.,N,6,6,42,19,19,133
8876,2024,9,2024-05-11 16:35:00,Saturday,Essendon,Greater Western Sydney,Docklands,T,12,10,82,9,8,62
8875,2024,9,2024-05-11 13:45:00,Saturday,Hawthorn,St Kilda,York Park,D,8,10,58,7,11,53
8874,2024,9,2024-05-10 20:30:00,Friday,Fremantle,Sydney,Perth Stadium,N,4,15,39,13,9,87
8873,2024,9,2024-05-10 19:10:00,Friday,Geelong,Port Adelaide,Kardinia Park,N,14,11,95,15,11,101
8872,2024,9,2024-05-09 19:30:00,Thursday,Carlton,Melbourne,M.C.G.,N,12,5,77,11,10,76
8871,2024,8,2024-05-05 19:10:00,Sunday,Brisbane Lions,Gold Coast,Gabba,N,10,19,79,6,9,45
8870,2024,8,2024-05-05 16:00:00,Sunday,Western Bulldogs,Hawthorn,Docklands,T,14,7,91,14,14,98
8869,2024,8,2024-05-05 13:00:00,Sunday,Richmond,Fremantle,M.C.G.,D,6,13,49,15,13,103
8868,2024,8,2024-05-04 20:10:00,Saturday,West Coast,Essendon,Perth Stadium,N,11,5,71,11,11,77
8867,2024,8,2024-05-04 19:30:00,Saturday,Melbourne,Geelong,M.C.G.,N,10,14,74,9,12,66
8866,2024,8,2024-05-04 16:35:00,Saturday,St Kilda,North Melbourne,Docklands,T,15,13,103,10,5,65
8865,2024,8,2024-05-04 13:45:00,Saturday,Sydney,Greater Western Sydney,S.C.G.,D,14,14,98,10,9,69
8864,2024,8,2024-05-03 19:40:00,Friday,Carlton,Collingwood,M.C.G.,N,12,7,79,12,13,85
8863,2024,8,2024-05-02 19:30:00,Thursday,Adelaide,Port Adelaide,Adelaide Oval,N,12,6,78,5,18,48
8862,2024,7,2024-04-28 16:00:00,Sunday,Hawthorn,Sydney,M.C.G.,T,5,12,42,18,10,118
8861,2024,7,2024-04-28 13:00:00,Sunday,Gold Coast,West Coast,Carrara,D,17,10,112,12,3,75
8860,2024,7,2024-04-27 19:40:00,Saturday,Fremantle,Western Bulldogs,Perth Stadium,T,14,11,95,10,11,71
8859,2024,7,2024-04-27 16:35:00,Saturday,Geelong,Carlton,M.C.G.,T,18,10,118,15,15,105
8858,2024,7,2024-04-27 13:45:00,Saturday,North Melbourne,Adelaide,Bellerive Oval,D,12,9,81,20,18,138
8857,2024,7,2024-04-26 19:40:00,Friday,Port Adelaide,St Kilda,Adelaide Oval,N,11,16,82,11,6,72
8856,2024,7,2024-04-25 19:35:00,Thursday,Greater Western Sydney,Brisbane Lions,Manuka Oval,N,17,11,113,8,11,59
8855,2024,7,2024-04-25 15:20:00,Thursday,Essendon,Collingwood,M.C.G.,D,12,13,85,12,13,85
8854,2024,7,2024-04-24 19:25:00,Wednesday,Richmond,Melbourne,M.C.G.,N,5,12,42,13,7,85
8853,2024,6,2024-04-21 16:05:00,Sunday,North Melbourne,Hawthorn,Docklands,T,10,8,68,17,11,113
8852,2024,6,2024-04-21 13:05:00,Sunday,Sydney,Gold Coast,S.C.G.,D,17,8,110,8,9,57
8851,2024,6,2024-04-20 20:10:00,Saturday,West Coast,Fremantle,Perth Stadium,N,16,9,105,10,8,68
8850,2024,6,2024-04-20 19:30:00,Saturday,Brisbane Lions,Geelong,Gabba,N,4,13,37,9,9,63
8849,2024,6,2024-04-20 16:35:00,Saturday,Carlton,Greater Western Sydney,Docklands,T,17,15,117,15,8,98
8848,2024,6,2024-04-20 13:45:00,Saturday,Collingwood,Port Adelaide,M.C.G.,D,17,21,123,12,9,81
8847,2024,6,2024-04-19 19:40:00,Friday,Adelaide,Essendon,Adelaide Oval,N,11,9,75,10,18,78
8846,2024,6,2024-04-18 19:30:00,Thursday,St Kilda,Western Bulldogs,Docklands,N,9,10,64,19,10,124
8845,2024,5,2024-04-14 16:00:00,Sunday,West Coast,Richmond,Perth Stadium,D,16,13,109,10,10,70
8844,2024,5,2024-04-14 13:00:00,Sunday,Geelong,North Melbourne,Kardinia Park,D,21,13,139,10,4,64
8843,2024,5,2024-04-13 19:30:00,Saturday,Port Adelaide,Fremantle,Adelaide Oval,N,9,12,66,9,9,63
8842,2024,5,2024-04-13 19:30:00,Saturday,Gold Coast,Hawthorn,Carrara,N,16,13,109,8,8,56
8841,2024,5,2024-04-13 16:35:00,Saturday,Carlton,Adelaide,Docklands,T,14,14,98,16,4,100
8840,2024,5,2024-04-13 13:45:00,Saturday,Greater Western Sydney,St Kilda,Manuka Oval,D,11,14,80,12,7,79
8839,2024,5,2024-04-12 19:40:00,Friday,Western Bulldogs,Essendon,Docklands,N,9,13,67,15,6,96
8838,2024,5,2024-04-11 19:30:00,Thursday,Melbourne,Brisbane Lions,M.C.G.,N,8,12,60,12,10,82
8837,2024,4,2024-04-07 17:10:00,Sunday,Collingwood,Hawthorn,Adelaide Oval,T,11,11,77,11,6,72
8836,2024,4,2024-04-07 15:20:00,Sunday,Richmond,St Kilda,Norwood Oval,D,9,6,60,9,13,67
8835,2024,4,2024-04-07 12:30:00,Sunday,Gold Coast,Greater Western Sydney,Summit Sports Park,N,13,11,89,18,9,117
8834,2024,4,2024-04-06 19:10:00,Saturday,Western Bulldogs,Geelong,Adelaide Oval,N,14,7,91,14,11,95
8833,2024,4,2024-04-06 15:20:00,Saturday,Fremantle,Carlton,Adelaide Oval,D,9,9,63,10,13,73
8832,2024,4,2024-04-06 12:30:00,Saturday,West Coast,Sydney,Summit Sports Park,D,11,12,78,15,14,104
8831,2024,4,2024-04-05 19:10:00,Friday,Port Adelaide,Essendon,Adelaide Oval,N,17,9,111,6,6,42
8830,2024,4,2024-04-05 16:10:00,Friday,Brisbane Lions,North Melbourne,Norwood Oval,T,16,16,112,6,6,42
8829,2024,4,2024-04-04 18:40:00,Thursday,Adelaide,Melbourne,Adelaide Oval,N,8,15,63,10,18,78
8828,2024,3,2024-04-01 15:20:00,Monday,Hawthorn,Geelong,M.C.G.,D,10,10,70,17,4,106
8827,2024,3,2024-03-31 16:00:00,Sunday,Richmond,Sydney,M.C.G.,T,11,16,82,11,11,77
8826,2024,3,2024-03-31 13:00:00,Sunday,Western Bulldogs,West Coast,Docklands,D,16,10,106,3,12,30
8825,2024,3,2024-03-30 19:30:00,Saturday,Port Adelaide,Melbourne,Adelaide Oval,N,13,11,89,15,6,96
8824,2024,3,2024-03-30 16:20:00,Saturday,Essendon,St Kilda,Docklands,T,10,11,71,9,13,67
8823,2024,3,2024-03-29 19:20:00,Friday,Fremantle,Adelaide,Perth Stadium,T,9,15,69,4,10,34
8822,2024,3,2024-03-29 16:20:00,Friday,North Melbourne,Carlton,Docklands,T,12,9,81,21,11,137
8821,2024,3,2024-03-28 19:30:00,Thursday,Brisbane Lions,Collingwood,Gabba,N,10,12,72,14,8,92
8820,2024,2,2024-03-24 18:50:00,Sunday,West Coast,Greater Western Sydney,Perth Stadium,D,5,13,43,16,12,108
8819,2024,2,2024-03-24 16:00:00,Sunday,Richmond,Port Adelaide,M.C.G.,T,13,14,92,18,14,122
8818,2024,2,2024-03-24 13:00:00,Sunday,Western Bulldogs,Gold Coast,Eureka Stadium,D,18,7,115,10,7,67
8817,2024,2,2024-03-23 19:30:00,Saturday,Sydney,Essendon,S.C.G.,N,19,17,131,15,11,101
8816,2024,2,2024-03-23 16:35:00,Saturday,Hawthorn,Melbourne,M.C.G.,T,5,8,38,14,9,93
8815,2024,2,2024-03-23 13:45:00,Saturday,North Melbourne,Fremantle,Docklands,D,11,10,76,15,12,102
8814,2024,2,2024-03-22 19:40:00,Friday,Adelaide,Geelong,Adelaide Oval,N,11,11,77,14,12,96
8813,2024,2,2024-03-21 19:30:00,Thursday,St Kilda,Collingwood,M.C.G.,N,14,10,94,12,7,79
8812,2024,1,2024-03-17 18:50:00,Sunday,Fremantle,Brisbane Lions,Perth Stadium,D,14,9,93,10,10,70
8811,2024,1,2024-03-17 16:00:00,Sunday,Port Adelaide,West Coast,Adelaide Oval,T,16,24,120,10,10,70
8810,2024,1,2024-03-17 13:00:00,Sunday,Melbourne,Western Bulldogs,M.C.G.,D,16,13,109,9,10,64
8809,2024,1,2024-03-16 20:10:00,Saturday,Gold Coast,Adelaide,Carrara,N,8,12,60,8,6,54
8808,2024,1,2024-03-16 19:30:00,Saturday,Geelong,St Kilda,Kardinia Park,N,10,16,76,9,14,68
8807,2024,1,2024-03-16 16:35:00,Saturday,Greater Western Sydney,North Melbourne,Sydney Showground,T,17,19,121,13,4,82
8806,2024,1,2024-03-16 13:45:00,Saturday,Essendon,Hawthorn,M.C.G.,D,17,5,107,11,17,83
8805,2024,1,2024-03-15 19:40:00,Friday,Collingwood,Sydney,M.C.G.,N,10,9,69,15,12,102
8804,2024,1,2024-03-14 19:30:00,Thursday,Carlton,Richmond,M.C.G.,N,12,14,86,12,9,81
8803,2024,0,2024-03-09 19:30:00,Saturday,Greater Western Sydney,Collingwood,Sydney Showground,N,18,6,114,11,16,82
8802,2024,0,2024-03-09 16:20:00,Saturday,Gold Coast,Richmond,Carrara,T,14,15,99,9,6,60
8801,2024,0,2024-03-08 19:40:00,Friday,Brisbane Lions,Carlton,Gabba,N,12,13,85,13,8,86
8800,2024,0,2024-03-07 19:30:00,Thursday,Sydney,Melbourne,S.C.G.,N,12,14,86,9,10,64
8634,2023,GF,2023-09-30 14:30:00,Saturday,Collingwood,Brisbane Lions,M.C.G.,D,12,18,90,13,8,86
8633,2023,PF,2023-09-23 17:15:00,Saturday,Brisbane Lions,Carlton,Gabba,T,11,13,79,9,9,63
8632,2023,PF,2023-09-22 19:50:00,Friday,Collingwood,Greater Western Sydney,M.C.G.,N,8,10,58,8,9,57
8631,2023,SF,2023-09-16 19:40:00,Saturday,Port Adelaide,Greater Western Sydney,Adelaide Oval,N,9,16,70,13,15,93
8630,2023,SF,2023-09-15 19:50:00,Friday,Melbourne,Carlton,M.C.G.,N,9,17,71,11,7,73
8629,2023,QF,2023-09-09 19:25:00,Saturday,Brisbane Lions,Port Adelaide,Gabba,N,19,9,123,11,9,75
8628,2023,EF,2023-09-09 15:20:00,Saturday,St Kilda,Greater Western Sydney,M.C.G.,D,11,11,77,15,11,101
8627,2023,EF,2023-09-08 19:50:00,Friday,Carlton,Sydney,M.C.G.,N,11,8,74,9,14,68
8626,2023,QF,2023-09-07 19:20:00,Thursday,Collingwood,Melbourne,M.C.G.,N,9,6,60,7,11,53
8616,2023,1,2023-03-19 16:40:00,Sunday,St Kilda,Fremantle,Docklands,T,10,7,67,7,10,52
8615,2023,1,2023-03-19 15:20:00,Sunday,Hawthorn,Essendon,M.C.G.,D,9,11,65,19,10,124
8614,2023,1,2023-03-19 13:10:00,Sunday,Greater Western Sydney,Adelaide,Sydney Showground,D,15,16,106,12,18,90
8613,2023,1,2023-03-18 20:00:00,Saturday,Gold Coast,Sydney,Carrara,N,9,7,61,16,14,110
8612,2023,1,2023-03-18 19:25:00,Saturday,Melbourne,Western Bulldogs,M.C.G.,N,17,13,115,9,11,65
8611,2023,1,2023-03-18 16:35:00,Saturday,Port Adelaide,Brisbane Lions,Adelaide Oval,T,18,18,126,11,6,72
8610,2023,1,2023-03-18 13:45:00,Saturday,North Melbourne,West Coast,Docklands,D,12,15,87,12,10,82
8609,2023,1,2023-03-17 19:40:00,Friday,Geelong,Collingwood,M.C.G.,N,16,7,103,19,11,125
8608,2023,1,2023-03-16 19:20:00,Thursday,Richmond,Carlton,M.C.G.,N,8,10,58,8,10,58
8607,2023,24,2023-08-27 18:10:00,Sunday,Carlton,Greater Western Sydney,Docklands,N,11,7,73,16,9,105
8606,2023,24,2023-08-27 15:20:00,Sunday,Sydney,Melbourne,S.C.G.,D,7,14,56,11,11,77
8605,2023,24,2023-08-27 12:30:00,Sunday,Port Adelaide,Richmond,Adelaide Oval,N,13,16,94,8,15,63
8604,2023,24,2023-08-26 20:10:00,Saturday,West Coast,Adelaide,Perth Stadium,N,12,6,78,17,21,123
8603,2023,24,2023-08-26 19:25:00,Saturday,Geelong,Western Bulldogs,Kardinia Park,N,11,13,79,16,8,104
8602,2023,24,2023-08-26 16:35:00,Saturday,Brisbane Lions,St Kilda,Gabba,T,9,18,72,9,6,60
8601,2023,24,2023-08-26 13:45:00,Saturday,North Melbourne,Gold Coast,Bellerive Oval,D,20,12,132,14,13,97
8600,2023,24,2023-08-26 13:45:00,Saturday,Hawthorn,Fremantle,M.C.G.,D,8,8,56,14,9,93
8599,2023,24,2023-08-25 19:50:00,Friday,Essendon,Collingwood,M.C.G.,N,3,13,31,16,5,101
8598,2023,23,2023-08-20 16:40:00,Sunday,Fremantle,Port Adelaide,Perth Stadium,T,8,10,58,11,8,74
8597,2023,23,2023-08-20 15:20:00,Sunday,Melbourne,Hawthorn,M.C.G.,D,13,9,87,9,6,60
8596,2023,23,2023-08-20 13:10:00,Sunday,Western Bulldogs,West Coast,Docklands,D,12,13,85,14,8,92
8595,2023,23,2023-08-19 19:40:00,Saturday,Adelaide,Sydney,Adelaide Oval,N,10,13,73,11,8,74
8594,2023,23,2023-08-19 19:25:00,Saturday,St Kilda,Geelong,Docklands,N,12,16,88,8,7,55
8593,2023,23,2023-08-19 16:35:00,Saturday,Greater Western Sydney,Essendon,Sydney Showground,T,25,12,162,5,6,36
8592,2023,23,2023-08-19 14:10:00,Saturday,Gold Coast,Carlton,Carrara,D,13,9,87,13,13,91
8591,2023,23,2023-08-19 13:45:00,Saturday,Richmond,North Melbourne,M.C.G.,D,14,17,101,10,12,72
8590,2023,23,2023-08-18 19:50:00,Friday,Collingwood,Brisbane Lions,Docklands,N,15,10,100,19,10,124
8589,2023,22,2023-08-13 16:40:00,Sunday,Port Adelaide,Greater Western Sydney,Adelaide Oval,T,21,10,136,13,7,85
8588,2023,22,2023-08-13 15:20:00,Sunday,St Kilda,Richmond,Docklands,D,14,9,93,8,9,57
8587,2023,22,2023-08-13 13:10:00,Sunday,Hawthorn,Western Bulldogs,York Park,D,9,13,67,9,10,64
8586,2023,22,2023-08-12 20:10:00,Saturday,West Coast,Fremantle,Perth Stadium,N,4,9,33,20,14,134
8585,2023,22,2023-08-12 19:30:00,Saturday,Carlton,Melbourne,M.C.G.,N,9,6,60,8,8,56
8584,2023,22,2023-08-12 16:35:00,Saturday,Brisbane Lions,Adelaide,Gabba,T,15,9,99,13,15,93
8583,2023,22,2023-08-12 13:45:00,Saturday,Sydney,Gold Coast,S.C.G.,D,18,6,114,13,12,90
8582,2023,22,2023-08-12 13:45:00,Saturday,North Melbourne,Essendon,Docklands,D,12,5,77,13,8,86
8581,2023,22,2023-08-11 19:50:00,Friday,Collingwood,Geelong,M.C.G.,N,16,13,109,15,11,101
8580,2023,21,2023-08-06 16:40:00,Sunday,Fremantle,Brisbane Lions,Perth Stadium,T,11,8,74,11,11,77
8579,2023,21,2023-08-06 15:20:00,Sunday,St Kilda,Carlton,Docklands,D,8,6,54,10,13,73
8578,2023,21,2023-08-06 13:10:00,Sunday,North Melbourne,Melbourne,Bellerive Oval,D,10,11,71,15,13,103
8577,2023,21,2023-08-05 19:30:00,Saturday,Greater Western Sydney,Sydney,Sydney Showground,N,12,13,85,15,6,96
8576,2023,21,2023-08-05 19:25:00,Saturday,Geelong,Port Adelaide,Kardinia Park,N,14,13,97,12,13,85
8575,2023,21,2023-08-05 16:35:00,Saturday,Hawthorn,Collingwood,M.C.G.,T,16,9,105,11,7,73
8574,2023,21,2023-08-05 14:10:00,Saturday,Adelaide,Gold Coast,Adelaide Oval,D,13,11,89,9,7,61
8573,2023,21,2023-08-05 13:45:00,Saturday,Essendon,West Coast,Docklands,D,10,13,73,11,6,72
8572,2023,21,2023-08-04 19:50:00,Friday,Western Bulldogs,Richmond,Docklands,N,19,12,126,10,11,71
8571,2023,20,2023-07-30 16:40:00,Sunday,West Coast,North Melbourne,Perth Stadium,T,10,12,72,10,7,67
8570,2023,20,2023-07-30 15:20:00,Sunday,Richmond,Melbourne,M.C.G.,D,15,8,98,20,10,130
8569,2023,20,2023-07-30 13:10:00,Sunday,Hawthorn,St Kilda,Docklands,D,14,9,93,19,8,122
8568,2023,20,2023-07-29 19:40:00,Saturday,Adelaide,Port Adelaide,Adelaide Oval,N,16,16,112,9,11,65
8567,2023,20,2023-07-29 19:25:00,Saturday,Essendon,Sydney,Docklands,N,15,9,99,15,11,101
8566,2023,20,2023-07-29 16:35:00,Saturday,Gold Coast,Brisbane Lions,Carrara,T,15,6,96,7,13,55
8565,2023,20,2023-07-29 13:45:00,Saturday,Western Bulldogs,Greater Western Sydney,Eureka Stadium,D,10,13,73,11,12,78
8564,2023,20,2023-07-29 13:45:00,Saturday,Geelong,Fremantle,Kardinia Park,D,9,10,64,10,11,71
8563,2023,20,2023-07-28 19:50:00,Friday,Collingwood,Carlton,M.C.G.,N,10,16,76,14,9,93
8562,2023,19,2023-07-23 16:40:00,Sunday,St Kilda,North Melbourne,Docklands,T,9,15,69,9,7,61
8561,2023,19,2023-07-23 15:20:00,Sunday,Melbourne,Adelaide,M.C.G.,D,14,13,97,13,15,93
8560,2023,19,2023-07-23 13:10:00,Sunday,Greater Western Sydney,Gold Coast,Manuka Oval,D,15,13,103,9,9,63
8559,2023,19,2023-07-22 19:40:00,Saturday,Port Adelaide,Collingwood,Adelaide Oval,N,12,11,83,13,7,85
8558,2023,19,2023-07-22 19:40:00,Saturday,Fremantle,Sydney,Perth Stadium,N,12,4,76,16,9,105
8557,2023,19,2023-07-22 16:35:00,Saturday,Brisbane Lions,Geelong,Gabba,T,9,10,64,7,11,53
8556,2023,19,2023-07-22 14:10:00,Saturday,Carlton,West Coast,Docklands,D,21,14,140,10,9,69
8555,2023,19,2023-07-22 13:45:00,Saturday,Richmond,Hawthorn,M.C.G.,D,14,12,96,15,5,95
8554,2023,19,2023-07-21 19:50:00,Friday,Essendon,Western Bulldogs,Docklands,N,7,7,49,13,12,90
8553,2023,18,2023-07-16 16:40:00,Sunday,West Coast,Richmond,Perth Stadium,T,8,12,60,14,14,98
8552,2023,18,2023-07-16 13:10:00,Sunday,North Melbourne,Hawthorn,Docklands,D,6,4,40,12,16,88
8551,2023,18,2023-07-15 19:40:00,Saturday,Adelaide,Greater Western Sydney,Adelaide Oval,N,8,9,57,10,11,71
8550,2023,18,2023-07-15 19:25:00,Saturday,Geelong,Essendon,Kardinia Park,N,18,14,122,7,3,45
8549,2023,18,2023-07-15 16:35:00,Saturday,Carlton,Port Adelaide,Docklands,T,18,14,122,10,12,72
8548,2023,18,2023-07-15 14:10:00,Saturday,Gold Coast,St Kilda,Carrara,D,11,11,77,8,3,51
8547,2023,18,2023-07-15 13:45:00,Saturday,Collingwood,Fremantle,M.C.G.,D,18,5,113,10,7,67
8546,2023,18,2023-07-14 19:50:00,Friday,Melbourne,Brisbane Lions,M.C.G.,N,16,9,105,16,8,104
8545,2023,18,2023-07-13 19:20:00,Thursday,Sydney,Western Bulldogs,S.C.G.,N,11,12,78,11,10,76
8544,2023,17,2023-07-09 16:40:00,Sunday,Fremantle,Carlton,Perth Stadium,T,6,9,45,14,14,98
8543,2023,17,2023-07-09 15:20:00,Sunday,Essendon,Adelaide,Docklands,D,17,13,115,15,7,97
8542,2023,17,2023-07-09 13:10:00,Sunday,Geelong,North Melbourne,Kardinia Park,D,19,11,125,9,9,63
8541,2023,17,2023-07-08 19:40:00,Saturday,Port Adelaide,Gold Coast,Adelaide Oval,N,16,10,106,11,7,73
8540,2023,17,2023-07-08 19:25:00,Saturday,St Kilda,Melbourne,Docklands,N,8,10,58,12,7,79
8539,2023,17,2023-07-08 16:35:00,Saturday,Greater Western Sydney,Hawthorn,Sydney Showground,T,12,13,85,10,12,72
8538,2023,17,2023-07-08 13:45:00,Saturday,Brisbane Lions,West Coast,Gabba,D,16,20,116,5,5,35
8537,2023,17,2023-07-07 19:50:00,Friday,Western Bulldogs,Collingwood,Docklands,N,11,11,77,13,11,89
8536,2023,17,2023-07-06 19:20:00,Thursday,Richmond,Sydney,M.C.G.,N,12,16,88,11,9,75
8535,2023,16,2023-07-02 16:40:00,Sunday,West Coast,St Kilda,Perth Stadium,T,12,5,77,12,13,85
8534,2023,16,2023-07-02 15:20:00,Sunday,Melbourne,Greater Western Sydney,Traeger Park,D,5,15,45,7,5,47
8533,2023,16,2023-07-02 13:10:00,Sunday,Hawthorn,Carlton,M.C.G.,D,7,10,52,17,10,112
8532,2023,16,2023-07-01 19:25:00,Saturday,Essendon,Port Adelaide,M.C.G.,N,10,14,74,11,12,78
8531,2023,16,2023-07-01 16:35:00,Saturday,Gold Coast,Collingwood,Carrara,T,5,12,42,18,12,120
8530,2023,16,2023-07-01 13:45:00,Saturday,Western Bulldogs,Fremantle,Docklands,D,16,6,102,11,7,73
8529,2023,16,2023-07-01 13:45:00,Saturday,Adelaide,North Melbourne,Adelaide Oval,D,21,12,138,11,6,72
8528,2023,16,2023-06-30 19:50:00,Friday,Sydney,Geelong,S.C.G.,N,6,18,54,7,12,54
8527,2023,16,2023-06-29 19:20:00,Thursday,Brisbane Lions,Richmond,Gabba,N,20,14,134,7,11,53
8526,2023,15,2023-06-25 16:40:00,Sunday,Gold Coast,Hawthorn,Carrara,T,14,17,101,5,4,34
8525,2023,15,2023-06-25 13:10:00,Sunday,Collingwood,Adelaide,M.C.G.,D,12,10,82,11,14,80
8524,2023,15,2023-06-24 19:25:00,Saturday,Fremantle,Essendon,Perth Stadium,N,14,9,93,9,7,61
8523,2023,15,2023-06-24 16:35:00,Saturday,Sydney,West Coast,S.C.G.,T,31,19,205,5,4,34
8522,2023,15,2023-06-23 19:50:00,Friday,St Kilda,Brisbane Lions,Docklands,N,8,8,56,12,12,84
8521,2023,15,2023-06-22 19:20:00,Thursday,Geelong,Melbourne,Kardinia Park,N,11,12,78,8,15,63
8520,2023,14,2023-06-18 16:40:00,Sunday,North Melbourne,Western Bulldogs,Docklands,T,13,6,84,15,15,105
8519,2023,14,2023-06-18 13:10:00,Sunday,Carlton,Gold Coast,M.C.G.,D,18,12,120,8,13,61
8518,2023,14,2023-06-17 19:25:00,Saturday,Richmond,St Kilda,M.C.G.,N,13,12,90,11,4,70
8517,2023,14,2023-06-17 16:35:00,Saturday,Greater Western Sydney,Fremantle,Sydney Showground,T,16,10,106,5,6,36
8516,2023,14,2023-06-16 19:50:00,Friday,Brisbane Lions,Sydney,Gabba,N,13,19,97,12,9,81
8515,2023,14,2023-06-15 19:40:00,Thursday,Port Adelaide,Geelong,Adelaide Oval,N,16,14,110,11,6,72
8514,2023,13,2023-06-12 15:20:00,Monday,Melbourne,Collingwood,M.C.G.,D,8,18,66,9,8,62
8513,2023,13,2023-06-11 19:15:00,Sunday,Carlton,Essendon,M.C.G.,N,6,16,52,13,8,86
8512,2023,13,2023-06-11 15:20:00,Sunday,North Melbourne,Greater Western Sydney,Bellerive Oval,D,11,9,75,15,13,103
8511,2023,13,2023-06-10 19:25:00,Saturday,Fremantle,Richmond,Perth Stadium,N,10,10,70,12,13,85
8510,2023,13,2023-06-10 16:35:00,Saturday,Adelaide,West Coast,Adelaide Oval,T,27,12,174,8,4,52
8509,2023,13,2023-06-10 13:45:00,Saturday,Hawthorn,Brisbane Lions,M.C.G.,D,15,8,98,11,7,73
8508,2023,13,2023-06-09 19:50:00,Friday,Western Bulldogs,Port Adelaide,Docklands,N,13,7,85,16,11,107
8507,2023,13,2023-06-08 19:10:00,Thursday,Sydney,St Kilda,S.C.G.,N,9,12,66,12,8,80
8506,2023,12,2023-06-04 16:40:00,Sunday,Essendon,North Melbourne,Docklands,T,16,9,105,15,9,99
8505,2023,12,2023-06-04 13:10:00,Sunday,Greater Western Sydney,Richmond,Sydney Showground,D,15,14,104,16,14,110
8504,2023,12,2023-06-03 19:30:00,Saturday,Gold Coast,Adelaide,Marrara Oval,N,16,16,112,13,9,87
8503,2023,12,2023-06-03 19:25:00,Saturday,Western Bulldogs,Geelong,Docklands,N,10,15,75,15,7,97
8502,2023,12,2023-06-03 16:35:00,Saturday,West Coast,Collingwood,Perth Stadium,T,8,9,57,18,12,120
8501,2023,12,2023-06-03 13:45:00,Saturday,Port Adelaide,Hawthorn,Adelaide Oval,D,23,13,151,14,12,96
8500,2023,12,2023-06-02 19:50:00,Friday,Melbourne,Carlton,M.C.G.,N,8,13,61,6,8,44
8499,2023,11,2023-05-28 16:40:00,Sunday,Adelaide,Brisbane Lions,Adelaide Oval,T,14,11,95,10,18,78
8498,2023,11,2023-05-28 15:20:00,Sunday,Collingwood,North Melbourne,Docklands,D,16,9,105,10,10,70
8497,2023,11,2023-05-28 13:10:00,Sunday,Richmond,Port Adelaide,M.C.G.,D,9,13,67,10,17,77
8496,2023,11,2023-05-27 19:40:00,Saturday,West Coast,Essendon,Perth Stadium,N,6,10,46,14,12,96
8495,2023,11,2023-05-27 19:25:00,Saturday,Gold Coast,Western Bulldogs,Marrara Oval,N,13,6,84,11,11,77
8494,2023,11,2023-05-27 16:35:00,Saturday,Geelong,Greater Western Sydney,Kardinia Park,T,10,14,74,12,9,81
8493,2023,11,2023-05-27 14:10:00,Saturday,Melbourne,Fremantle,M.C.G.,D,10,12,72,12,7,79
8492,2023,11,2023-05-27 13:45:00,Saturday,St Kilda,Hawthorn,Docklands,D,12,6,78,12,16,88
8491,2023,11,2023-05-26 19:50:00,Friday,Sydney,Carlton,S.C.G.,N,11,11,77,6,15,51
8481,2023,9,2023-05-14 16:40:00,Sunday,Collingwood,Greater Western Sydney,M.C.G.,T,18,12,120,7,13,55
8480,2023,9,2023-05-14 13:10:00,Sunday,Adelaide,St Kilda,Adelaide Oval,D,19,7,121,10,9,69
8479,2023,9,2023-05-13 19:30:00,Saturday,Carlton,Western Bulldogs,Docklands,N,8,11,59,11,13,79
8478,2023,9,2023-05-13 19:25:00,Saturday,Brisbane Lions,Essendon,Gabba,N,12,15,87,6,9,45
8477,2023,9,2023-05-13 16:35:00,Saturday,Hawthorn,Melbourne,M.C.G.,T,7,7,49,15,13,103
8476,2023,9,2023-05-13 14:10:00,Saturday,North Melbourne,Port Adelaide,Bellerive Oval,D,10,5,65,20,15,135
8475,2023,9,2023-05-13 13:45:00,Saturday,Sydney,Fremantle,S.C.G.,D,13,8,86,16,7,103
8474,2023,9,2023-05-12 20:40:00,Friday,West Coast,Gold Coast,Perth Stadium,N,6,7,43,16,17,113
8473,2023,9,2023-05-12 19:20:00,Friday,Richmond,Geelong,M.C.G.,N,16,6,102,11,12,78
8472,2023,8,2023-05-07 16:40:00,Sunday,North Melbourne,St Kilda,Docklands,T,4,10,34,8,16,64
8471,2023,8,2023-05-07 15:20:00,Sunday,Collingwood,Sydney,M.C.G.,D,11,11,77,6,12,48
8470,2023,8,2023-05-07 13:10:00,Sunday,Port Adelaide,Essendon,Adelaide Oval,D,12,20,92,13,9,87
8469,2023,8,2023-05-06 19:30:00,Saturday,Fremantle,Hawthorn,Perth Stadium,N,18,9,117,7,6,48
8468,2023,8,2023-05-06 19:25:00,Saturday,Greater Western Sydney,Western Bulldogs,Manuka Oval,N,10,11,71,13,8,86
8467,2023,8,2023-05-06 16:35:00,Saturday,Gold Coast,Melbourne,Carrara,T,13,7,85,13,12,90
8466,2023,8,2023-05-06 14:10:00,Saturday,Geelong,Adelaide,Kardinia Park,D,14,14,98,11,6,72
8465,2023,8,2023-05-06 13:45:00,Saturday,Richmond,West Coast,M.C.G.,D,15,14,104,8,10,58
8464,2023,8,2023-05-05 19:50:00,Friday,Carlton,Brisbane Lions,Docklands,N,11,8,74,15,10,100
8463,2023,7,2023-04-30 16:40:00,Sunday,Adelaide,Collingwood,Adelaide Oval,T,7,16,58,8,11,59
8462,2023,7,2023-04-30 15:20:00,Sunday,Richmond,Gold Coast,Docklands,D,6,12,48,11,6,72
8461,2023,7,2023-04-30 13:10:00,Sunday,Essendon,Geelong,M.C.G.,D,16,8,104,20,12,132
8460,2023,7,2023-04-29 19:30:00,Saturday,West Coast,Carlton,Perth Stadium,N,6,8,44,23,14,152
8459,2023,7,2023-04-29 19:25:00,Saturday,Melbourne,North Melbourne,M.C.G.,N,22,7,139,7,7,49
8458,2023,7,2023-04-29 16:35:00,Saturday,Western Bulldogs,Hawthorn,Docklands,T,14,10,94,9,11,65
8457,2023,7,2023-04-29 14:10:00,Saturday,Sydney,Greater Western Sydney,S.C.G.,D,16,10,106,17,5,107
8456,2023,7,2023-04-29 13:45:00,Saturday,Brisbane Lions,Fremantle,Gabba,D,17,13,115,10,7,67
8455,2023,7,2023-04-28 19:50:00,Friday,St Kilda,Port Adelaide,Docklands,N,11,10,76,12,11,83
8454,2023,6,2023-04-25 15:20:00,Tuesday,Collingwood,Essendon,M.C.G.,D,13,12,90,11,11,77
8453,2023,6,2023-04-24 19:20:00,Monday,Melbourne,Richmond,M.C.G.,N,15,6,96,11,12,78
8452,2023,6,2023-04-23 16:40:00,Sunday,Gold Coast,North Melbourne,Carrara,T,14,13,97,7,12,54
8451,2023,6,2023-04-23 15:20:00,Sunday,Carlton,St Kilda,Docklands,D,8,12,60,12,10,82
8450,2023,6,2023-04-23 13:10:00,Sunday,Hawthorn,Adelaide,York Park,D,11,10,76,11,13,79
8449,2023,6,2023-04-22 19:25:00,Saturday,Geelong,Sydney,Kardinia Park,N,20,10,130,5,7,37
8448,2023,6,2023-04-22 16:35:00,Saturday,Greater Western Sydney,Brisbane Lions,Manuka Oval,T,13,9,87,16,12,108
8447,2023,6,2023-04-22 13:45:00,Saturday,Port Adelaide,West Coast,Adelaide Oval,D,16,13,109,10,9,69
8446,2023,6,2023-04-21 20:10:00,Friday,Fremantle,Western Bulldogs,Perth Stadium,N,10,9,69,17,16,118
8445,2023,5,2023-04-16 16:50:00,Sunday,Collingwood,St Kilda,Adelaide Oval,T,10,10,70,9,10,64
8444,2023,5,2023-04-16 15:20:00,Sunday,Greater Western Sydney,Hawthorn,Norwood Oval,D,10,17,77,11,9,75
8443,2023,5,2023-04-16 13:10:00,Sunday,Geelong,West Coast,Adelaide Oval,D,21,10,136,13,11,89
8442,2023,5,2023-04-15 19:50:00,Saturday,Port Adelaide,Western Bulldogs,Adelaide Oval,N,10,10,70,8,8,56
8441,2023,5,2023-04-15 16:10:00,Saturday,Essendon,Melbourne,Adelaide Oval,T,15,14,104,11,11,77
8440,2023,5,2023-04-15 13:10:00,Saturday,Brisbane Lions,North Melbourne,Summit Sports Park,D,22,20,152,12,5,77
8439,2023,5,2023-04-14 20:10:00,Friday,Richmond,Sydney,Adelaide Oval,N,11,12,78,18,14,122
8438,2023,5,2023-04-14 17:10:00,Friday,Fremantle,Gold Coast,Norwood Oval,T,15,10,100,13,12,90
8437,2023,5,2023-04-13 19:40:00,Thursday,Adelaide,Carlton,Adelaide Oval,N,18,10,118,9,8,62
8436,2023,4,2023-04-10 15:20:00,Monday,Geelong,Hawthorn,M.C.G.,D,19,13,127,6,9,45
8435,2023,4,2023-04-09 17:20:00,Sunday,West Coast,Melbourne,Perth Stadium,T,9,9,63,19,12,126
8434,2023,4,2023-04-09 14:10:00,Sunday,Essendon,Greater Western Sydney,Docklands,D,11,22,88,11,9,75
8433,2023,4,2023-04-08 19:30:00,Saturday,Sydney,Port Adelaide,S.C.G.,N,9,10,64,9,12,66
8432,2023,4,2023-04-08 19:30:00,Saturday,St Kilda,Gold Coast,Docklands,N,17,11,113,8,12,60
8431,2023,4,2023-04-08 16:35:00,Saturday,Richmond,Western Bulldogs,M.C.G.,T,12,12,84,12,17,89
8430,2023,4,2023-04-08 13:45:00,Saturday,Adelaide,Fremantle,Adelaide Oval,D,17,9,111,10,12,72
8429,2023,4,2023-04-07 16:20:00,Friday,North Melbourne,Carlton,Docklands,T,11,18,84,16,11,107
8428,2023,4,2023-04-06 19:35:00,Thursday,Brisbane Lions,Collingwood,Gabba,N,18,8,116,11,17,83
8427,2023,3,2023-04-02 17:20:00,Sunday,Fremantle,West Coast,Perth Stadium,N,16,12,108,9,13,67
8426,2023,3,2023-04-02 15:20:00,Sunday,Melbourne,Sydney,M.C.G.,T,21,8,134,12,12,84
8425,2023,3,2023-04-02 14:10:00,Sunday,Gold Coast,Geelong,Carrara,D,10,13,73,7,12,54
8424,2023,3,2023-04-01 19:30:00,Saturday,Port Adelaide,Adelaide,Adelaide Oval,N,13,8,86,18,9,117
8423,2023,3,2023-04-01 19:25:00,Saturday,St Kilda,Essendon,M.C.G.,N,14,8,92,11,8,74
8422,2023,3,2023-04-01 16:35:00,Saturday,Greater Western Sydney,Carlton,Sydney Showground,T,9,10,64,9,20,74
8421,2023,3,2023-04-01 13:45:00,Saturday,Hawthorn,North Melbourne,York Park,D,11,14,80,9,7,61
8420,2023,3,2023-03-31 19:50:00,Friday,Collingwood,Richmond,M.C.G.,N,8,15,63,7,7,49
8419,2023,3,2023-03-30 19:20:00,Thursday,Western Bulldogs,Brisbane Lions,Docklands,N,10,7,67,7,11,53
8418,2023,2,2023-03-26 18:20:00,Sunday,West Coast,Greater Western Sydney,Perth Stadium,N,14,16,100,11,15,81
8417,2023,2,2023-03-26 15:20:00,Sunday,Essendon,Gold Coast,Docklands,D,16,12,108,11,14,80
8416,2023,2,2023-03-26 13:10:00,Sunday,Sydney,Hawthorn,S.C.G.,D,17,16,118,4,13,37
8415,2023,2,2023-03-25 19:30:00,Saturday,Fremantle,North Melbourne,Perth Stadium,N,10,12,72,11,7,73
8414,2023,2,2023-03-25 19:25:00,Saturday,Western Bulldogs,St Kilda,Docklands,N,5,11,41,14,8,92
8413,2023,2,2023-03-25 16:35:00,Saturday,Adelaide,Richmond,Adelaide Oval,T,10,16,76,17,6,108
8412,2023,2,2023-03-25 13:45:00,Saturday,Collingwood,Port Adelaide,M.C.G.,D,21,9,135,9,10,64
8411,2023,2,2023-03-24 19:50:00,Friday,Brisbane Lions,Melbourne,Gabba,N,14,9,93,13,4,82
8410,2023,2,2023-03-23 19:20:00,Thursday,Carlton,Geelong,M.C.G.,N,13,12,90,12,10,82
8409,2023,10,2023-05-21 16:40:00,Sunday,Greater Western Sydney,St Kilda,Sydney Showground,T,12,8,80,13,14,92
8408,2023,10,2023-05-21 15:20:00,Sunday,Carlton,Collingwood,M.C.G.,D,7,15,57,13,7,85
8407,2023,10,2023-05-21 13:10:00,Sunday,Hawthorn,West Coast,York Park,D,22,10,142,4,2,26
8406,2023,10,2023-05-20 19:40:00,Saturday,Essendon,Richmond,M.C.G.,N,10,11,71,10,10,70
8405,2023,10,2023-05-20 19:30:00,Saturday,Brisbane Lions,Gold Coast,Gabba,N,16,11,107,9,10,64
8404,2023,10,2023-05-20 16:35:00,Saturday,Fremantle,Geelong,Perth Stadium,T,16,10,106,11,11,77
8403,2023,10,2023-05-20 14:10:00,Saturday,Western Bulldogs,Adelaide,Eureka Stadium,D,11,19,85,5,10,40
8402,2023,10,2023-05-20 13:45:00,Saturday,North Melbourne,Sydney,Docklands,D,14,6,90,14,9,93
8401,2023,10,2023-05-19 19:50:00,Friday,Port Adelaide,Melbourne,Adelaide Oval,N,11,14,80,11,10,76
8309,2022,GF,2022-09-24 14:30:00,Saturday,Geelong,Sydney,M.C.G.,D,20,13,133,8,4,52
8308,2022,PF,2022-09-17 16:45:00,Saturday,Sydney,Collingwood,S.C.G.,T,14,11,95,14,10,94
8307,2022,PF,2022-09-16 19:50:00,Friday,Geelong,Brisbane Lions,M.C.G.,N,18,12,120,7,7,49
8306,2022,SF,2022-09-10 19:25:00,Saturday,Collingwood,Fremantle,M.C.G.,N,11,13,79,9,5,59
8305,2022,SF,2022-09-09 19:50:00,Friday,Melbourne,Brisbane Lions,M.C.G.,N,11,13,79,14,8,92
8304,2022,EF,2022-09-03 20:10:00,Saturday,Fremantle,Western Bulldogs,Perth Stadium,N,11,7,73,8,12,60
8303,2022,QF,2022-09-03 16:35:00,Saturday,Geelong,Collingwood,M.C.G.,T,11,12,78,10,12,72
8302,2022,QF,2022-09-02 19:50:00,Friday,Melbourne,Sydney,M.C.G.,N,10,9,69,14,7,91
8301,2022,EF,2022-09-01 19:20:00,Thursday,Brisbane Lions,Richmond,Gabba,N,16,10,106,16,8,104
8098,2022,23,2022-08-21 16:40:00,Sunday,St Kilda,Sydney,Docklands,T,11,8,74,13,10,88
8097,2022,23,2022-08-21 15:20:00,Sunday,Carlton,Collingwood,M.C.G.,D,10,14,74,11,9,75
8096,2022,23,2022-08-21 13:10:00,Sunday,Hawthorn,Western Bulldogs,York Park,D,10,4,64,12,15,87
8095,2022,23,2022-08-20 19:30:00,Saturday,Port Adelaide,Adelaide,Adelaide Oval,N,16,15,111,7,13,55
8094,2022,23,2022-08-20 19:25:00,Saturday,Essendon,Richmond,M.C.G.,N,11,9,75,21,15,141
8093,2022,23,2022-08-20 16:35:00,Saturday,Geelong,West Coast,Kardinia Park,T,19,17,131,7,4,46
8092,2022,23,2022-08-20 14:10:00,Saturday,North Melbourne,Gold Coast,Docklands,D,6,11,47,16,18,114
8091,2022,23,2022-08-20 13:45:00,Saturday,Greater Western Sydney,Fremantle,Manuka Oval,D,10,9,69,13,11,89
8090,2022,23,2022-08-19 19:50:00,Friday,Brisbane Lions,Melbourne,Gabba,N,8,9,57,18,7,115
8089,2022,22,2022-08-14 16:40:00,Sunday,Essendon,Port Adelaide,Docklands,T,9,8,62,23,8,146
8088,2022,22,2022-08-14 15:20:00,Sunday,Sydney,Collingwood,S.C.G.,D,11,11,77,7,8,50
8087,2022,22,2022-08-14 13:10:00,Sunday,Richmond,Hawthorn,M.C.G.,D,20,8,128,9,13,67
8086,2022,22,2022-08-13 19:40:00,Saturday,Fremantle,West Coast,Perth Stadium,N,9,17,71,7,5,47
8085,2022,22,2022-08-13 19:25:00,Saturday,Melbourne,Carlton,M.C.G.,N,11,13,79,10,14,74
8084,2022,22,2022-08-13 16:35:00,Saturday,Gold Coast,Geelong,Carrara,T,9,5,59,18,11,119
8083,2022,22,2022-08-13 14:10:00,Saturday,Adelaide,North Melbourne,Adelaide Oval,D,15,13,103,10,14,74
8082,2022,22,2022-08-13 13:45:00,Saturday,Western Bulldogs,Greater Western Sydney,Docklands,D,9,8,62,8,9,57
8081,2022,22,2022-08-12 19:50:00,Friday,St Kilda,Brisbane Lions,Docklands,N,9,12,66,12,9,81
8080,2022,21,2022-08-07 16:10:00,Sunday,West Coast,Adelaide,Perth Stadium,T,13,8,86,16,6,102
8079,2022,21,2022-08-07 15:20:00,Sunday,Brisbane Lions,Carlton,Gabba,D,17,12,114,12,9,81
8078,2022,21,2022-08-07 13:10:00,Sunday,North Melbourne,Sydney,Docklands,D,13,10,88,18,18,126
8077,2022,21,2022-08-06 19:40:00,Saturday,Port Adelaide,Richmond,Adelaide Oval,N,10,11,71,16,13,109
8076,2022,21,2022-08-06 19:25:00,Saturday,Geelong,St Kilda,Kardinia Park,N,17,8,110,10,5,65
8075,2022,21,2022-08-06 16:35:00,Saturday,Western Bulldogs,Fremantle,Docklands,T,11,12,78,14,11,95
8074,2022,21,2022-08-06 14:10:00,Saturday,Greater Western Sydney,Essendon,Sydney Showground,D,14,12,96,10,9,69
8073,2022,21,2022-08-06 13:45:00,Saturday,Hawthorn,Gold Coast,York Park,D,10,10,70,8,15,63
8072,2022,21,2022-08-05 19:50:00,Friday,Melbourne,Collingwood,M.C.G.,N,13,11,89,15,6,96
8071,2022,20,2022-07-31 16:40:00,Sunday,Essendon,North Melbourne,Docklands,T,17,12,114,9,12,66
8070,2022,20,2022-07-31 15:20:00,Sunday,Richmond,Brisbane Lions,M.C.G.,D,15,14,104,14,13,97
8069,2022,20,2022-07-31 13:10:00,Sunday,Gold Coast,West Coast,Carrara,D,16,11,107,16,8,104
8068,2022,20,2022-07-30 19:30:00,Saturday,Adelaide,Carlton,Adelaide Oval,N,12,12,84,8,7,55
8067,2022,20,2022-07-30 19:25:00,Saturday,Geelong,Western Bulldogs,Kardinia Park,N,14,10,94,9,12,66
8066,2022,20,2022-07-30 16:35:00,Saturday,St Kilda,Hawthorn,Docklands,T,10,15,75,9,9,63
8065,2022,20,2022-07-30 14:10:00,Saturday,Sydney,Greater Western Sydney,S.C.G.,D,17,10,112,5,9,39
8064,2022,20,2022-07-30 13:45:00,Saturday,Collingwood,Port Adelaide,M.C.G.,D,13,10,88,12,10,82
8063,2022,20,2022-07-29 20:10:00,Friday,Fremantle,Melbourne,Perth Stadium,N,5,9,39,12,13,85
8062,2022,19,2022-07-24 16:40:00,Sunday,West Coast,St Kilda,Perth Stadium,T,10,2,62,14,6,90
8061,2022,19,2022-07-24 15:20:00,Sunday,Collingwood,Essendon,M.C.G.,D,12,8,80,11,10,76
8060,2022,19,2022-07-24 13:10:00,Sunday,Carlton,Greater Western Sydney,Docklands,D,13,12,90,8,6,54
8059,2022,19,2022-07-23 19:25:00,Saturday,Western Bulldogs,Melbourne,Docklands,N,17,8,110,15,10,100
8058,2022,19,2022-07-23 19:10:00,Saturday,Brisbane Lions,Gold Coast,Gabba,N,16,14,110,14,9,93
8057,2022,19,2022-07-23 16:35:00,Saturday,Port Adelaide,Geelong,Adelaide Oval,T,14,10,94,16,10,106
8056,2022,19,2022-07-23 13:45:00,Saturday,Sydney,Adelaide,S.C.G.,D,17,16,118,12,13,85
8055,2022,19,2022-07-23 13:45:00,Saturday,North Melbourne,Hawthorn,Bellerive Oval,D,11,9,75,19,7,121
8054,2022,19,2022-07-22 19:50:00,Friday,Richmond,Fremantle,Docklands,N,7,10,52,7,10,52
8053,2022,18,2022-07-17 16:40:00,Sunday,Essendon,Gold Coast,Docklands,T,14,19,103,8,7,55
8052,2022,18,2022-07-17 15:20:00,Sunday,Melbourne,Port Adelaide,Traeger Park,D,12,11,83,10,9,69
8051,2022,18,2022-07-17 13:10:00,Sunday,Hawthorn,West Coast,M.C.G.,D,15,12,102,12,5,77
8050,2022,18,2022-07-16 19:30:00,Saturday,Fremantle,Sydney,Perth Stadium,N,9,11,65,11,16,82
8049,2022,18,2022-07-16 19:25:00,Saturday,Carlton,Geelong,M.C.G.,N,8,7,55,12,13,85
8048,2022,18,2022-07-16 16:35:00,Saturday,North Melbourne,Richmond,Docklands,T,14,8,92,11,22,88
8047,2022,18,2022-07-16 13:45:00,Saturday,Greater Western Sydney,Brisbane Lions,Manuka Oval,D,9,5,59,15,9,99
8046,2022,18,2022-07-16 13:45:00,Saturday,Adelaide,Collingwood,Adelaide Oval,D,13,8,86,14,7,91
8045,2022,18,2022-07-15 19:50:00,Friday,Western Bulldogs,St Kilda,Docklands,N,13,6,84,7,14,56
8044,2022,17,2022-07-10 16:40:00,Sunday,West Coast,Carlton,Perth Stadium,T,8,5,53,17,14,116
8043,2022,17,2022-07-10 15:20:00,Sunday,Hawthorn,Adelaide,Docklands,D,13,8,86,8,6,54
8042,2022,17,2022-07-10 13:10:00,Sunday,Brisbane Lions,Essendon,Gabba,D,13,12,90,15,10,100
8041,2022,17,2022-07-09 19:30:00,Saturday,Port Adelaide,Greater Western Sydney,Adelaide Oval,N,12,12,84,3,11,29
8040,2022,17,2022-07-09 19:25:00,Saturday,St Kilda,Fremantle,Docklands,N,10,10,70,17,9,111
8039,2022,17,2022-07-09 16:35:00,Saturday,Gold Coast,Richmond,Carrara,T,14,10,94,13,14,92
8038,2022,17,2022-07-09 13:45:00,Saturday,Collingwood,North Melbourne,M.C.G.,D,13,10,88,12,9,81
8037,2022,17,2022-07-08 19:50:00,Friday,Sydney,Western Bulldogs,S.C.G.,N,17,18,120,9,13,67
8036,2022,17,2022-07-07 19:20:00,Thursday,Geelong,Melbourne,Kardinia Park,N,12,19,91,9,9,63
8035,2022,16,2022-07-03 17:20:00,Sunday,Fremantle,Port Adelaide,Perth Stadium,T,15,9,99,14,7,91
8034,2022,16,2022-07-03 15:20:00,Sunday,Greater Western Sydney,Hawthorn,Sydney Showground,D,11,6,72,7,8,50
8033,2022,16,2022-07-03 14:10:00,Sunday,Richmond,West Coast,M.C.G.,D,20,8,128,13,15,93
8032,2022,16,2022-07-02 19:25:00,Saturday,Gold Coast,Collingwood,Carrara,N,8,14,62,9,13,67
8031,2022,16,2022-07-02 19:25:00,Saturday,Geelong,North Melbourne,Kardinia Park,N,21,18,144,5,2,32
8030,2022,16,2022-07-02 16:35:00,Saturday,Adelaide,Melbourne,Adelaide Oval,T,10,5,65,14,10,94
8029,2022,16,2022-07-02 13:45:00,Saturday,Essendon,Sydney,M.C.G.,D,15,5,95,12,14,86
8028,2022,16,2022-07-01 19:50:00,Friday,Carlton,St Kilda,Docklands,N,10,18,78,14,9,93
8027,2022,16,2022-06-30 19:20:00,Thursday,Brisbane Lions,Western Bulldogs,Gabba,N,16,12,108,9,13,67
8026,2022,15,2022-06-26 16:10:00,Sunday,Port Adelaide,Gold Coast,Adelaide Oval,T,13,15,93,13,13,91
8025,2022,15,2022-06-26 15:20:00,Sunday,Collingwood,Greater Western Sydney,M.C.G.,D,11,22,88,12,5,77
8024,2022,15,2022-06-26 13:10:00,Sunday,North Melbourne,Adelaide,Bellerive Oval,D,8,10,58,17,13,115
8023,2022,15,2022-06-25 19:25:00,Saturday,Sydney,St Kilda,S.C.G.,N,12,11,83,4,8,32
8022,2022,15,2022-06-25 16:35:00,Saturday,Geelong,Richmond,M.C.G.,T,13,11,89,13,8,86
8021,2022,15,2022-06-25 13:45:00,Saturday,Carlton,Fremantle,Docklands,D,12,9,81,7,8,50
8020,2022,15,2022-06-24 20:40:00,Friday,West Coast,Essendon,Perth Stadium,N,16,11,107,14,13,97
8019,2022,15,2022-06-24 19:00:00,Friday,Western Bulldogs,Hawthorn,Docklands,N,19,11,125,12,11,83
8018,2022,15,2022-06-23 19:20:00,Thursday,Melbourne,Brisbane Lions,M.C.G.,N,16,21,117,7,11,53
8017,2022,14,2022-06-19 15:20:00,Sunday,Gold Coast,Adelaide,Carrara,D,18,8,116,10,13,73
8016,2022,14,2022-06-18 19:25:00,Saturday,Greater Western Sydney,Western Bulldogs,Sydney Showground,N,16,9,105,19,11,125
8015,2022,14,2022-06-18 16:35:00,Saturday,West Coast,Geelong,Perth Stadium,T,9,9,63,12,9,81
8014,2022,14,2022-06-18 13:45:00,Saturday,Port Adelaide,Sydney,Adelaide Oval,D,12,10,82,8,11,59
8013,2022,14,2022-06-17 19:55:00,Friday,St Kilda,Essendon,Docklands,N,11,6,72,15,17,107
8012,2022,14,2022-06-16 19:20:00,Thursday,Richmond,Carlton,M.C.G.,N,11,15,81,9,12,66
8011,2022,13,2022-06-13 15:20:00,Monday,Collingwood,Melbourne,M.C.G.,D,12,10,82,8,8,56
8010,2022,13,2022-06-12 15:20:00,Sunday,North Melbourne,Greater Western Sydney,Docklands,D,7,11,53,15,12,102
8009,2022,13,2022-06-11 19:25:00,Saturday,Brisbane Lions,St Kilda,Gabba,N,10,18,78,8,9,57
8008,2022,13,2022-06-11 16:10:00,Saturday,Fremantle,Hawthorn,Perth Stadium,T,14,11,95,12,10,82
8007,2022,13,2022-06-10 19:50:00,Friday,Essendon,Carlton,M.C.G.,N,7,12,54,12,8,80
8006,2022,13,2022-06-09 19:20:00,Thursday,Richmond,Port Adelaide,M.C.G.,N,11,11,77,10,5,65
8005,2022,12,2022-06-05 17:20:00,Sunday,Fremantle,Brisbane Lions,Perth Stadium,T,15,9,99,13,7,85
8004,2022,12,2022-06-05 14:10:00,Sunday,Hawthorn,Collingwood,M.C.G.,D,10,8,68,10,12,72
8003,2022,12,2022-06-04 19:25:00,Saturday,Melbourne,Sydney,M.C.G.,N,9,7,61,10,13,73
8002,2022,12,2022-06-04 16:35:00,Saturday,Gold Coast,North Melbourne,Marrara Oval,T,15,19,109,7,5,47
8001,2022,12,2022-06-04 13:45:00,Saturday,Adelaide,West Coast,Adelaide Oval,D,13,10,88,8,9,57
8000,2022,12,2022-06-03 19:50:00,Friday,Western Bulldogs,Geelong,Docklands,N,10,10,70,12,11,83
7999,2022,11,2022-05-29 16:40:00,Sunday,Port Adelaide,Essendon,Adelaide Oval,T,9,12,66,6,14,50
7998,2022,11,2022-05-29 15:20:00,Sunday,Collingwood,Carlton,M.C.G.,D,11,13,79,11,9,75
7997,2022,11,2022-05-29 13:10:00,Sunday,St Kilda,North Melbourne,Docklands,D,16,7,103,7,8,50
7996,2022,11,2022-05-28 19:40:00,Saturday,Gold Coast,Hawthorn,Marrara Oval,N,18,13,121,7,12,54
7995,2022,11,2022-05-28 19:30:00,Saturday,West Coast,Western Bulldogs,Perth Stadium,N,9,6,60,25,11,161
7994,2022,11,2022-05-28 16:35:00,Saturday,Melbourne,Fremantle,M.C.G.,T,7,14,56,14,10,94
7993,2022,11,2022-05-28 13:45:00,Saturday,Geelong,Adelaide,Kardinia Park,D,15,7,97,7,13,55
7992,2022,11,2022-05-28 13:45:00,Saturday,Brisbane Lions,Greater Western Sydney,Gabba,D,16,14,110,15,6,96
7991,2022,11,2022-05-27 19:50:00,Friday,Sydney,Richmond,S.C.G.,N,16,10,106,15,10,100
7990,2022,10,2022-05-22 17:20:00,Sunday,Fremantle,Collingwood,Perth Stadium,T,6,8,44,12,8,80
7989,2022,10,2022-05-22 15:20:00,Sunday,Hawthorn,Brisbane Lions,York Park,D,18,9,117,17,10,112
7988,2022,10,2022-05-22 14:10:00,Sunday,Greater Western Sydney,West Coast,Sydney Showground,D,21,12,138,13,8,86
7987,2022,10,2022-05-21 19:30:00,Saturday,Richmond,Essendon,M.C.G.,N,11,14,80,7,6,48
7986,2022,10,2022-05-21 19:30:00,Saturday,Adelaide,St Kilda,Adelaide Oval,N,9,15,69,14,6,90
7985,2022,10,2022-05-21 16:35:00,Saturday,North Melbourne,Melbourne,Docklands,T,8,5,53,14,16,100
7984,2022,10,2022-05-21 13:45:00,Saturday,Western Bulldogs,Gold Coast,Eureka Stadium,D,15,16,106,13,9,87
7983,2022,10,2022-05-21 13:45:00,Saturday,Geelong,Port Adelaide,Kardinia Park,D,11,16,82,7,5,47
7982,2022,10,2022-05-20 19:50:00,Friday,Carlton,Sydney,Docklands,N,15,12,102,13,9,87
7981,2022,9,2022-05-15 17:20:00,Sunday,West Coast,Melbourne,Perth Stadium,D,5,8,38,16,16,112
7980,2022,9,2022-05-15 15:20:00,Sunday,Greater Western Sydney,Carlton,Sydney Showground,D,11,9,75,15,15,105
7979,2022,9,2022-05-15 13:40:00,Sunday,Gold Coast,Fremantle,Carrara,D,10,9,69,4,9,33
7978,2022,9,2022-05-14 19:40:00,Saturday,Adelaide,Brisbane Lions,Adelaide Oval,N,9,12,66,16,6,102
7977,2022,9,2022-05-14 19:25:00,Saturday,Sydney,Essendon,S.C.G.,N,14,21,105,6,11,47
7976,2022,9,2022-05-14 16:35:00,Saturday,St Kilda,Geelong,Docklands,T,13,12,90,11,14,80
7975,2022,9,2022-05-14 14:10:00,Saturday,North Melbourne,Port Adelaide,Bellerive Oval,D,6,10,46,17,13,115
7974,2022,9,2022-05-14 13:45:00,Saturday,Hawthorn,Richmond,M.C.G.,D,14,10,94,17,15,117
7973,2022,9,2022-05-13 19:50:00,Friday,Collingwood,Western Bulldogs,Docklands,N,7,9,51,14,15,99
7972,2022,8,2022-05-08 16:40:00,Sunday,Carlton,Adelaide,Docklands,T,17,14,116,10,8,68
7971,2022,8,2022-05-08 13:10:00,Sunday,Melbourne,St Kilda,M.C.G.,D,14,9,93,8,7,55
7970,2022,8,2022-05-07 19:25:00,Saturday,Brisbane Lions,West Coast,Gabba,N,16,9,105,4,6,30
7969,2022,8,2022-05-07 19:25:00,Saturday,Essendon,Hawthorn,Docklands,N,16,12,108,11,15,81
7968,2022,8,2022-05-07 16:35:00,Saturday,Greater Western Sydney,Geelong,Manuka Oval,T,4,11,35,12,16,88
7967,2022,8,2022-05-07 13:45:00,Saturday,Sydney,Gold Coast,S.C.G.,D,8,13,61,10,15,75
7966,2022,8,2022-05-07 13:45:00,Saturday,Richmond,Collingwood,M.C.G.,D,17,11,113,12,14,86
7965,2022,8,2022-05-06 20:40:00,Friday,Fremantle,North Melbourne,Perth Stadium,N,15,12,102,3,6,24
7964,2022,8,2022-05-06 19:30:00,Friday,Port Adelaide,Western Bulldogs,Adelaide Oval,N,12,14,86,10,9,69
7963,2022,7,2022-05-01 16:40:00,Sunday,Sydney,Brisbane Lions,S.C.G.,T,13,11,89,17,11,113
7962,2022,7,2022-05-01 15:20:00,Sunday,Western Bulldogs,Essendon,Docklands,D,16,7,103,10,11,71
7961,2022,7,2022-05-01 13:10:00,Sunday,Collingwood,Gold Coast,M.C.G.,D,17,13,115,14,6,90
7960,2022,7,2022-04-30 19:25:00,Saturday,Carlton,North Melbourne,Docklands,N,17,12,114,10,4,64
7959,2022,7,2022-04-30 19:25:00,Saturday,St Kilda,Port Adelaide,Cazaly's Stadium,N,4,18,42,5,13,43
7958,2022,7,2022-04-30 16:35:00,Saturday,Melbourne,Hawthorn,M.C.G.,T,13,13,91,11,15,81
7957,2022,7,2022-04-30 14:10:00,Saturday,Adelaide,Greater Western Sydney,Adelaide Oval,D,8,6,54,17,11,113
7956,2022,7,2022-04-30 13:45:00,Saturday,Geelong,Fremantle,Kardinia Park,D,10,6,66,10,9,69
7955,2022,7,2022-04-29 20:10:00,Friday,West Coast,Richmond,Perth Stadium,N,8,8,56,25,15,165
7954,2022,6,2022-04-25 15:20:00,Monday,Essendon,Collingwood,M.C.G.,D,12,10,82,15,3,93
7953,2022,6,2022-04-25 12:30:00,Monday,Hawthorn,Sydney,York Park,D,10,8,68,16,13,109
7952,2022,6,2022-04-24 19:25:00,Sunday,Richmond,Melbourne,M.C.G.,N,8,6,54,9,22,76
7951,2022,6,2022-04-24 16:10:00,Sunday,Gold Coast,Brisbane Lions,Carrara,T,11,14,80,21,6,132
7950,2022,6,2022-04-24 13:10:00,Sunday,North Melbourne,Geelong,Bellerive Oval,D,9,7,61,17,19,121
7949,2022,6,2022-04-23 19:40:00,Saturday,Fremantle,Carlton,Perth Stadium,T,14,13,97,9,8,62
7948,2022,6,2022-04-23 16:35:00,Saturday,Port Adelaide,West Coast,Adelaide Oval,T,18,9,117,4,9,33
7947,2022,6,2022-04-23 13:45:00,Saturday,Western Bulldogs,Adelaide,Eureka Stadium,D,9,8,62,8,15,63
7946,2022,6,2022-04-22 19:50:00,Friday,Greater Western Sydney,St Kilda,Manuka Oval,N,8,12,60,10,17,77
7945,2022,5,2022-04-18 15:20:00,Monday,Hawthorn,Geelong,M.C.G.,D,14,8,92,11,14,80
7944,2022,5,2022-04-17 16:40:00,Sunday,Essendon,Fremantle,Docklands,T,8,11,59,16,11,107
7943,2022,5,2022-04-17 13:40:00,Sunday,Carlton,Port Adelaide,M.C.G.,D,14,10,94,13,13,91
7942,2022,5,2022-04-16 19:25:00,Saturday,Melbourne,Greater Western Sydney,M.C.G.,N,19,6,120,7,11,53
7941,2022,5,2022-04-16 16:35:00,Saturday,Adelaide,Richmond,Adelaide Oval,T,15,11,101,12,10,82
7940,2022,5,2022-04-16 13:45:00,Saturday,St Kilda,Gold Coast,Docklands,D,13,9,87,9,7,61
7939,2022,5,2022-04-15 19:40:00,Friday,West Coast,Sydney,Perth Stadium,T,9,4,58,18,13,121
7938,2022,5,2022-04-15 16:20:00,Friday,North Melbourne,Western Bulldogs,Docklands,T,11,5,71,21,13,139
7937,2022,5,2022-04-14 19:35:00,Thursday,Brisbane Lions,Collingwood,Gabba,N,15,8,98,14,7,91
7936,2022,4,2022-04-10 16:10:00,Sunday,Gold Coast,Carlton,Carrara,T,13,14,92,8,14,62
7935,2022,4,2022-04-10 15:20:00,Sunday,Hawthorn,St Kilda,M.C.G.,D,10,13,73,22,10,142
7934,2022,4,2022-04-10 13:10:00,Sunday,Essendon,Adelaide,Docklands,D,15,13,103,15,9,99
7933,2022,4,2022-04-09 19:25:00,Saturday,Fremantle,Greater Western Sydney,Perth Stadium,T,13,10,88,8,6,54
7932,2022,4,2022-04-09 19:25:00,Saturday,Richmond,Western Bulldogs,M.C.G.,N,15,9,99,7,19,61
7931,2022,4,2022-04-09 16:35:00,Saturday,Collingwood,West Coast,Docklands,T,10,14,74,14,3,87
7930,2022,4,2022-04-09 14:40:00,Saturday,Sydney,North Melbourne,S.C.G.,D,13,8,86,12,3,75
7929,2022,4,2022-04-08 19:50:00,Friday,Geelong,Brisbane Lions,Kardinia Park,N,11,14,80,11,4,70
7928,2022,4,2022-04-07 19:40:00,Thursday,Port Adelaide,Melbourne,Adelaide Oval,N,4,12,36,10,8,68
7927,2022,3,2022-04-03 18:20:00,Sunday,West Coast,Fremantle,Perth Stadium,T,7,5,47,15,12,102
7926,2022,3,2022-04-03 15:20:00,Sunday,St Kilda,Richmond,Docklands,D,18,9,117,13,6,84
7925,2022,3,2022-04-03 13:10:00,Sunday,Carlton,Hawthorn,M.C.G.,D,11,8,74,11,7,73
7924,2022,3,2022-04-02 20:00:00,Saturday,Brisbane Lions,North Melbourne,Gabba,N,23,18,156,7,6,48
7923,2022,3,2022-04-02 19:25:00,Saturday,Collingwood,Geelong,M.C.G.,N,13,13,91,16,8,104
7922,2022,3,2022-04-02 16:35:00,Saturday,Greater Western Sydney,Gold Coast,Sydney Showground,T,12,11,83,8,9,57
7921,2022,3,2022-04-01 20:20:00,Friday,Adelaide,Port Adelaide,Adelaide Oval,N,15,6,96,13,14,92
7920,2022,3,2022-04-01 19:20:00,Friday,Melbourne,Essendon,M.C.G.,N,14,15,99,10,10,70
7919,2022,3,2022-03-31 19:20:00,Thursday,Western Bulldogs,Sydney,Docklands,N,9,17,71,9,6,60
7918,2022,2,2022-03-27 18:20:00,Sunday,Fremantle,St Kilda,Perth Stadium,D,8,7,55,9,11,65
7917,2022,2,2022-03-27 15:20:00,Sunday,Richmond,Greater Western Sydney,M.C.G.,D,16,13,109,10,13,73
7916,2022,2,2022-03-27 13:10:00,Sunday,North Melbourne,West Coast,Docklands,D,10,14,74,8,11,59
7915,2022,2,2022-03-26 20:00:00,Saturday,Gold Coast,Melbourne,Carrara,N,10,9,69,12,10,82
7914,2022,2,2022-03-26 19:40:00,Saturday,Port Adelaide,Hawthorn,Adelaide Oval,N,7,14,56,19,6,120
7913,2022,2,2022-03-26 16:35:00,Saturday,Essendon,Brisbane Lions,Docklands,T,10,15,75,15,7,97
7912,2022,2,2022-03-26 13:45:00,Saturday,Collingwood,Adelaide,M.C.G.,D,15,10,100,8,10,58
7911,2022,2,2022-03-25 19:50:00,Friday,Sydney,Geelong,S.C.G.,N,17,5,107,10,17,77
7910,2022,2,2022-03-24 19:20:00,Thursday,Western Bulldogs,Carlton,Docklands,N,13,12,90,16,6,102
7909,2022,1,2022-03-20 19:40:00,Sunday,West Coast,Gold Coast,Perth Stadium,T,12,8,80,16,11,107
7908,2022,1,2022-03-20 16:10:00,Sunday,Adelaide,Fremantle,Adelaide Oval,D,12,10,82,11,17,83
7907,2022,1,2022-03-20 13:10:00,Sunday,Hawthorn,North Melbourne,M.C.G.,D,11,12,78,8,10,58
7906,2022,1,2022-03-19 20:10:00,Saturday,Brisbane Lions,Port Adelaide,Gabba,N,11,14,80,10,9,69
7905,2022,1,2022-03-19 17:10:00,Saturday,Greater Western Sydney,Sydney,Stadium Australia,T,13,14,92,17,10,112
7904,2022,1,2022-03-19 14:10:00,Saturday,Geelong,Essendon,M.C.G.,D,20,18,138,11,6,72
7903,2022,1,2022-03-18 19:50:00,Friday,St Kilda,Collingwood,Docklands,N,12,13,85,15,12,102
7902,2022,1,2022-03-17 19:25:00,Thursday,Carlton,Richmond,M.C.G.,N,14,17,101,11,10,76
7901,2022,1,2022-03-16 19:10:00,Wednesday,Melbourne,Western Bulldogs,M.C.G.,N,14,13,97,11,5,71
7809,2021,GF,2021-09-25 19:15:00,Saturday,Melbourne,Western Bulldogs,Perth Stadium,T,21,14,140,10,6,66
7808,2021,PF,2021-09-11 19:40:00,Saturday,Port Adelaide,Western Bulldogs,Adelaide Oval,N,6,9,45,17,14,116
7807,2021,PF,2021-09-10 19:50:00,Friday,Melbourne,Geelong,Perth Stadium,N,19,11,125,6,6,42
7806,2021,SF,2021-09-04 19:20:00,Saturday,Brisbane Lions,Western Bulldogs,Gabba,N,11,12,78,11,13,79
7805,2021,SF,2021-09-03 19:50:00,Friday,Geelong,Greater Western Sydney,Perth Stadium,N,15,13,103,10,8,68
7804,2021,EF,2021-08-29 15:20:00,Sunday,Western Bulldogs,Essendon,York Park,D,13,7,85,4,12,36
7803,2021,QF,2021-08-28 19:30:00,Saturday,Melbourne,Brisbane Lions,Adelaide Oval,N,13,15,93,9,6,60
7802,2021,EF,2021-08-28 15:20:00,Saturday,Sydney,Greater Western Sydney,York Park,D,10,13,73,11,8,74
7801,2021,QF,2021-08-27 19:50:00,Friday,Port Adelaide,Geelong,Adelaide Oval,N,12,14,86,5,13,43
7798,2021,23,2021-08-22 16:40:00,Sunday,Adelaide,North Melbourne,Adelaide Oval,T,13,20,98,8,6,54
7797,2021,23,2021-08-22 15:20:00,Sunday,Essendon,Collingwood,M.C.G.,D,16,6,102,9,10,64
7796,2021,23,2021-08-22 12:15:00,Sunday,St Kilda,Fremantle,Bellerive Oval,D,17,5,107,6,13,49
7795,2021,23,2021-08-21 19:40:00,Saturday,Carlton,Greater Western Sydney,Docklands,N,11,9,75,12,17,89
7794,2021,23,2021-08-21 19:25:00,Saturday,Geelong,Melbourne,Kardinia Park,N,12,5,77,12,9,81
7793,2021,23,2021-08-21 16:35:00,Saturday,Brisbane Lions,West Coast,Gabba,T,19,11,125,13,9,87
7792,2021,23,2021-08-21 13:45:00,Saturday,Sydney,Gold Coast,Docklands,D,21,10,136,6,13,49
7791,2021,23,2021-08-21 13:35:00,Saturday,Richmond,Hawthorn,M.C.G.,D,12,11,83,12,11,83
7790,2021,23,2021-08-20 19:50:00,Friday,Western Bulldogs,Port Adelaide,Docklands,N,10,4,64,9,12,66
7789,2021,22,2021-08-15 17:10:00,Sunday,Fremantle,West Coast,Perth Stadium,T,12,7,79,9,10,64
7788,2021,22,2021-08-15 15:20:00,Sunday,Gold Coast,Essendon,Kardinia Park,D,4,6,30,14,14,98
7787,2021,22,2021-08-15 14:10:00,Sunday,Melbourne,Adelaide,M.C.G.,D,16,8,104,9,9,63
7786,2021,22,2021-08-14 19:40:00,Saturday,North Melbourne,Sydney,Docklands,N,12,5,77,13,13,91
7785,2021,22,2021-08-14 19:25:00,Saturday,Brisbane Lions,Collingwood,Gabba,N,22,10,142,8,9,57
7784,2021,22,2021-08-14 16:35:00,Saturday,Port Adelaide,Carlton,Adelaide Oval,T,21,14,140,5,15,45
7783,2021,22,2021-08-14 16:35:00,Saturday,Geelong,St Kilda,Kardinia Park,T,13,7,85,11,5,71
7782,2021,22,2021-08-14 13:45:00,Saturday,Hawthorn,Western Bulldogs,York Park,D,9,10,64,5,7,37
7781,2021,22,2021-08-13 19:50:00,Friday,Greater Western Sydney,Richmond,Docklands,N,16,10,106,10,7,67
7780,2021,21,2021-08-09 20:10:00,Monday,West Coast,Melbourne,Perth Stadium,N,9,9,63,10,12,72
7779,2021,21,2021-08-08 17:10:00,Sunday,Fremantle,Brisbane Lions,Perth Stadium,D,8,6,54,18,10,118
7778,2021,21,2021-08-08 15:20:00,Sunday,Western Bulldogs,Essendon,Docklands,D,12,12,84,15,7,97
7777,2021,21,2021-08-08 14:10:00,Sunday,Hawthorn,Collingwood,York Park,D,15,7,97,12,6,78
7776,2021,21,2021-08-07 19:40:00,Saturday,St Kilda,Sydney,Docklands,N,14,9,93,10,4,64
7775,2021,21,2021-08-07 19:40:00,Saturday,Adelaide,Port Adelaide,Adelaide Oval,N,7,9,51,7,13,55
7774,2021,21,2021-08-07 16:35:00,Saturday,Richmond,North Melbourne,M.C.G.,T,13,11,89,8,8,56
7773,2021,21,2021-08-07 13:45:00,Saturday,Carlton,Gold Coast,Docklands,D,8,9,57,11,10,76
7772,2021,21,2021-08-06 19:50:00,Friday,Geelong,Greater Western Sydney,Kardinia Park,N,8,17,65,13,6,84
7771,2021,20,2021-08-01 17:10:00,Sunday,Fremantle,Richmond,Perth Stadium,D,7,13,55,6,15,51
7770,2021,20,2021-08-01 18:10:00,Sunday,Greater Western Sydney,Port Adelaide,Docklands,D,11,7,73,15,10,100
7769,2021,20,2021-08-01 14:10:00,Sunday,Hawthorn,Brisbane Lions,York Park,D,14,8,92,12,8,80
7768,2021,20,2021-08-01 15:10:00,Sunday,Essendon,Sydney,M.C.G.,N,16,6,102,17,7,109
7767,2021,20,2021-07-31 16:15:00,Saturday,Collingwood,West Coast,M.C.G.,T,14,6,90,6,9,45
7766,2021,20,2021-08-01 12:10:00,Sunday,Gold Coast,Melbourne,Docklands,D,4,6,30,18,20,128
7765,2021,20,2021-07-31 13:15:00,Saturday,North Melbourne,Geelong,Bellerive Oval,D,6,6,42,8,14,62
7764,2021,20,2021-07-31 12:20:00,Saturday,Western Bulldogs,Adelaide,Eureka Stadium,D,15,15,105,8,8,56
7763,2021,20,2021-07-30 19:50:00,Friday,St Kilda,Carlton,Docklands,N,12,9,81,18,4,112
7762,2021,19,2021-07-25 18:10:00,Sunday,Essendon,Greater Western Sydney,Carrara,N,7,11,53,9,12,66
7761,2021,19,2021-07-25 15:20:00,Sunday,Geelong,Richmond,M.C.G.,D,15,5,95,8,9,57
7760,2021,19,2021-07-25 12:30:00,Sunday,Sydney,Fremantle,Carrara,D,14,14,98,8,10,58
7759,2021,19,2021-07-24 19:25:00,Saturday,Melbourne,Western Bulldogs,M.C.G.,N,9,11,65,13,7,85
7758,2021,19,2021-07-24 19:40:00,Saturday,Adelaide,Hawthorn,Docklands,N,16,6,102,13,5,83
7757,2021,19,2021-07-24 16:35:00,Saturday,West Coast,St Kilda,Perth Stadium,D,14,10,94,13,8,86
7756,2021,19,2021-07-24 15:10:00,Saturday,Brisbane Lions,Gold Coast,Gabba,D,17,18,120,10,11,71
7755,2021,19,2021-07-24 13:45:00,Saturday,Carlton,North Melbourne,Docklands,D,11,11,77,18,8,116
7754,2021,19,2021-07-23 19:10:00,Friday,Port Adelaide,Collingwood,Docklands,D,14,13,97,10,9,69
7753,2021,18,2021-07-15 20:10:00,Thursday,Fremantle,Geelong,Perth Stadium,N,3,13,31,14,16,100
7752,2021,18,2021-07-18 16:40:00,Sunday,Adelaide,West Coast,Adelaide Oval,T,8,8,56,14,14,98
7751,2021,18,2021-07-17 13:45:00,Saturday,St Kilda,Port Adelaide,Docklands,D,8,13,61,10,14,74
7750,2021,18,2021-07-16 20:05:00,Friday,Richmond,Brisbane Lions,Carrara,N,16,10,106,13,8,86
7749,2021,18,2021-07-18 12:35:00,Sunday,North Melbourne,Essendon,Carrara,D,11,8,74,13,14,92
7748,2021,18,2021-07-17 19:25:00,Saturday,Melbourne,Hawthorn,M.C.G.,N,11,13,79,12,7,79
7747,2021,18,2021-07-18 18:10:00,Sunday,Greater Western Sydney,Sydney,Carrara,N,11,6,72,15,8,98
7746,2021,18,2021-07-17 16:35:00,Saturday,Gold Coast,Western Bulldogs,Carrara,T,11,13,79,14,6,90
7745,2021,18,2021-07-18 15:20:00,Sunday,Collingwood,Carlton,M.C.G.,D,9,8,62,13,13,91
7744,2021,17,2021-07-12 19:40:00,Monday,West Coast,North Melbourne,Perth Stadium,N,8,12,60,10,10,70
7743,2021,17,2021-07-11 16:10:00,Sunday,Richmond,Collingwood,M.C.G.,T,11,5,71,13,9,87
7742,2021,17,2021-07-11 15:20:00,Sunday,Western Bulldogs,Sydney,Docklands,D,8,12,60,11,13,79
7741,2021,17,2021-07-11 12:40:00,Sunday,Greater Western Sydney,Gold Coast,Eureka Stadium,D,9,10,64,10,5,65
7740,2021,17,2021-07-10 19:25:00,Saturday,Brisbane Lions,St Kilda,Carrara,N,8,15,63,14,11,95
7739,2021,17,2021-07-10 16:35:00,Saturday,Carlton,Geelong,M.C.G.,T,5,14,44,10,10,70
7738,2021,17,2021-07-10 13:45:00,Saturday,Hawthorn,Fremantle,York Park,D,6,10,46,16,12,108
7737,2021,17,2021-07-09 19:50:00,Friday,Essendon,Adelaide,Docklands,N,11,18,84,2,9,21
7736,2021,17,2021-07-08 19:40:00,Thursday,Port Adelaide,Melbourne,Adelaide Oval,N,8,7,55,12,14,86
7735,2021,16,2021-07-03 19:40:00,Saturday,Fremantle,Carlton,M.C.G.,N,8,16,64,12,8,80
7734,2021,16,2021-07-03 16:35:00,Saturday,Adelaide,Brisbane Lions,Adelaide Oval,T,8,11,59,17,9,111
7733,2021,16,2021-07-04 16:40:00,Sunday,Western Bulldogs,North Melbourne,Docklands,T,16,12,108,11,13,79
7732,2021,16,2021-07-04 13:10:00,Sunday,Sydney,West Coast,Kardinia Park,D,18,10,118,3,8,26
7731,2021,16,2021-07-03 13:45:00,Saturday,Melbourne,Greater Western Sydney,M.C.G.,D,7,13,55,9,10,64
7730,2021,16,2021-07-03 19:40:00,Saturday,Hawthorn,Port Adelaide,Docklands,N,7,11,53,13,9,87
7729,2021,16,2021-07-01 19:20:00,Thursday,Gold Coast,Richmond,Docklands,N,10,17,77,10,7,67
7728,2021,16,2021-07-02 19:50:00,Friday,Geelong,Essendon,Kardinia Park,N,15,8,98,8,9,57
7727,2021,16,2021-07-04 15:20:00,Sunday,Collingwood,St Kilda,M.C.G.,D,8,13,61,10,10,70
7726,2021,15,2021-06-27 16:10:00,Sunday,Carlton,Adelaide,Docklands,T,12,11,83,10,13,73
7725,2021,15,2021-06-27 15:20:00,Sunday,West Coast,Western Bulldogs,Perth Stadium,D,6,7,43,13,20,98
7724,2021,15,2021-06-27 13:10:00,Sunday,Greater Western Sydney,Hawthorn,M.C.G.,D,11,6,72,13,12,90
7723,2021,15,2021-06-26 16:35:00,Saturday,Port Adelaide,Sydney,Adelaide Oval,T,12,9,81,10,11,71
7722,2021,15,2021-06-26 19:25:00,Saturday,Essendon,Melbourne,M.C.G.,N,8,9,57,9,14,68
7721,2021,15,2021-06-26 13:45:00,Saturday,Collingwood,Fremantle,Docklands,D,12,7,79,14,7,91
7720,2021,15,2021-06-26 13:45:00,Saturday,North Melbourne,Gold Coast,Bellerive Oval,D,9,18,72,9,9,63
7719,2021,15,2021-06-25 19:50:00,Friday,Richmond,St Kilda,M.C.G.,N,2,10,22,9,8,62
7718,2021,15,2021-06-24 19:30:00,Thursday,Brisbane Lions,Geelong,Gabba,N,13,16,94,7,8,50
7717,2021,14,2021-06-20 15:20:00,Sunday,Hawthorn,Essendon,York Park,D,10,13,73,13,8,86
7716,2021,14,2021-06-19 19:25:00,Saturday,Greater Western Sydney,Carlton,Sydney Showground,N,16,6,102,9,12,66
7715,2021,14,2021-06-19 16:35:00,Saturday,North Melbourne,Brisbane Lions,Bellerive Oval,T,6,9,45,9,14,68
7714,2021,14,2021-06-19 13:45:00,Saturday,Gold Coast,Port Adelaide,Carrara,D,4,7,31,12,9,81
7713,2021,14,2021-06-18 19:50:00,Friday,Geelong,Western Bulldogs,Kardinia Park,N,12,11,83,11,12,78
7712,2021,13,2021-06-13 19:20:00,Sunday,West Coast,Richmond,Perth Stadium,N,13,7,85,12,9,81
7711,2021,13,2021-06-14 15:20:00,Monday,Melbourne,Collingwood,S.C.G.,D,9,9,63,11,14,80
7710,2021,13,2021-06-13 15:20:00,Sunday,North Melbourne,Greater Western Sydney,Bellerive Oval,D,14,10,94,14,10,94
7709,2021,13,2021-06-12 19:25:00,Saturday,St Kilda,Adelaide,Cazaly's Stadium,N,8,12,60,9,12,66
7708,2021,13,2021-06-12 16:15:00,Saturday,Fremantle,Gold Coast,Perth Stadium,D,11,10,76,6,13,49
7707,2021,13,2021-06-11 19:50:00,Friday,Sydney,Hawthorn,S.C.G.,N,7,9,51,14,5,89
7706,2021,13,2021-06-10 19:40:00,Thursday,Port Adelaide,Geelong,Adelaide Oval,N,14,7,91,17,10,112
7705,2021,12,2021-06-06 18:40:00,Sunday,Fremantle,Western Bulldogs,Perth Stadium,N,9,11,65,13,15,93
7704,2021,12,2021-06-06 15:20:00,Sunday,Carlton,West Coast,S.C.G.,D,10,13,73,14,11,95
7703,2021,12,2021-06-05 19:40:00,Saturday,Essendon,Richmond,Perth Stadium,T,12,12,84,19,9,123
7702,2021,12,2021-06-05 16:35:00,Saturday,Adelaide,Collingwood,Adelaide Oval,D,10,13,73,12,6,78
7701,2021,12,2021-06-05 13:45:00,Saturday,Sydney,St Kilda,S.C.G.,D,13,14,92,12,11,83
7700,2021,12,2021-06-04 19:50:00,Friday,Melbourne,Brisbane Lions,Sydney Showground,N,14,13,97,11,9,75
7699,2021,11,2021-05-30 17:20:00,Sunday,Port Adelaide,Fremantle,Adelaide Oval,D,18,7,115,9,15,69
7698,2021,11,2021-05-30 15:20:00,Sunday,Sydney,Carlton,S.C.G.,D,15,10,100,11,12,78
7697,2021,11,2021-05-30 14:10:00,Sunday,Richmond,Adelaide,Sydney Showground,D,17,9,111,12,11,83
7696,2021,11,2021-05-29 19:40:00,Saturday,West Coast,Essendon,Perth Stadium,N,11,5,71,12,15,87
7695,2021,11,2021-05-29 19:40:00,Saturday,Gold Coast,Hawthorn,S.C.G.,N,17,11,113,11,10,76
7694,2021,11,2021-05-29 16:35:00,Saturday,St Kilda,North Melbourne,Docklands,T,12,16,88,10,8,68
7693,2021,11,2021-05-29 14:10:00,Saturday,Brisbane Lions,Greater Western Sydney,Gabba,D,19,15,129,10,5,65
7692,2021,11,2021-05-29 13:45:00,Saturday,Collingwood,Geelong,M.C.G.,N,6,15,51,8,13,61
7691,2021,11,2021-05-28 19:50:00,Friday,Western Bulldogs,Melbourne,Docklands,N,8,11,59,13,9,87
7690,2021,10,2021-05-23 16:40:00,Sunday,Essendon,North Melbourne,Docklands,T,22,9,141,10,9,69
7689,2021,10,2021-05-23 15:20:00,Sunday,Collingwood,Port Adelaide,M.C.G.,D,8,10,58,8,11,59
7688,2021,10,2021-05-23 13:10:00,Sunday,Greater Western Sydney,West Coast,Sydney Showground,D,13,15,93,11,11,77
7687,2021,10,2021-05-22 19:40:00,Saturday,Fremantle,Sydney,Perth Stadium,T,12,14,86,13,6,84
7686,2021,10,2021-05-22 19:25:00,Saturday,Western Bulldogs,St Kilda,Docklands,N,21,18,144,5,3,33
7685,2021,10,2021-05-22 16:35:00,Saturday,Adelaide,Melbourne,Adelaide Oval,T,15,6,96,14,11,95
7684,2021,10,2021-05-22 14:10:00,Saturday,Geelong,Gold Coast,Kardinia Park,D,14,7,91,8,9,57
7683,2021,10,2021-05-22 13:45:00,Saturday,Carlton,Hawthorn,M.C.G.,N,13,8,86,9,9,63
7682,2021,10,2021-05-21 19:50:00,Friday,Brisbane Lions,Richmond,Gabba,N,15,12,102,11,8,74
7681,2021,9,2021-05-16 16:40:00,Sunday,West Coast,Adelaide,Perth Stadium,D,16,10,106,11,10,76
7680,2021,9,2021-05-16 15:20:00,Sunday,Melbourne,Carlton,M.C.G.,T,13,16,94,10,8,68
7679,2021,9,2021-05-16 13:10:00,Sunday,Essendon,Fremantle,Docklands,D,10,8,68,8,13,61
7678,2021,9,2021-05-15 19:40:00,Saturday,Port Adelaide,Western Bulldogs,Adelaide Oval,N,12,5,77,15,6,96
7677,2021,9,2021-05-15 19:25:00,Saturday,Richmond,Greater Western Sydney,Docklands,N,13,9,87,12,11,83
7676,2021,9,2021-05-15 16:35:00,Saturday,Gold Coast,Brisbane Lions,Carrara,T,7,9,51,19,10,124
7675,2021,9,2021-05-15 14:10:00,Saturday,Hawthorn,North Melbourne,York Park,D,12,8,80,13,9,87
7674,2021,9,2021-05-15 13:45:00,Saturday,Sydney,Collingwood,S.C.G.,D,10,12,72,5,12,42
7673,2021,9,2021-05-14 19:50:00,Friday,St Kilda,Geelong,Docklands,N,5,17,47,10,8,68
7672,2021,8,2021-05-09 16:40:00,Sunday,Brisbane Lions,Fremantle,Gabba,T,14,11,95,10,11,71
7671,2021,8,2021-05-09 15:20:00,Sunday,Western Bulldogs,Carlton,Docklands,D,16,11,107,13,13,91
7670,2021,8,2021-05-09 13:10:00,Sunday,Hawthorn,West Coast,M.C.G.,D,8,12,60,14,14,98
7669,2021,8,2021-05-08 19:40:00,Saturday,Port Adelaide,Adelaide,Adelaide Oval,N,12,15,87,5,8,38
7668,2021,8,2021-05-08 19:25:00,Saturday,Melbourne,Sydney,M.C.G.,N,10,7,67,8,10,58
7667,2021,8,2021-05-08 16:35:00,Saturday,North Melbourne,Collingwood,Docklands,T,11,10,76,14,10,94
7666,2021,8,2021-05-08 13:45:00,Saturday,Gold Coast,St Kilda,Carrara,D,7,12,54,8,15,63
7665,2021,8,2021-05-08 14:10:00,Saturday,Greater Western Sydney,Essendon,Sydney Showground,D,16,11,107,16,9,105
7664,2021,8,2021-05-07 19:50:00,Friday,Richmond,Geelong,M.C.G.,N,9,9,63,19,12,126
7663,2021,7,2021-05-02 16:40:00,Sunday,West Coast,Fremantle,Perth Stadium,D,20,12,132,11,7,73
7662,2021,7,2021-05-02 15:20:00,Sunday,Essendon,Carlton,M.C.G.,D,16,11,107,19,9,123
7661,2021,7,2021-05-02 13:10:00,Sunday,North Melbourne,Melbourne,Bellerive Oval,D,11,7,73,16,7,103
7660,2021,7,2021-05-01 19:25:00,Saturday,Sydney,Geelong,S.C.G.,N,14,6,90,12,16,88
7659,2021,7,2021-05-01 19:25:00,Saturday,Brisbane Lions,Port Adelaide,Gabba,N,13,15,93,5,14,44
7658,2021,7,2021-05-01 16:35:00,Saturday,St Kilda,Hawthorn,Docklands,T,19,14,128,9,5,59
7657,2021,7,2021-05-01 14:10:00,Saturday,Adelaide,Greater Western Sydney,Adelaide Oval,D,4,15,39,15,16,106
7656,2021,7,2021-05-01 13:45:00,Saturday,Collingwood,Gold Coast,M.C.G.,D,7,13,55,12,7,79
7655,2021,7,2021-04-30 19:50:00,Friday,Richmond,Western Bulldogs,M.C.G.,N,11,11,77,7,13,55
7654,2021,6,2021-04-25 18:40:00,Sunday,Port Adelaide,St Kilda,Adelaide Oval,N,14,9,93,5,9,39
7653,2021,6,2021-04-25 15:20:00,Sunday,Collingwood,Essendon,M.C.G.,D,13,7,85,16,13,109
7652,2021,6,2021-04-25 12:30:00,Sunday,Hawthorn,Adelaide,York Park,D,15,12,102,16,3,99
7651,2021,6,2021-04-24 20:15:00,Saturday,Fremantle,North Melbourne,Perth Stadium,N,14,15,99,6,12,48
7650,2021,6,2021-04-24 19:25:00,Saturday,Melbourne,Richmond,M.C.G.,N,12,10,82,6,12,48
7649,2021,6,2021-04-24 16:35:00,Saturday,Carlton,Brisbane Lions,Docklands,T,12,13,85,15,13,103
7648,2021,6,2021-04-24 13:45:00,Saturday,Gold Coast,Sydney,Carrara,D,15,10,100,9,6,60
7647,2021,6,2021-04-24 13:45:00,Saturday,Geelong,West Coast,Kardinia Park,D,21,10,136,5,9,39
7646,2021,6,2021-04-23 19:50:00,Friday,Greater Western Sydney,Western Bulldogs,Manuka Oval,N,9,11,65,15,14,104
7645,2021,5,2021-04-18 16:40:00,Sunday,Geelong,North Melbourne,Kardinia Park,T,10,17,77,7,5,47
7644,2021,5,2021-04-18 15:20:00,Sunday,Hawthorn,Melbourne,M.C.G.,D,8,6,54,15,14,104
7643,2021,5,2021-04-18 13:10:00,Sunday,Adelaide,Fremantle,Adelaide Oval,D,11,6,72,12,12,84
7642,2021,5,2021-04-17 19:25:00,Saturday,Brisbane Lions,Essendon,Gabba,N,15,12,102,6,9,45
7641,2021,5,2021-04-17 19:25:00,Saturday,Carlton,Port Adelaide,M.C.G.,N,9,14,68,15,6,96
7640,2021,5,2021-04-17 16:35:00,Saturday,Sydney,Greater Western Sydney,S.C.G.,T,10,9,69,9,17,71
7639,2021,5,2021-04-17 16:35:00,Saturday,Western Bulldogs,Gold Coast,Docklands,T,17,16,118,8,8,56
7638,2021,5,2021-04-16 20:10:00,Friday,West Coast,Collingwood,Perth Stadium,N,16,7,103,11,10,76
7637,2021,5,2021-04-15 19:20:00,Thursday,St Kilda,Richmond,Docklands,N,7,6,48,20,14,134
7636,2021,4,2021-04-11 16:40:00,Sunday,Fremantle,Hawthorn,Perth Stadium,T,13,18,96,12,9,81
7635,2021,4,2021-04-11 15:20:00,Sunday,Melbourne,Geelong,M.C.G.,D,12,13,85,9,6,60
7634,2021,4,2021-04-11 13:10:00,Sunday,North Melbourne,Adelaide,Docklands,D,10,8,68,16,13,109
7633,2021,4,2021-04-10 19:25:00,Saturday,Collingwood,Greater Western Sydney,M.C.G.,N,9,6,60,14,6,90
7632,2021,4,2021-04-10 19:25:00,Saturday,Gold Coast,Carlton,Carrara,N,8,11,59,9,16,70
7631,2021,4,2021-04-10 16:35:00,Saturday,St Kilda,West Coast,Docklands,T,15,12,102,13,4,82
7630,2021,4,2021-04-10 13:35:00,Saturday,Western Bulldogs,Brisbane Lions,Eureka Stadium,D,10,13,73,8,6,54
7629,2021,4,2021-04-09 19:50:00,Friday,Port Adelaide,Richmond,Adelaide Oval,N,11,13,79,11,11,77
7628,2021,4,2021-04-08 19:20:00,Thursday,Sydney,Essendon,S.C.G.,N,11,17,83,12,8,80
7627,2021,3,2021-04-05 15:20:00,Monday,Geelong,Hawthorn,M.C.G.,D,10,9,69,9,10,64
7626,2021,3,2021-04-04 18:10:00,Sunday,Greater Western Sydney,Melbourne,Manuka Oval,N,11,2,68,15,12,102
7625,2021,3,2021-04-04 15:20:00,Sunday,Carlton,Fremantle,Docklands,D,16,13,109,9,10,64
7624,2021,3,2021-04-03 20:10:00,Saturday,West Coast,Port Adelaide,Perth Stadium,N,16,12,108,11,5,71
7623,2021,3,2021-04-03 16:35:00,Saturday,Essendon,St Kilda,Docklands,T,22,11,143,9,14,68
7622,2021,3,2021-04-03 13:45:00,Saturday,Richmond,Sydney,M.C.G.,D,10,12,72,17,15,117
7621,2021,3,2021-04-02 19:50:00,Friday,Adelaide,Gold Coast,Adelaide Oval,N,14,11,95,12,13,85
7620,2021,3,2021-04-02 16:20:00,Friday,North Melbourne,Western Bulldogs,Docklands,T,5,9,39,25,17,167
7619,2021,3,2021-04-01 19:40:00,Thursday,Collingwood,Brisbane Lions,Docklands,N,11,6,72,11,7,73
7618,2021,2,2021-03-28 18:10:00,Sunday,Fremantle,Greater Western Sydney,Perth Stadium,T,11,21,87,7,14,56
7617,2021,2,2021-03-28 15:20:00,Sunday,Western Bulldogs,West Coast,Docklands,D,14,16,100,14,9,93
7616,2021,2,2021-03-28 13:10:00,Sunday,Hawthorn,Richmond,M.C.G.,D,7,7,49,11,12,78
7615,2021,2,2021-03-27 20:10:00,Saturday,Gold Coast,North Melbourne,Carrara,N,14,14,98,5,9,39
7614,2021,2,2021-03-27 19:30:00,Saturday,St Kilda,Melbourne,Docklands,N,11,7,73,12,19,91
7613,2021,2,2021-03-27 16:35:00,Saturday,Port Adelaide,Essendon,Adelaide Oval,T,18,11,119,9,11,65
7612,2021,2,2021-03-27 13:45:00,Saturday,Sydney,Adelaide,S.C.G.,D,18,13,121,11,22,88
7611,2021,2,2021-03-26 19:50:00,Friday,Geelong,Brisbane Lions,Kardinia Park,N,12,9,81,11,14,80
7610,2021,2,2021-03-25 19:20:00,Thursday,Carlton,Collingwood,M.C.G.,N,13,7,85,16,10,106
7609,2021,1,2021-03-21 18:10:00,Sunday,West Coast,Gold Coast,Perth Stadium,T,12,11,83,8,10,58
7608,2021,1,2021-03-21 15:20:00,Sunday,Greater Western Sydney,St Kilda,Sydney Showground,D,11,12,78,13,8,86
7607,2021,1,2021-03-21 13:10:00,Sunday,North Melbourne,Port Adelaide,Docklands,D,9,11,65,17,15,117
7606,2021,1,2021-03-20 19:45:00,Saturday,Brisbane Lions,Sydney,Gabba,N,14,10,94,19,11,125
7605,2021,1,2021-03-20 19:25:00,Saturday,Essendon,Hawthorn,Docklands,N,13,13,91,14,8,92
7604,2021,1,2021-03-20 16:35:00,Saturday,Adelaide,Geelong,Adelaide Oval,T,15,13,103,13,13,91
7603,2021,1,2021-03-20 13:45:00,Saturday,Melbourne,Fremantle,M.C.G.,D,11,14,80,8,10,58
7602,2021,1,2021-03-19 19:50:00,Friday,Collingwood,Western Bulldogs,M.C.G.,N,7,11,53,10,9,69
7601,2021,1,2021-03-18 19:25:00,Thursday,Richmond,Carlton,M.C.G.,N,15,15,105,11,14,80
7463,2020,GF,2020-10-24 19:30:00,Saturday,Richmond,Geelong,Gabba,N,12,9,81,7,8,50
7462,2020,PF,2020-10-17 19:40:00,Saturday,Brisbane Lions,Geelong,Gabba,N,6,6,42,11,16,82
7461,2020,PF,2020-10-16 19:50:00,Friday,Port Adelaide,Richmond,Adelaide Oval,N,6,4,40,6,10,46
7460,2020,SF,2020-10-10 19:40:00,Saturday,Geelong,Collingwood,Gabba,N,15,10,100,5,2,32
7459,2020,SF,2020-10-09 19:50:00,Friday,Richmond,St Kilda,Carrara,N,12,8,80,6,13,49
7458,2020,EF,2020-10-03 20:10:00,Saturday,West Coast,Collingwood,Perth Stadium,N,11,9,75,12,4,76
7457,2020,EF,2020-10-03 16:40:00,Saturday,St Kilda,Western Bulldogs,Gabba,T,10,7,67,9,10,64
7456,2020,QF,2020-10-02 19:50:00,Friday,Brisbane Lions,Richmond,Gabba,N,10,9,69,8,6,54
7455,2020,QF,2020-10-01 19:40:00,Thursday,Port Adelaide,Geelong,Adelaide Oval,N,9,4,58,5,12,42
7454,2020,18,2020-09-21 19:15:00,Monday,Collingwood,Port Adelaide,Gabba,N,7,3,45,9,7,61
7453,2020,18,2020-09-20 18:10:00,Sunday,Fremantle,Western Bulldogs,Cazaly's Stadium,N,6,8,44,11,8,74
7452,2020,18,2020-09-20 15:35:00,Sunday,Sydney,Geelong,Carrara,D,9,9,63,10,9,69
7451,2020,18,2020-09-20 13:05:00,Sunday,Hawthorn,Gold Coast,Adelaide Oval,D,17,6,108,8,9,57
7450,2020,18,2020-09-19 19:40:00,Saturday,Brisbane Lions,Carlton,Gabba,N,11,12,78,10,1,61
7449,2020,18,2020-09-19 17:10:00,Saturday,Adelaide,Richmond,Adelaide Oval,T,4,9,33,12,5,77
7448,2020,18,2020-09-19 14:10:00,Saturday,Essendon,Melbourne,Carrara,D,7,7,49,10,8,68
7447,2020,18,2020-09-18 19:50:00,Friday,St Kilda,Greater Western Sydney,Gabba,N,12,10,82,3,12,30
7446,2020,18,2020-09-17 19:10:00,Thursday,North Melbourne,West Coast,Carrara,N,4,10,34,7,7,49
7445,2020,17,2020-09-14 19:10:00,Monday,Collingwood,Gold Coast,Gabba,N,10,8,68,6,10,46
7444,2020,17,2020-09-13 18:10:00,Sunday,Sydney,Brisbane Lions,Cazaly's Stadium,D,6,5,41,11,7,73
7443,2020,17,2020-09-13 15:35:00,Sunday,Hawthorn,Western Bulldogs,Adelaide Oval,D,6,4,40,11,10,76
7442,2020,17,2020-09-13 13:05:00,Sunday,Carlton,Adelaide,Carrara,D,8,8,56,10,12,72
7441,2020,17,2020-09-12 19:40:00,Saturday,Greater Western Sydney,Melbourne,Gabba,N,11,8,74,12,7,79
7440,2020,17,2020-09-12 17:05:00,Saturday,Port Adelaide,Essendon,Adelaide Oval,N,11,13,79,4,5,29
7439,2020,17,2020-09-12 14:10:00,Saturday,North Melbourne,Fremantle,Carrara,T,5,5,35,15,9,99
7438,2020,17,2020-09-11 19:50:00,Friday,Geelong,Richmond,Carrara,D,4,7,31,7,15,57
7437,2020,17,2020-09-10 19:10:00,Thursday,St Kilda,West Coast,Gabba,D,6,14,50,9,11,65
7436,2020,16,2020-09-09 19:10:00,Wednesday,Brisbane Lions,Gold Coast,Gabba,N,13,10,88,6,7,43
7435,2020,16,2020-09-08 20:10:00,Tuesday,Carlton,Sydney,Carrara,D,8,9,57,8,4,52
7434,2020,16,2020-09-08 17:40:00,Tuesday,Adelaide,Greater Western Sydney,Adelaide Oval,D,8,11,59,7,5,47
7433,2020,16,2020-09-07 19:10:00,Monday,Melbourne,Fremantle,Cazaly's Stadium,D,4,9,33,6,11,47
7432,2020,16,2020-09-06 18:10:00,Sunday,Western Bulldogs,West Coast,Carrara,N,6,13,49,7,5,47
7431,2020,16,2020-09-06 15:35:00,Sunday,Geelong,Essendon,Gabba,N,17,6,108,5,12,42
7430,2020,16,2020-09-06 13:05:00,Sunday,St Kilda,Hawthorn,Carrara,T,11,14,80,9,12,66
7429,2020,16,2020-09-05 19:40:00,Saturday,North Melbourne,Port Adelaide,Carrara,D,6,6,42,11,12,78
7428,2020,15,2020-09-04 19:50:00,Friday,Brisbane Lions,Collingwood,Gabba,N,6,6,42,5,4,34
7427,2020,15,2020-09-03 19:10:00,Thursday,Greater Western Sydney,Carlton,Carrara,N,6,12,48,5,9,39
7426,2020,15,2020-09-03 16:40:00,Thursday,Sydney,Melbourne,Cazaly's Stadium,T,10,7,67,6,10,46
7425,2020,15,2020-09-02 19:10:00,Wednesday,Richmond,Fremantle,Carrara,D,8,8,56,4,5,29
7424,2020,15,2020-09-01 20:10:00,Tuesday,West Coast,Essendon,Gabba,D,9,6,60,6,9,45
7423,2020,15,2020-09-01 17:40:00,Tuesday,Hawthorn,Adelaide,Adelaide Oval,N,7,6,48,12,11,83
7422,2020,14,2020-08-30 18:10:00,Sunday,Gold Coast,North Melbourne,Carrara,N,12,19,91,4,4,28
7421,2020,14,2020-08-30 15:35:00,Sunday,Carlton,Collingwood,Gabba,T,7,6,48,10,12,72
7420,2020,14,2020-08-29 19:40:00,Saturday,Melbourne,St Kilda,Traeger Park,D,8,4,52,7,7,49
7419,2020,14,2020-08-29 16:35:00,Saturday,Fremantle,Greater Western Sydney,Perth Stadium,N,8,5,53,14,7,91
7418,2020,14,2020-08-29 13:45:00,Saturday,Port Adelaide,Sydney,Adelaide Oval,N,11,7,73,7,5,47
7417,2020,14,2020-08-28 19:50:00,Friday,Western Bulldogs,Geelong,Carrara,N,9,7,61,10,12,72
7416,2020,14,2020-08-27 19:10:00,Thursday,Richmond,West Coast,Carrara,N,14,4,88,9,7,61
7415,2020,14,2020-08-27 16:40:00,Thursday,Hawthorn,Essendon,Adelaide Oval,D,10,11,71,13,9,87
7414,2020,13,2020-08-24 19:10:00,Monday,Collingwood,North Melbourne,Gabba,N,10,5,65,5,5,35
7413,2020,13,2020-08-23 18:10:00,Sunday,West Coast,Greater Western Sydney,Perth Stadium,T,9,7,61,7,7,49
7412,2020,13,2020-08-23 15:35:00,Sunday,Brisbane Lions,St Kilda,Gabba,D,6,14,50,7,6,48
7411,2020,13,2020-08-23 13:05:00,Sunday,Adelaide,Geelong,Adelaide Oval,D,5,7,37,9,11,65
7410,2020,13,2020-08-22 20:10:00,Saturday,Fremantle,Sydney,Perth Stadium,N,7,8,50,2,7,19
7409,2020,13,2020-08-22 19:45:00,Saturday,Essendon,Richmond,Marrara Oval,N,10,1,61,10,13,73
7408,2020,13,2020-08-22 16:35:00,Saturday,Port Adelaide,Hawthorn,Adelaide Oval,T,9,14,68,9,4,58
7407,2020,13,2020-08-22 13:45:00,Saturday,Western Bulldogs,Melbourne,Carrara,N,12,8,80,7,10,52
7406,2020,13,2020-08-21 19:50:00,Friday,Gold Coast,Carlton,Marrara Oval,N,4,3,27,7,18,60
7405,2020,12,2020-08-17 19:10:00,Monday,Richmond,Gold Coast,Gabba,N,8,5,53,4,8,32
7404,2020,12,2020-08-16 18:10:00,Sunday,West Coast,Hawthorn,Perth Stadium,T,12,9,81,7,7,49
7403,2020,12,2020-08-16 15:35:00,Sunday,St Kilda,Essendon,Gabba,T,10,8,68,5,3,33
7402,2020,12,2020-08-16 13:05:00,Sunday,Western Bulldogs,Adelaide,Carrara,D,16,15,111,8,6,54
7401,2020,12,2020-08-15 20:10:00,Saturday,Fremantle,Carlton,Perth Stadium,N,5,6,36,5,10,40
7400,2020,12,2020-08-15 17:10:00,Saturday,Melbourne,Collingwood,Gabba,T,16,4,100,6,8,44
7399,2020,12,2020-08-15 14:35:00,Saturday,North Melbourne,Brisbane Lions,Carrara,D,8,4,52,7,11,53
7398,2020,12,2020-08-14 19:50:00,Friday,Geelong,Port Adelaide,Gabba,N,14,7,91,4,7,31
7397,2020,12,2020-08-13 20:10:00,Thursday,Sydney,Greater Western Sydney,Perth Stadium,N,10,6,66,3,7,25
7396,2020,11,2020-08-12 19:10:00,Wednesday,Gold Coast,Essendon,Carrara,N,11,7,73,11,7,73
7395,2020,11,2020-08-11 18:35:00,Tuesday,Adelaide,Collingwood,Adelaide Oval,N,5,8,38,10,2,62
7394,2020,11,2020-08-10 20:40:00,Monday,Fremantle,Hawthorn,Perth Stadium,N,7,6,48,4,8,32
7393,2020,11,2020-08-10 18:10:00,Monday,St Kilda,Geelong,Gabba,N,4,10,34,14,9,93
7392,2020,11,2020-08-09 18:10:00,Sunday,Melbourne,North Melbourne,Adelaide Oval,N,13,14,92,5,5,35
7391,2020,11,2020-08-09 15:35:00,Sunday,West Coast,Carlton,Perth Stadium,D,11,6,72,7,8,50
7390,2020,11,2020-08-08 19:40:00,Saturday,Brisbane Lions,Western Bulldogs,Gabba,N,14,12,96,11,6,72
7389,2020,11,2020-08-08 16:35:00,Saturday,Port Adelaide,Richmond,Adelaide Oval,T,13,15,93,11,6,72
7388,2020,10,2020-08-07 19:50:00,Friday,Essendon,Greater Western Sydney,Carrara,N,8,7,55,8,11,59
7387,2020,10,2020-08-06 20:10:00,Thursday,Gold Coast,St Kilda,Carrara,N,11,8,74,12,6,78
7386,2020,10,2020-08-06 17:40:00,Thursday,Collingwood,Sydney,Gabba,N,6,14,50,6,5,41
7385,2020,10,2020-08-05 20:10:00,Wednesday,Adelaide,Melbourne,Adelaide Oval,N,5,7,37,13,10,88
7384,2020,10,2020-08-05 17:40:00,Wednesday,Geelong,North Melbourne,Gabba,N,13,12,90,9,3,57
7383,2020,10,2020-08-04 19:10:00,Tuesday,Richmond,Brisbane Lions,Carrara,N,12,10,82,4,17,41
7382,2020,10,2020-08-03 19:10:00,Monday,Port Adelaide,Western Bulldogs,Adelaide Oval,N,8,7,55,5,12,42
7381,2020,9,2020-08-02 18:10:00,Sunday,Fremantle,Collingwood,Perth Stadium,N,10,1,61,7,7,49
7380,2020,9,2020-08-02 15:35:00,Sunday,Gold Coast,Greater Western Sydney,Carrara,T,4,11,35,9,7,61
7379,2020,9,2020-08-01 20:10:00,Saturday,West Coast,Geelong,Perth Stadium,N,11,7,73,10,4,64
7378,2020,9,2020-08-01 17:10:00,Saturday,St Kilda,Sydney,Gabba,N,15,11,101,6,12,48
7377,2020,9,2020-08-01 14:35:00,Saturday,North Melbourne,Adelaide,Carrara,D,19,5,119,7,8,50
7376,2020,9,2020-07-31 20:10:00,Friday,Essendon,Brisbane Lions,Carrara,N,3,10,28,14,7,91
7375,2020,9,2020-07-31 17:40:00,Friday,Carlton,Hawthorn,Perth Stadium,T,9,4,58,14,5,89
7374,2020,9,2020-07-30 19:50:00,Thursday,Melbourne,Port Adelaide,Gabba,N,4,8,32,12,11,83
7373,2020,9,2020-07-29 19:10:00,Wednesday,Western Bulldogs,Richmond,Carrara,N,7,7,49,13,12,90
7372,2020,8,2020-07-27 20:10:00,Monday,Fremantle,Geelong,Perth Stadium,N,2,4,16,6,12,48
7371,2020,8,2020-07-26 18:10:00,Sunday,Melbourne,Brisbane Lions,Carrara,N,7,7,49,7,11,53
7370,2020,8,2020-07-26 15:35:00,Sunday,West Coast,Collingwood,Perth Stadium,D,18,3,111,6,9,45
7369,2020,8,2020-07-26 13:05:00,Sunday,Adelaide,Essendon,Adelaide Oval,D,8,11,59,9,8,62
7368,2020,8,2020-07-25 19:40:00,Saturday,Port Adelaide,St Kilda,Adelaide Oval,N,6,8,44,12,1,73
7367,2020,8,2020-07-25 15:35:00,Saturday,Sydney,Hawthorn,S.C.G.,T,9,6,60,7,11,53
7366,2020,8,2020-07-25 13:05:00,Saturday,North Melbourne,Carlton,Gabba,D,9,3,57,9,10,64
7365,2020,8,2020-07-24 19:50:00,Friday,Greater Western Sydney,Richmond,Sydney Showground,N,9,8,62,6,14,50
7364,2020,8,2020-07-23 19:40:00,Thursday,Gold Coast,Western Bulldogs,Carrara,N,6,10,46,7,9,51
7363,2020,7,2020-07-20 19:40:00,Monday,Adelaide,St Kilda,Adelaide Oval,N,8,7,55,12,6,78
7362,2020,7,2020-07-19 18:35:00,Sunday,Fremantle,West Coast,Perth Stadium,T,5,2,32,9,8,62
7361,2020,7,2020-07-19 15:35:00,Sunday,Hawthorn,Melbourne,Sydney Showground,D,7,6,48,14,7,91
7360,2020,7,2020-07-19 13:05:00,Sunday,Carlton,Port Adelaide,Gabba,D,9,7,61,9,10,64
7359,2020,7,2020-07-18 19:40:00,Saturday,Richmond,North Melbourne,Carrara,N,11,11,77,2,11,23
7358,2020,7,2020-07-18 16:35:00,Saturday,Sydney,Gold Coast,S.C.G.,T,9,6,60,13,14,92
7357,2020,7,2020-07-18 13:45:00,Saturday,Greater Western Sydney,Brisbane Lions,Sydney Showground,D,10,8,68,13,10,88
7356,2020,7,2020-07-17 19:50:00,Friday,Essendon,Western Bulldogs,Carrara,N,7,9,51,14,9,93
7355,2020,7,2020-07-16 20:10:00,Thursday,Geelong,Collingwood,Perth Stadium,N,5,5,35,8,9,57
7354,2020,6,2020-07-12 18:45:00,Sunday,Carlton,Western Bulldogs,Carrara,N,16,7,103,7,9,51
7353,2020,6,2020-07-12 15:35:00,Sunday,Richmond,Sydney,Gabba,T,4,10,34,3,8,26
7352,2020,6,2020-07-12 13:05:00,Sunday,Port Adelaide,Greater Western Sydney,Carrara,D,9,9,63,6,10,46
7351,2020,6,2020-07-11 19:40:00,Saturday,Essendon,North Melbourne,Carrara,N,9,13,67,7,11,53
7350,2020,6,2020-07-11 18:05:00,Saturday,Melbourne,Gold Coast,Sydney Showground,N,12,8,80,9,9,63
7349,2020,6,2020-07-11 15:05:00,Saturday,West Coast,Adelaide,Gabba,T,10,7,67,5,4,34
7348,2020,6,2020-07-11 12:35:00,Saturday,Fremantle,St Kilda,Carrara,D,12,7,79,11,7,73
7347,2020,6,2020-07-10 19:50:00,Friday,Collingwood,Hawthorn,Sydney Showground,N,8,11,59,3,9,27
7346,2020,6,2020-07-09 19:40:00,Thursday,Geelong,Brisbane Lions,S.C.G.,N,11,7,73,6,10,46
7345,2020,5,2020-07-05 18:10:00,Sunday,Greater Western Sydney,Hawthorn,Sydney Showground,N,13,5,83,7,7,49
7344,2020,5,2020-07-05 15:35:00,Sunday,Melbourne,Richmond,M.C.G.,D,8,4,52,12,7,79
7343,2020,5,2020-07-05 13:05:00,Sunday,Adelaide,Fremantle,Carrara,D,4,10,34,8,6,54
7342,2020,5,2020-07-04 19:40:00,Saturday,Brisbane Lions,Port Adelaide,Gabba,N,12,13,85,6,12,48
7341,2020,5,2020-07-04 19:40:00,Saturday,Western Bulldogs,North Melbourne,Docklands,N,13,9,87,5,8,38
7340,2020,5,2020-07-04 16:45:00,Saturday,Geelong,Gold Coast,Kardinia Park,T,13,11,89,8,4,52
7339,2020,5,2020-07-04 13:45:00,Saturday,West Coast,Sydney,Carrara,D,11,11,77,6,7,43
7338,2020,5,2020-07-03 19:50:00,Friday,Collingwood,Essendon,M.C.G.,N,7,6,48,10,3,63
7337,2020,5,2020-07-02 19:40:00,Thursday,Carlton,St Kilda,Docklands,N,8,7,55,11,7,73
7336,2020,4,2020-06-28 18:05:00,Sunday,Hawthorn,North Melbourne,Docklands,N,8,10,58,8,6,54
7335,2020,4,2020-06-28 15:35:00,Sunday,Melbourne,Geelong,M.C.G.,D,6,8,44,7,5,47
7334,2020,4,2020-06-28 13:05:00,Sunday,Brisbane Lions,Adelaide,Gabba,D,10,23,83,7,4,46
7333,2020,4,2020-06-27 19:40:00,Saturday,Gold Coast,Fremantle,Carrara,N,10,4,64,8,3,51
7332,2020,4,2020-06-27 19:40:00,Saturday,Essendon,Carlton,M.C.G.,N,8,3,51,7,10,52
7331,2020,4,2020-06-27 16:45:00,Saturday,St Kilda,Richmond,Docklands,T,15,3,93,10,7,67
7330,2020,4,2020-06-27 13:45:00,Saturday,Port Adelaide,West Coast,Carrara,D,13,11,89,6,5,41
7329,2020,4,2020-06-26 19:50:00,Friday,Greater Western Sydney,Collingwood,Sydney Showground,N,10,6,66,9,10,64
7328,2020,4,2020-06-25 19:40:00,Thursday,Sydney,Western Bulldogs,S.C.G.,N,5,9,39,10,7,67
7327,2020,3,2020-06-21 20:10:00,Sunday,Fremantle,Port Adelaide,Carrara,N,6,5,41,10,10,70
7325,2020,3,2020-06-21 15:05:00,Sunday,Gold Coast,Adelaide,Carrara,D,12,10,82,4,5,29
7324,2020,3,2020-06-20 19:40:00,Saturday,Brisbane Lions,West Coast,Gabba,N,10,14,74,6,8,44
7323,2020,3,2020-06-20 19:40:00,Saturday,Geelong,Carlton,Kardinia Park,N,11,11,77,12,7,79
7322,2020,3,2020-06-20 16:45:00,Saturday,Collingwood,St Kilda,M.C.G.,T,12,9,81,5,7,37
7321,2020,3,2020-06-20 13:45:00,Saturday,North Melbourne,Sydney,Docklands,D,8,12,60,10,11,71
7320,2020,3,2020-06-19 19:50:00,Friday,Western Bulldogs,Greater Western Sydney,Docklands,N,8,9,57,4,9,33
7319,2020,3,2020-06-18 19:40:00,Thursday,Richmond,Hawthorn,M.C.G.,N,5,9,39,11,5,71
7318,2020,2,2020-06-14 18:05:00,Sunday,St Kilda,Western Bulldogs,Docklands,N,14,4,88,7,7,49
7317,2020,2,2020-06-14 15:35:00,Sunday,Sydney,Essendon,S.C.G.,D,11,7,73,12,7,79
7316,2020,2,2020-06-14 13:05:00,Sunday,Greater Western Sydney,North Melbourne,Sydney Showground,D,8,12,60,12,8,80
7315,2020,2,2020-06-13 19:40:00,Saturday,Gold Coast,West Coast,Carrara,N,14,6,90,6,10,46
7314,2020,2,2020-06-13 19:40:00,Saturday,Port Adelaide,Adelaide,Adelaide Oval,N,17,8,110,5,5,35
7313,2020,2,2020-06-13 16:45:00,Saturday,Carlton,Melbourne,Docklands,T,7,11,53,8,6,54
7312,2020,2,2020-06-13 13:45:00,Saturday,Brisbane Lions,Fremantle,Gabba,D,12,9,81,10,9,69
7311,2020,2,2020-06-12 19:50:00,Friday,Geelong,Hawthorn,Kardinia Park,N,17,6,108,7,5,47
7310,2020,2,2020-06-11 19:40:00,Thursday,Collingwood,Richmond,M.C.G.,N,5,6,36,5,6,36
7309,2020,1,2020-03-22 18:40:00,Sunday,West Coast,Melbourne,Perth Stadium,D,12,6,78,7,9,51
7308,2020,1,2020-03-22 15:35:00,Sunday,Hawthorn,Brisbane Lions,M.C.G.,D,14,6,90,9,8,62
7307,2020,1,2020-03-22 13:05:00,Sunday,North Melbourne,St Kilda,Docklands,D,8,8,56,7,12,54
7306,2020,1,2020-03-21 19:40:00,Saturday,Gold Coast,Port Adelaide,Carrara,N,4,5,29,10,16,76
7305,2020,1,2020-03-21 19:40:00,Saturday,Greater Western Sydney,Geelong,Sydney Showground,N,17,3,105,11,7,73
7304,2020,1,2020-03-21 17:05:00,Saturday,Adelaide,Sydney,Adelaide Oval,T,11,5,71,11,8,74
7303,2020,1,2020-03-21 14:10:00,Saturday,Essendon,Fremantle,Docklands,D,9,9,63,8,9,57
7302,2020,1,2020-03-20 19:50:00,Friday,Western Bulldogs,Collingwood,Docklands,N,5,4,34,13,8,86
7301,2020,1,2020-03-19 19:40:00,Thursday,Richmond,Carlton,M.C.G.,N,16,9,105,12,9,81
7109,2019,GF,2019-09-28 14:40:00,Saturday,Richmond,Greater Western Sydney,M.C.G.,D,17,12,114,3,7,25
7108,2019,PF,2019-09-21 16:35:00,Saturday,Collingwood,Greater Western Sydney,M.C.G.,T,7,10,52,8,8,56
7107,2019,PF,2019-09-20 19:50:00,Friday,Richmond,Geelong,M.C.G.,N,12,13,85,9,12,66
7106,2019,SF,2019-09-14 19:25:00,Saturday,Brisbane Lions,Greater Western Sydney,Gabba,N,11,14,80,12,11,83
7105,2019,SF,2019-09-13 19:50:00,Friday,Geelong,West Coast,M.C.G.,N,13,10,88,10,8,68
7104,2019,QF,2019-09-07 19:25:00,Saturday,Brisbane Lions,Richmond,Gabba,N,8,17,65,18,4,112
7103,2019,EF,2019-09-07 15:20:00,Saturday,Greater Western Sydney,Western Bulldogs,Sydney Showground,D,16,17,113,8,7,55
7102,2019,QF,2019-09-06 19:50:00,Friday,Geelong,Collingwood,M.C.G.,N,7,9,51,9,7,61
7101,2019,EF,2019-09-05 20:10:00,Thursday,West Coast,Essendon,Perth Stadium,N,17,14,116,9,7,61
7098,2019,23,2019-08-25 16:40:00,Sunday,Port Adelaide,Fremantle,Adelaide Oval,T,15,20,110,10,7,67
7097,2019,23,2019-08-25 15:20:00,Sunday,Richmond,Brisbane Lions,M.C.G.,D,12,10,82,8,7,55
7096,2019,23,2019-08-25 13:10:00,Sunday,Western Bulldogs,Adelaide,Eureka Stadium,D,18,13,121,13,9,87
7095,2019,23,2019-08-24 20:10:00,Saturday,West Coast,Hawthorn,Perth Stadium,N,9,13,67,16,9,105
7094,2019,23,2019-08-24 19:25:00,Saturday,Gold Coast,Greater Western Sydney,Carrara,T,7,13,55,20,7,127
7093,2019,23,2019-08-24 16:35:00,Saturday,Geelong,Carlton,Kardinia Park,D,19,15,129,8,13,61
7092,2019,23,2019-08-24 14:10:00,Saturday,North Melbourne,Melbourne,Bellerive Oval,D,13,10,88,12,11,83
7091,2019,23,2019-08-24 13:45:00,Saturday,Sydney,St Kilda,S.C.G.,D,17,7,109,8,16,64
7090,2019,23,2019-08-23 19:50:00,Friday,Collingwood,Essendon,M.C.G.,N,10,16,76,10,5,65
7089,2019,22,2019-08-18 16:40:00,Sunday,Hawthorn,Gold Coast,Docklands,T,18,10,118,7,6,48
7088,2019,22,2019-08-18 15:20:00,Sunday,Greater Western Sydney,Western Bulldogs,Sydney Showground,D,9,11,65,19,12,126
7087,2019,22,2019-08-18 13:10:00,Sunday,Richmond,West Coast,M.C.G.,D,13,10,88,13,4,82
7086,2019,22,2019-08-17 20:10:00,Saturday,Fremantle,Essendon,Perth Stadium,N,7,13,55,13,9,87
7085,2019,22,2019-08-17 19:25:00,Saturday,North Melbourne,Port Adelaide,Docklands,N,22,12,144,8,10,58
7084,2019,22,2019-08-17 16:35:00,Saturday,Adelaide,Collingwood,Adelaide Oval,T,6,12,48,17,12,114
7083,2019,22,2019-08-17 14:10:00,Saturday,Brisbane Lions,Geelong,Gabba,D,10,15,75,10,14,74
7082,2019,22,2019-08-17 13:45:00,Saturday,Carlton,St Kilda,M.C.G.,D,11,12,78,10,8,68
7081,2019,22,2019-08-16 19:50:00,Friday,Melbourne,Sydney,M.C.G.,N,5,12,42,15,5,95
7080,2019,21,2019-08-11 17:20:00,Sunday,West Coast,Adelaide,Perth Stadium,D,13,12,90,12,8,80
7079,2019,21,2019-08-11 15:20:00,Sunday,Richmond,Carlton,M.C.G.,D,11,7,73,6,9,45
7078,2019,21,2019-08-11 13:10:00,Sunday,St Kilda,Fremantle,Docklands,D,10,12,72,10,9,69
7077,2019,21,2019-08-10 19:25:00,Saturday,Geelong,North Melbourne,Kardinia Park,N,9,15,69,1,8,14
7076,2019,21,2019-08-10 19:25:00,Saturday,Essendon,Western Bulldogs,Docklands,N,4,9,33,21,11,137
7075,2019,21,2019-08-10 16:35:00,Saturday,Brisbane Lions,Gold Coast,Gabba,T,22,12,144,8,5,53
7074,2019,21,2019-08-10 14:10:00,Saturday,Port Adelaide,Sydney,Adelaide Oval,D,15,13,103,7,14,56
7073,2019,21,2019-08-10 13:45:00,Saturday,Melbourne,Collingwood,M.C.G.,D,7,11,53,10,10,70
7072,2019,21,2019-08-09 19:50:00,Friday,Greater Western Sydney,Hawthorn,Manuka Oval,N,4,5,29,13,7,85
7071,2019,20,2019-08-04 16:40:00,Sunday,Brisbane Lions,Western Bulldogs,Gabba,T,14,14,98,11,14,80
7070,2019,20,2019-08-04 15:20:00,Sunday,Carlton,West Coast,Docklands,D,11,9,75,15,9,99
7069,2019,20,2019-08-04 13:10:00,Sunday,Collingwood,Gold Coast,M.C.G.,D,18,12,120,8,3,51
7068,2019,20,2019-08-03 19:40:00,Saturday,Adelaide,St Kilda,Adelaide Oval,N,14,8,92,10,10,70
7067,2019,20,2019-08-03 19:25:00,Saturday,Melbourne,Richmond,M.C.G.,N,9,6,60,13,15,93
7066,2019,20,2019-08-03 16:35:00,Saturday,Fremantle,Geelong,Perth Stadium,D,14,11,95,9,7,61
7065,2019,20,2019-08-03 14:10:00,Saturday,Greater Western Sydney,Sydney,Sydney Showground,D,12,11,83,12,9,81
7064,2019,20,2019-08-03 13:45:00,Saturday,Essendon,Port Adelaide,Docklands,D,9,13,67,19,12,126
7063,2019,20,2019-08-02 19:50:00,Friday,North Melbourne,Hawthorn,Docklands,N,12,14,86,9,10,64
7062,2019,19,2019-07-28 16:40:00,Sunday,Gold Coast,Essendon,Carrara,T,15,6,96,16,10,106
7061,2019,19,2019-07-28 15:20:00,Sunday,Sydney,Geelong,S.C.G.,D,12,8,80,16,11,107
7060,2019,19,2019-07-28 13:10:00,Sunday,Western Bulldogs,Fremantle,Docklands,D,16,17,113,9,12,66
7059,2019,19,2019-07-27 19:40:00,Saturday,Port Adelaide,Greater Western Sydney,Adelaide Oval,N,7,13,55,8,8,56
7058,2019,19,2019-07-27 19:25:00,Saturday,St Kilda,Melbourne,Docklands,N,15,14,104,13,7,85
7057,2019,19,2019-07-27 16:35:00,Saturday,West Coast,North Melbourne,Perth Stadium,D,18,13,121,10,12,72
7056,2019,19,2019-07-27 14:10:00,Saturday,Carlton,Adelaide,M.C.G.,D,13,9,87,9,6,60
7055,2019,19,2019-07-27 13:45:00,Saturday,Hawthorn,Brisbane Lions,York Park,D,7,18,60,13,9,87
7054,2019,19,2019-07-26 19:50:00,Friday,Collingwood,Richmond,M.C.G.,N,9,12,66,14,14,98
7053,2019,18,2019-07-21 16:40:00,Sunday,St Kilda,Western Bulldogs,Docklands,T,17,14,116,14,5,89
7052,2019,18,2019-07-21 15:20:00,Sunday,Melbourne,West Coast,Traeger Park,D,11,12,78,14,7,91
7051,2019,18,2019-07-21 13:10:00,Sunday,Geelong,Hawthorn,M.C.G.,D,8,13,61,12,13,85
7050,2019,18,2019-07-20 20:10:00,Saturday,Fremantle,Sydney,Perth Stadium,N,7,10,52,7,9,51
7049,2019,18,2019-07-20 19:25:00,Saturday,Brisbane Lions,North Melbourne,Gabba,N,12,15,87,12,3,75
7048,2019,18,2019-07-20 16:35:00,Saturday,Greater Western Sydney,Collingwood,Sydney Showground,T,19,8,122,11,9,75
7047,2019,18,2019-07-20 14:10:00,Saturday,Carlton,Gold Coast,Docklands,D,15,9,99,11,9,75
7046,2019,18,2019-07-20 13:45:00,Saturday,Richmond,Port Adelaide,M.C.G.,D,15,11,101,9,9,63
7045,2019,18,2019-07-19 19:50:00,Friday,Adelaide,Essendon,Adelaide Oval,N,10,15,75,15,6,96
7044,2019,17,2019-07-14 16:40:00,Sunday,Port Adelaide,Brisbane Lions,Adelaide Oval,T,6,13,49,14,13,97
7043,2019,17,2019-07-14 15:20:00,Sunday,Western Bulldogs,Melbourne,Docklands,D,10,14,74,9,12,66
7042,2019,17,2019-07-14 13:10:00,Sunday,Richmond,Greater Western Sydney,M.C.G.,D,13,16,94,9,13,67
7041,2019,17,2019-07-13 19:25:00,Saturday,Geelong,St Kilda,Kardinia Park,N,12,12,84,8,9,57
7040,2019,17,2019-07-13 19:25:00,Saturday,Gold Coast,Adelaide,Carrara,N,8,8,56,23,13,151
7039,2019,17,2019-07-13 16:35:00,Saturday,Essendon,North Melbourne,Docklands,T,12,14,86,12,9,81
7038,2019,17,2019-07-13 14:10:00,Saturday,Hawthorn,Fremantle,York Park,D,12,12,84,8,5,53
7037,2019,17,2019-07-13 13:45:00,Saturday,Sydney,Carlton,S.C.G.,D,8,14,62,9,15,69
7036,2019,17,2019-07-12 20:10:00,Friday,West Coast,Collingwood,Perth Stadium,N,12,5,77,11,12,78
7035,2019,16,2019-07-07 16:40:00,Sunday,Greater Western Sydney,Brisbane Lions,Sydney Showground,T,11,8,74,14,10,94
7034,2019,16,2019-07-07 15:20:00,Sunday,North Melbourne,St Kilda,Bellerive Oval,D,17,10,112,11,7,73
7033,2019,16,2019-07-07 13:10:00,Sunday,Carlton,Melbourne,M.C.G.,D,15,10,100,15,15,105
7032,2019,16,2019-07-06 20:10:00,Saturday,Fremantle,West Coast,Perth Stadium,N,2,19,31,19,8,122
7031,2019,16,2019-07-06 19:25:00,Saturday,Western Bulldogs,Geelong,Docklands,N,10,11,71,7,13,55
7030,2019,16,2019-07-06 16:35:00,Saturday,Adelaide,Port Adelaide,Adelaide Oval,T,5,14,44,15,11,101
7029,2019,16,2019-07-06 14:10:00,Saturday,Gold Coast,Richmond,Carrara,D,9,4,58,23,12,150
7028,2019,16,2019-07-06 13:45:00,Saturday,Essendon,Sydney,M.C.G.,D,11,10,76,9,12,66
7027,2019,16,2019-07-05 19:50:00,Friday,Hawthorn,Collingwood,M.C.G.,N,9,13,67,9,9,63
7026,2019,15,2019-06-30 17:20:00,Sunday,Fremantle,Carlton,Perth Stadium,D,11,9,75,11,13,79
7025,2019,15,2019-06-30 15:20:00,Sunday,Brisbane Lions,Melbourne,Gabba,D,15,17,107,11,8,74
7024,2019,15,2019-06-30 13:10:00,Sunday,St Kilda,Richmond,Docklands,D,10,10,70,16,7,103
7023,2019,15,2019-06-29 19:40:00,Saturday,Port Adelaide,Western Bulldogs,Adelaide Oval,N,5,11,41,10,6,66
7022,2019,15,2019-06-29 19:25:00,Saturday,Collingwood,North Melbourne,Docklands,N,5,7,37,11,15,81
7021,2019,15,2019-06-29 16:35:00,Saturday,Sydney,Gold Coast,S.C.G.,T,14,9,93,7,9,51
7020,2019,15,2019-06-29 13:45:00,Saturday,Hawthorn,West Coast,M.C.G.,D,9,17,71,11,11,77
7019,2019,15,2019-06-28 19:50:00,Friday,Geelong,Adelaide,Kardinia Park,N,14,12,96,10,9,69
7018,2019,15,2019-06-27 19:20:00,Thursday,Essendon,Greater Western Sydney,Docklands,N,12,5,77,10,11,71
7017,2019,14,2019-06-23 15:20:00,Sunday,Western Bulldogs,Collingwood,Docklands,D,10,13,73,13,4,82
7016,2019,14,2019-06-22 19:40:00,Saturday,Port Adelaide,Geelong,Adelaide Oval,N,9,13,67,8,8,56
7015,2019,14,2019-06-22 16:35:00,Saturday,St Kilda,Brisbane Lions,Docklands,T,8,11,59,17,13,115
7014,2019,14,2019-06-22 13:45:00,Saturday,Melbourne,Fremantle,M.C.G.,D,13,7,85,11,5,71
7013,2019,14,2019-06-21 19:50:00,Friday,Sydney,Hawthorn,S.C.G.,N,12,10,82,9,9,63
7012,2019,14,2019-06-20 20:10:00,Thursday,West Coast,Essendon,Perth Stadium,N,14,22,106,11,5,71
7011,2019,13,2019-06-16 15:20:00,Sunday,North Melbourne,Greater Western Sydney,Bellerive Oval,D,10,8,68,14,7,91
7010,2019,13,2019-06-15 19:25:00,Saturday,Carlton,Western Bulldogs,Docklands,N,15,10,100,15,13,103
7009,2019,13,2019-06-15 16:35:00,Saturday,Fremantle,Port Adelaide,Perth Stadium,D,15,10,100,12,7,79
7008,2019,13,2019-06-15 13:45:00,Saturday,Gold Coast,St Kilda,Riverway Stadium,D,11,10,76,11,14,80
7007,2019,13,2019-06-14 19:50:00,Friday,Essendon,Hawthorn,Docklands,N,14,12,96,11,11,77
7006,2019,13,2019-06-13 19:50:00,Thursday,Adelaide,Richmond,Adelaide Oval,N,15,11,101,9,14,68
7005,2019,12,2019-06-10 15:20:00,Monday,Collingwood,Melbourne,M.C.G.,D,15,8,98,7,15,57
7004,2019,12,2019-06-09 15:20:00,Sunday,Sydney,West Coast,S.C.G.,D,18,8,116,10,11,71
7003,2019,12,2019-06-08 19:40:00,Saturday,Adelaide,Greater Western Sydney,Adelaide Oval,N,12,10,82,9,7,61
7002,2019,12,2019-06-08 16:35:00,Saturday,Gold Coast,North Melbourne,Carrara,T,11,6,72,14,15,99
7001,2019,12,2019-06-08 13:45:00,Saturday,Carlton,Brisbane Lions,Docklands,D,11,12,78,9,9,63
7000,2019,12,2019-06-07 19:50:00,Friday,Richmond,Geelong,M.C.G.,N,5,7,37,16,8,104
6999,2019,11,2019-06-02 17:20:00,Sunday,West Coast,Western Bulldogs,Perth Stadium,D,21,7,133,10,12,72
6998,2019,11,2019-06-02 15:20:00,Sunday,Essendon,Carlton,M.C.G.,D,11,8,74,4,9,33
6997,2019,11,2019-06-02 14:20:00,Sunday,St Kilda,Port Adelaide,Jiangwan Stadium,D,9,15,69,22,7,139
6996,2019,11,2019-06-01 19:40:00,Saturday,Melbourne,Adelaide,Marrara Oval,N,12,16,88,14,6,90
6995,2019,11,2019-06-01 19:25:00,Saturday,Brisbane Lions,Hawthorn,Gabba,N,12,13,85,10,6,66
6994,2019,11,2019-06-01 16:35:00,Saturday,Geelong,Sydney,Kardinia Park,T,13,7,85,8,15,63
6993,2019,11,2019-06-01 13:45:00,Saturday,Greater Western Sydney,Gold Coast,Sydney Showground,D,19,12,126,6,7,43
6992,2019,11,2019-06-01 13:45:00,Saturday,Collingwood,Fremantle,M.C.G.,D,11,9,75,11,13,79
6991,2019,11,2019-05-31 19:50:00,Friday,North Melbourne,Richmond,Docklands,N,15,9,99,9,8,62
6990,2019,10,2019-05-26 17:20:00,Sunday,Fremantle,Brisbane Lions,Perth Stadium,D,10,13,73,10,12,72
6989,2019,10,2019-05-26 15:20:00,Sunday,St Kilda,Carlton,Docklands,D,9,14,68,8,7,55
6988,2019,10,2019-05-26 13:10:00,Sunday,Melbourne,Greater Western Sydney,M.C.G.,D,10,8,68,14,10,94
6987,2019,10,2019-05-25 19:25:00,Saturday,Richmond,Essendon,M.C.G.,N,10,13,73,6,14,50
6986,2019,10,2019-05-25 19:25:00,Saturday,Gold Coast,Geelong,Carrara,N,9,10,64,13,13,91
6985,2019,10,2019-05-25 16:35:00,Saturday,Adelaide,West Coast,Adelaide Oval,T,10,13,73,13,7,85
6984,2019,10,2019-05-25 14:10:00,Saturday,Western Bulldogs,North Melbourne,Docklands,D,13,12,90,18,7,115
6983,2019,10,2019-05-25 13:45:00,Saturday,Hawthorn,Port Adelaide,York Park,D,12,8,80,6,13,49
6982,2019,10,2019-05-24 19:50:00,Friday,Sydney,Collingwood,S.C.G.,N,11,7,73,11,14,80
6981,2019,9,2019-05-19 16:40:00,Sunday,Greater Western Sydney,Carlton,Sydney Showground,T,20,18,138,7,3,45
6980,2019,9,2019-05-19 15:20:00,Sunday,Richmond,Hawthorn,M.C.G.,D,14,11,95,8,11,59
6979,2019,9,2019-05-19 13:10:00,Sunday,Port Adelaide,Gold Coast,Adelaide Oval,D,13,11,89,7,9,51
6978,2019,9,2019-05-18 19:25:00,Saturday,North Melbourne,Sydney,Bellerive Oval,N,10,12,72,11,11,77
6977,2019,9,2019-05-18 19:25:00,Saturday,Essendon,Fremantle,Docklands,N,8,12,60,7,11,53
6976,2019,9,2019-05-18 16:35:00,Saturday,Geelong,Western Bulldogs,Kardinia Park,T,21,7,133,13,11,89
6975,2019,9,2019-05-18 14:10:00,Saturday,Brisbane Lions,Adelaide,Gabba,D,13,15,93,13,14,92
6974,2019,9,2019-05-18 13:45:00,Saturday,Collingwood,St Kilda,M.C.G.,D,17,10,112,10,11,71
6973,2019,9,2019-05-17 20:10:00,Friday,West Coast,Melbourne,Perth Stadium,N,13,7,85,9,15,69
6972,2019,8,2019-05-12 17:20:00,Sunday,Fremantle,Richmond,Perth Stadium,D,12,14,86,17,9,111
6971,2019,8,2019-05-12 15:20:00,Sunday,Hawthorn,Greater Western Sydney,M.C.G.,D,10,11,71,5,8,38
6970,2019,8,2019-05-12 13:10:00,Sunday,North Melbourne,Geelong,Docklands,D,11,14,80,16,8,104
6969,2019,8,2019-05-11 19:40:00,Saturday,Port Adelaide,Adelaide,Adelaide Oval,N,9,14,68,13,10,88
6968,2019,8,2019-05-11 19:25:00,Saturday,St Kilda,West Coast,Docklands,N,10,10,70,12,16,88
6967,2019,8,2019-05-11 16:35:00,Saturday,Gold Coast,Melbourne,Carrara,T,9,6,60,8,13,61
6966,2019,8,2019-05-11 13:45:00,Saturday,Carlton,Collingwood,M.C.G.,D,13,9,87,16,10,106
6965,2019,8,2019-05-11 13:45:00,Saturday,Western Bulldogs,Brisbane Lions,Eureka Stadium,D,13,14,92,11,10,76
6964,2019,8,2019-05-10 19:50:00,Friday,Sydney,Essendon,S.C.G.,N,11,11,77,10,12,72
6963,2019,7,2019-05-05 16:40:00,Sunday,Adelaide,Fremantle,Adelaide Oval,T,7,9,51,5,4,34
6962,2019,7,2019-05-05 15:20:00,Sunday,Geelong,Essendon,M.C.G.,D,13,8,86,7,12,54
6961,2019,7,2019-05-05 13:10:00,Sunday,Carlton,North Melbourne,Docklands,D,8,14,62,18,12,120
6960,2019,7,2019-05-04 20:10:00,Saturday,West Coast,Gold Coast,Perth Stadium,N,11,14,80,8,9,57
6959,2019,7,2019-05-04 19:25:00,Saturday,Western Bulldogs,Richmond,Docklands,N,15,9,99,7,10,52
6958,2019,7,2019-05-04 16:35:00,Saturday,Brisbane Lions,Sydney,Gabba,T,14,19,103,12,9,81
6957,2019,7,2019-05-04 13:45:00,Saturday,Greater Western Sydney,St Kilda,Manuka Oval,D,18,6,114,10,10,70
6956,2019,7,2019-05-04 13:45:00,Saturday,Melbourne,Hawthorn,M.C.G.,D,11,13,79,11,8,74
6955,2019,7,2019-05-03 19:50:00,Friday,Collingwood,Port Adelaide,Docklands,N,15,18,108,10,9,69
6954,2019,6,2019-04-28 16:40:00,Sunday,Geelong,West Coast,Kardinia Park,T,15,14,104,7,4,46
6953,2019,6,2019-04-28 15:20:00,Sunday,Hawthorn,Carlton,York Park,D,13,15,93,13,10,88
6952,2019,6,2019-04-27 20:10:00,Saturday,Fremantle,Western Bulldogs,Perth Stadium,N,13,10,88,9,15,69
6951,2019,6,2019-04-27 19:25:00,Saturday,Sydney,Greater Western Sydney,S.C.G.,N,12,7,79,18,12,120
6950,2019,6,2019-04-27 16:35:00,Saturday,St Kilda,Adelaide,Docklands,T,10,8,68,15,7,97
6949,2019,6,2019-04-27 13:45:00,Saturday,Gold Coast,Brisbane Lions,Carrara,D,9,8,62,16,15,111
6948,2019,6,2019-04-26 19:50:00,Friday,Port Adelaide,North Melbourne,Adelaide Oval,N,12,16,88,11,6,72
6947,2019,6,2019-04-25 15:20:00,Thursday,Essendon,Collingwood,M.C.G.,D,10,9,69,10,13,73
6946,2019,6,2019-04-24 19:35:00,Wednesday,Richmond,Melbourne,M.C.G.,N,12,13,85,6,6,42
6945,2019,5,2019-04-22 15:20:00,Monday,Hawthorn,Geelong,M.C.G.,D,13,12,90,17,11,113
6944,2019,5,2019-04-21 16:40:00,Sunday,Adelaide,Gold Coast,Adelaide Oval,T,18,11,119,6,10,46
6943,2019,5,2019-04-21 13:10:00,Sunday,Western Bulldogs,Carlton,Docklands,D,7,15,57,15,11,101
6942,2019,5,2019-04-20 19:25:00,Saturday,Richmond,Sydney,Docklands,N,13,11,89,10,7,67
6941,2019,5,2019-04-20 16:35:00,Saturday,Melbourne,St Kilda,M.C.G.,T,7,13,55,15,5,95
6940,2019,5,2019-04-20 13:45:00,Saturday,Greater Western Sydney,Fremantle,Manuka Oval,D,11,16,82,16,10,106
6939,2019,5,2019-04-19 20:10:00,Friday,West Coast,Port Adelaide,Perth Stadium,N,8,5,53,13,17,95
6938,2019,5,2019-04-19 16:20:00,Friday,North Melbourne,Essendon,Docklands,T,7,16,58,17,14,116
6937,2019,5,2019-04-18 19:35:00,Thursday,Brisbane Lions,Collingwood,Gabba,N,8,13,61,18,15,123
6936,2019,4,2019-04-14 15:20:00,Sunday,St Kilda,Hawthorn,Docklands,D,10,14,74,10,9,69
6935,2019,4,2019-04-14 14:40:00,Sunday,Gold Coast,Carlton,Carrara,D,8,11,59,8,9,57
6934,2019,4,2019-04-13 20:10:00,Saturday,West Coast,Fremantle,Perth Stadium,N,10,9,69,7,14,56
6933,2019,4,2019-04-13 19:25:00,Saturday,North Melbourne,Adelaide,Docklands,N,9,17,71,8,11,59
6932,2019,4,2019-04-13 16:35:00,Saturday,Port Adelaide,Richmond,Adelaide Oval,T,14,8,92,15,9,99
6931,2019,4,2019-04-13 14:10:00,Saturday,Essendon,Brisbane Lions,M.C.G.,D,17,10,112,9,11,65
6930,2019,4,2019-04-13 13:45:00,Saturday,Geelong,Greater Western Sydney,Kardinia Park,D,11,9,75,11,13,79
6929,2019,4,2019-04-12 19:50:00,Friday,Collingwood,Western Bulldogs,M.C.G.,N,11,12,78,9,10,64
6928,2019,4,2019-04-11 19:20:00,Thursday,Sydney,Melbourne,S.C.G.,N,11,12,78,15,10,100
6927,2019,3,2019-04-07 17:20:00,Sunday,Fremantle,St Kilda,Perth Stadium,D,11,5,71,9,12,66
6926,2019,3,2019-04-07 15:20:00,Sunday,Hawthorn,North Melbourne,M.C.G.,D,13,9,87,10,11,71
6925,2019,3,2019-04-07 14:20:00,Sunday,Western Bulldogs,Gold Coast,Docklands,D,9,14,68,10,13,73
6924,2019,3,2019-04-06 19:25:00,Saturday,Collingwood,West Coast,M.C.G.,N,11,10,76,15,8,98
6923,2019,3,2019-04-06 19:25:00,Saturday,Brisbane Lions,Port Adelaide,Gabba,N,16,11,107,13,12,90
6922,2019,3,2019-04-06 16:35:00,Saturday,Greater Western Sydney,Richmond,Sydney Showground,T,19,11,125,10,16,76
6921,2019,3,2019-04-06 13:45:00,Saturday,Carlton,Sydney,Docklands,D,10,14,74,14,9,93
6920,2019,3,2019-04-05 19:50:00,Friday,Melbourne,Essendon,M.C.G.,N,18,4,112,20,10,130
6919,2019,3,2019-04-04 19:50:00,Thursday,Adelaide,Geelong,Adelaide Oval,N,10,15,75,14,15,99
6918,2019,2,2019-03-31 16:40:00,Sunday,Gold Coast,Fremantle,Carrara,T,7,19,61,8,10,58
6917,2019,2,2019-03-31 15:20:00,Sunday,Hawthorn,Western Bulldogs,M.C.G.,D,13,9,87,16,10,106
6916,2019,2,2019-03-31 13:10:00,Sunday,North Melbourne,Brisbane Lions,Docklands,D,13,9,87,16,11,107
6915,2019,2,2019-03-30 20:10:00,Saturday,West Coast,Greater Western Sydney,Perth Stadium,N,16,8,104,7,10,52
6914,2019,2,2019-03-30 19:25:00,Saturday,Geelong,Melbourne,Kardinia Park,N,20,6,126,6,10,46
6913,2019,2,2019-03-30 17:10:00,Saturday,Port Adelaide,Carlton,Adelaide Oval,T,13,10,88,11,6,72
6912,2019,2,2019-03-30 16:35:00,Saturday,Essendon,St Kilda,Docklands,T,9,11,65,10,16,76
6911,2019,2,2019-03-29 19:50:00,Friday,Sydney,Adelaide,S.C.G.,N,8,14,62,12,16,88
6910,2019,2,2019-03-28 19:20:00,Thursday,Richmond,Collingwood,M.C.G.,N,10,6,66,17,8,110
6909,2019,1,2019-03-24 18:20:00,Sunday,Fremantle,North Melbourne,Perth Stadium,D,21,15,141,9,5,59
6908,2019,1,2019-03-24 15:20:00,Sunday,Greater Western Sydney,Essendon,Sydney Showground,D,16,16,112,5,10,40
6907,2019,1,2019-03-24 13:10:00,Sunday,St Kilda,Gold Coast,Docklands,D,13,7,85,13,6,84
6906,2019,1,2019-03-23 20:20:00,Saturday,Brisbane Lions,West Coast,Gabba,N,15,12,102,8,10,58
6905,2019,1,2019-03-23 19:25:00,Saturday,Western Bulldogs,Sydney,Docklands,N,11,16,82,9,11,65
6904,2019,1,2019-03-23 16:35:00,Saturday,Adelaide,Hawthorn,Adelaide Oval,T,7,13,55,12,15,87
6903,2019,1,2019-03-23 13:45:00,Saturday,Melbourne,Port Adelaide,M.C.G.,D,9,7,61,12,15,87
6902,2019,1,2019-03-22 19:50:00,Friday,Collingwood,Geelong,M.C.G.,N,9,11,65,10,12,72
6901,2019,1,2019-03-21 19:25:00,Thursday,Carlton,Richmond,M.C.G.,N,9,10,64,14,13,97
6709,2018,GF,2018-09-29 14:30:00,Saturday,West Coast,Collingwood,M.C.G.,D,11,13,79,11,8,74
6708,2018,PF,2018-09-22 13:20:00,Saturday,West Coast,Melbourne,Perth Stadium,D,18,13,121,7,13,55
6707,2018,PF,2018-09-21 19:50:00,Friday,Richmond,Collingwood,M.C.G.,N,8,10,58,15,7,97
6706,2018,SF,2018-09-15 19:25:00,Saturday,Collingwood,Greater Western Sydney,M.C.G.,N,9,15,69,9,5,59
6705,2018,SF,2018-09-14 19:50:00,Friday,Hawthorn,Melbourne,M.C.G.,N,10,11,71,16,8,104
6704,2018,QF,2018-09-08 20:10:00,Saturday,West Coast,Collingwood,Perth Stadium,N,12,14,86,10,10,70
6703,2018,EF,2018-09-08 16:20:00,Saturday,Sydney,Greater Western Sydney,S.C.G.,T,4,6,30,10,19,79
6702,2018,EF,2018-09-07 19:50:00,Friday,Melbourne,Geelong,M.C.G.,N,10,15,75,6,10,46
6701,2018,QF,2018-09-06 19:20:00,Thursday,Richmond,Hawthorn,M.C.G.,N,13,17,95,9,10,64
6698,2018,23,2018-08-26 16:40:00,Sunday,St Kilda,North Melbourne,Docklands,T,14,10,94,17,15,117
6697,2018,23,2018-08-26 15:20:00,Sunday,Melbourne,Greater Western Sydney,M.C.G.,D,15,12,102,8,9,57
6696,2018,23,2018-08-26 13:10:00,Sunday,Brisbane Lions,West Coast,Gabba,D,11,6,72,14,14,98
6695,2018,23,2018-08-25 19:25:00,Saturday,Sydney,Hawthorn,S.C.G.,N,10,14,74,12,11,83
6694,2018,23,2018-08-25 19:25:00,Saturday,Carlton,Adelaide,Docklands,N,8,13,61,26,9,165
6693,2018,23,2018-08-25 16:35:00,Saturday,Fremantle,Collingwood,Perth Stadium,D,9,13,67,11,10,76
6692,2018,23,2018-08-25 14:10:00,Saturday,Richmond,Western Bulldogs,M.C.G.,D,15,8,98,14,11,95
6691,2018,23,2018-08-25 13:45:00,Saturday,Geelong,Gold Coast,Kardinia Park,D,22,10,142,5,10,40
6690,2018,23,2018-08-24 19:50:00,Friday,Port Adelaide,Essendon,Adelaide Oval,N,13,11,89,17,9,111
6689,2018,22,2018-08-19 16:40:00,Sunday,Adelaide,North Melbourne,Adelaide Oval,T,12,14,86,11,11,77
6688,2018,22,2018-08-19 15:20:00,Sunday,West Coast,Melbourne,Perth Stadium,D,14,7,91,16,12,108
6687,2018,22,2018-08-19 13:10:00,Sunday,Carlton,Western Bulldogs,Docklands,D,7,7,49,10,6,66
6686,2018,22,2018-08-18 19:25:00,Saturday,St Kilda,Hawthorn,Docklands,N,11,10,76,12,8,80
6685,2018,22,2018-08-18 19:25:00,Saturday,Gold Coast,Brisbane Lions,Carrara,N,11,8,74,10,18,78
6684,2018,22,2018-08-18 16:35:00,Saturday,Greater Western Sydney,Sydney,Sydney Showground,T,8,12,60,11,14,80
6683,2018,22,2018-08-18 14:10:00,Saturday,Geelong,Fremantle,Kardinia Park,D,24,14,158,3,7,25
6682,2018,22,2018-08-18 13:45:00,Saturday,Collingwood,Port Adelaide,M.C.G.,D,17,13,115,10,4,64
6681,2018,22,2018-08-17 19:50:00,Friday,Richmond,Essendon,M.C.G.,N,12,9,81,11,7,73
6680,2018,21,2018-08-12 16:40:00,Sunday,Fremantle,Carlton,Perth Stadium,D,15,11,101,10,12,72
6679,2018,21,2018-08-12 15:20:00,Sunday,Melbourne,Sydney,M.C.G.,T,10,18,78,13,9,87
6678,2018,21,2018-08-12 13:10:00,Sunday,North Melbourne,Western Bulldogs,Docklands,D,12,13,85,13,14,92
6677,2018,21,2018-08-11 19:25:00,Saturday,Greater Western Sydney,Adelaide,Manuka Oval,N,15,16,106,13,14,92
6676,2018,21,2018-08-11 19:25:00,Saturday,Collingwood,Brisbane Lions,Docklands,N,14,20,104,11,7,73
6675,2018,21,2018-08-11 16:35:00,Saturday,Port Adelaide,West Coast,Adelaide Oval,T,9,4,58,9,8,62
6674,2018,21,2018-08-11 14:10:00,Saturday,Gold Coast,Richmond,Carrara,D,7,9,51,19,11,125
6673,2018,21,2018-08-11 13:45:00,Saturday,Hawthorn,Geelong,M.C.G.,D,10,11,71,8,12,60
6672,2018,21,2018-08-10 19:50:00,Friday,Essendon,St Kilda,Docklands,N,18,14,122,11,13,79
6671,2018,20,2018-08-05 16:40:00,Sunday,West Coast,Fremantle,Perth Stadium,D,21,16,142,13,6,84
6670,2018,20,2018-08-05 15:20:00,Sunday,Melbourne,Gold Coast,M.C.G.,T,21,17,143,7,5,47
6669,2018,20,2018-08-05 13:10:00,Sunday,Carlton,Greater Western Sydney,Docklands,D,7,4,46,23,13,151
6668,2018,20,2018-08-04 19:25:00,Saturday,Sydney,Collingwood,S.C.G.,N,11,7,73,10,11,71
6667,2018,20,2018-08-04 19:25:00,Saturday,St Kilda,Western Bulldogs,Docklands,N,9,14,68,15,13,103
6666,2018,20,2018-08-04 16:35:00,Saturday,Adelaide,Port Adelaide,Adelaide Oval,T,13,18,96,14,9,93
6665,2018,20,2018-08-04 14:10:00,Saturday,Brisbane Lions,North Melbourne,Gabba,D,16,8,104,16,11,107
6664,2018,20,2018-08-04 13:45:00,Saturday,Hawthorn,Essendon,M.C.G.,D,16,11,107,16,7,103
6663,2018,20,2018-08-03 19:50:00,Friday,Richmond,Geelong,M.C.G.,N,12,13,85,12,10,82
6662,2018,19,2018-07-29 16:40:00,Sunday,Fremantle,Hawthorn,Perth Stadium,D,7,11,53,17,10,112
6661,2018,19,2018-07-29 15:20:00,Sunday,Western Bulldogs,Port Adelaide,Eureka Stadium,T,5,4,34,11,12,78
6660,2018,19,2018-07-29 13:10:00,Sunday,North Melbourne,West Coast,Bellerive Oval,D,12,9,81,6,5,41
6659,2018,19,2018-07-28 19:40:00,Saturday,Adelaide,Melbourne,Adelaide Oval,N,10,17,77,13,12,90
6658,2018,19,2018-07-28 19:25:00,Saturday,Gold Coast,Carlton,Carrara,N,5,14,44,12,7,79
6657,2018,19,2018-07-28 16:35:00,Saturday,Greater Western Sydney,St Kilda,Sydney Showground,T,13,8,86,8,13,61
6656,2018,19,2018-07-28 14:10:00,Saturday,Geelong,Brisbane Lions,Kardinia Park,D,18,12,120,11,12,78
6655,2018,19,2018-07-28 13:45:00,Saturday,Richmond,Collingwood,M.C.G.,D,16,9,105,12,5,77
6654,2018,19,2018-07-27 19:50:00,Friday,Essendon,Sydney,Docklands,N,15,19,109,10,6,66
6653,2018,18,2018-07-22 16:40:00,Sunday,Port Adelaide,Greater Western Sydney,Adelaide Oval,T,8,10,58,11,14,80
6652,2018,18,2018-07-22 15:20:00,Sunday,West Coast,Western Bulldogs,Perth Stadium,D,14,16,100,6,10,46
6651,2018,18,2018-07-22 13:10:00,Sunday,Carlton,Hawthorn,Docklands,D,7,10,52,18,16,124
6650,2018,18,2018-07-21 19:25:00,Saturday,Geelong,Melbourne,Kardinia Park,N,16,4,100,14,14,98
6649,2018,18,2018-07-21 19:25:00,Saturday,Brisbane Lions,Adelaide,Gabba,N,13,10,88,13,15,93
6648,2018,18,2018-07-21 16:35:00,Saturday,Essendon,Fremantle,Docklands,T,13,21,99,11,4,70
6647,2018,18,2018-07-21 14:10:00,Saturday,Sydney,Gold Coast,S.C.G.,D,8,16,64,12,16,88
6646,2018,18,2018-07-21 13:45:00,Saturday,Collingwood,North Melbourne,M.C.G.,D,20,10,130,9,10,64
6645,2018,18,2018-07-20 19:50:00,Friday,St Kilda,Richmond,Docklands,N,8,9,57,16,15,111
6644,2018,17,2018-07-15 16:40:00,Sunday,Fremantle,Port Adelaide,Perth Stadium,D,8,11,59,7,8,50
6643,2018,17,2018-07-15 15:20:00,Sunday,North Melbourne,Sydney,Docklands,T,15,8,98,16,8,104
6642,2018,17,2018-07-15 13:10:00,Sunday,Collingwood,West Coast,M.C.G.,D,9,13,67,15,12,102
6641,2018,17,2018-07-14 19:25:00,Saturday,Greater Western Sydney,Richmond,Sydney Showground,N,11,13,79,10,17,77
6640,2018,17,2018-07-14 19:25:00,Saturday,Gold Coast,Essendon,Carrara,N,6,15,51,13,17,95
6639,2018,17,2018-07-14 16:35:00,Saturday,Melbourne,Western Bulldogs,M.C.G.,T,18,11,119,10,9,69
6638,2018,17,2018-07-14 13:45:00,Saturday,Hawthorn,Brisbane Lions,York Park,D,9,11,65,15,8,98
6637,2018,17,2018-07-13 19:50:00,Friday,St Kilda,Carlton,Docklands,N,16,20,116,7,10,52
6636,2018,17,2018-07-12 19:50:00,Thursday,Adelaide,Geelong,Adelaide Oval,N,16,16,112,14,13,97
6635,2018,16,2018-07-08 16:40:00,Sunday,West Coast,Greater Western Sydney,Perth Stadium,D,13,8,86,10,15,75
6634,2018,16,2018-07-08 15:20:00,Sunday,Essendon,Collingwood,M.C.G.,T,9,8,62,12,6,78
6633,2018,16,2018-07-08 13:10:00,Sunday,North Melbourne,Gold Coast,Docklands,D,14,11,95,8,10,58
6632,2018,16,2018-07-07 19:40:00,Saturday,Melbourne,Fremantle,Marrara Oval,N,13,24,102,7,6,48
6631,2018,16,2018-07-07 19:25:00,Saturday,Western Bulldogs,Hawthorn,Docklands,N,9,5,59,19,8,122
6630,2018,16,2018-07-07 16:35:00,Saturday,Port Adelaide,St Kilda,Adelaide Oval,T,12,14,86,7,8,50
6629,2018,16,2018-07-07 13:45:00,Saturday,Brisbane Lions,Carlton,Gabba,D,18,12,120,7,13,55
6628,2018,16,2018-07-06 19:50:00,Friday,Richmond,Adelaide,M.C.G.,N,15,13,103,8,8,56
6627,2018,16,2018-07-05 19:20:00,Thursday,Sydney,Geelong,S.C.G.,N,9,5,59,8,23,71
6626,2018,15,2018-07-01 16:40:00,Sunday,Fremantle,Brisbane Lions,Perth Stadium,D,9,10,64,18,11,119
6625,2018,15,2018-07-01 15:20:00,Sunday,Essendon,North Melbourne,Docklands,T,19,11,125,16,12,108
6624,2018,15,2018-07-01 13:10:00,Sunday,Melbourne,St Kilda,M.C.G.,D,18,9,117,18,11,119
6623,2018,15,2018-06-30 19:25:00,Saturday,Greater Western Sydney,Hawthorn,Sydney Showground,N,13,17,95,13,6,84
6622,2018,15,2018-06-30 19:25:00,Saturday,Gold Coast,Collingwood,Carrara,N,8,12,60,14,15,99
6621,2018,15,2018-06-30 16:35:00,Saturday,Adelaide,West Coast,Adelaide Oval,T,12,16,88,12,6,78
6620,2018,15,2018-06-30 13:45:00,Saturday,Carlton,Port Adelaide,M.C.G.,D,10,9,69,13,12,90
6619,2018,15,2018-06-29 19:50:00,Friday,Western Bulldogs,Geelong,Docklands,N,16,7,103,15,11,101
6618,2018,15,2018-06-28 19:20:00,Thursday,Richmond,Sydney,Docklands,N,14,9,93,11,1,67
6617,2018,14,2018-06-24 15:20:00,Sunday,Collingwood,Carlton,M.C.G.,T,11,13,79,9,5,59
6616,2018,14,2018-06-23 19:25:00,Saturday,Western Bulldogs,North Melbourne,Docklands,N,11,9,75,12,5,77
6615,2018,14,2018-06-23 16:35:00,Saturday,Brisbane Lions,Greater Western Sydney,Gabba,T,12,10,82,16,13,109
6614,2018,14,2018-06-23 13:45:00,Saturday,Hawthorn,Gold Coast,York Park,D,13,18,96,5,13,43
6613,2018,14,2018-06-22 19:50:00,Friday,Port Adelaide,Melbourne,Adelaide Oval,N,11,9,75,9,11,65
6612,2018,14,2018-06-21 20:10:00,Thursday,West Coast,Essendon,Perth Stadium,N,6,16,52,12,8,80
6611,2018,13,2018-06-17 15:20:00,Sunday,Geelong,Richmond,M.C.G.,T,9,11,65,12,11,83
6610,2018,13,2018-06-16 19:25:00,Saturday,Hawthorn,Adelaide,M.C.G.,N,12,16,88,4,8,32
6609,2018,13,2018-06-16 16:35:00,Saturday,Gold Coast,St Kilda,Carrara,T,11,12,78,11,14,80
6608,2018,13,2018-06-16 13:45:00,Saturday,Carlton,Fremantle,Docklands,D,6,10,46,15,13,103
6607,2018,13,2018-06-15 19:50:00,Friday,Sydney,West Coast,S.C.G.,N,10,12,72,7,15,57
6606,2018,13,2018-06-14 19:50:00,Thursday,Port Adelaide,Western Bulldogs,Adelaide Oval,N,20,12,132,11,9,75
6605,2018,12,2018-06-11 15:20:00,Monday,Melbourne,Collingwood,M.C.G.,T,14,7,91,20,13,133
6604,2018,12,2018-06-10 16:40:00,Sunday,Fremantle,Adelaide,Perth Stadium,D,10,11,71,9,14,68
6603,2018,12,2018-06-10 13:10:00,Sunday,Brisbane Lions,Essendon,Gabba,D,8,14,62,12,12,84
6602,2018,12,2018-06-09 19:25:00,Saturday,St Kilda,Sydney,Docklands,N,7,13,55,19,12,126
6601,2018,12,2018-06-09 16:35:00,Saturday,Greater Western Sydney,Gold Coast,Sydney Showground,T,20,14,134,4,2,26
6600,2018,12,2018-06-09 13:45:00,Saturday,Geelong,North Melbourne,Kardinia Park,D,14,12,96,8,11,59
6599,2018,12,2018-06-08 19:50:00,Friday,Port Adelaide,Richmond,Adelaide Oval,N,10,12,72,8,10,58
6598,2018,11,2018-06-03 16:40:00,Sunday,Adelaide,Greater Western Sydney,Adelaide Oval,T,11,15,81,14,13,97
6597,2018,11,2018-06-03 15:20:00,Sunday,Collingwood,Fremantle,M.C.G.,T,21,12,138,12,5,77
6596,2018,11,2018-06-03 13:10:00,Sunday,North Melbourne,Brisbane Lions,Docklands,D,21,15,141,12,15,87
6595,2018,11,2018-06-02 20:10:00,Saturday,West Coast,St Kilda,Perth Stadium,N,16,5,101,14,4,88
6594,2018,11,2018-06-02 19:25:00,Saturday,Essendon,Richmond,M.C.G.,N,6,7,43,17,12,114
6593,2018,11,2018-06-02 16:35:00,Saturday,Gold Coast,Geelong,Carrara,T,4,12,36,17,19,121
6592,2018,11,2018-06-02 14:10:00,Saturday,Hawthorn,Port Adelaide,York Park,D,9,10,64,9,7,61
6591,2018,11,2018-06-02 13:45:00,Saturday,Western Bulldogs,Melbourne,Docklands,D,7,9,51,15,10,100
6590,2018,11,2018-06-01 19:50:00,Friday,Sydney,Carlton,S.C.G.,N,13,13,91,9,7,61
6589,2018,10,2018-05-27 16:40:00,Sunday,Fremantle,North Melbourne,Perth Stadium,D,8,10,58,12,14,86
6588,2018,10,2018-05-27 15:20:00,Sunday,Melbourne,Adelaide,Traeger Park,D,23,8,146,8,7,55
6587,2018,10,2018-05-27 13:10:00,Sunday,Hawthorn,West Coast,Docklands,D,9,6,60,11,9,75
6586,2018,10,2018-05-26 19:25:00,Saturday,Greater Western Sydney,Essendon,Sydney Showground,N,8,12,60,14,11,95
6585,2018,10,2018-05-26 19:25:00,Saturday,Geelong,Carlton,Kardinia Park,N,11,7,73,5,15,45
6584,2018,10,2018-05-26 16:35:00,Saturday,Brisbane Lions,Sydney,Gabba,T,6,13,49,10,7,67
6583,2018,10,2018-05-26 13:45:00,Saturday,Richmond,St Kilda,M.C.G.,D,15,15,105,12,5,77
6582,2018,10,2018-05-25 19:50:00,Friday,Collingwood,Western Bulldogs,Docklands,N,13,12,90,8,7,55
6581,2018,9,2018-05-20 16:40:00,Sunday,West Coast,Richmond,Perth Stadium,D,20,10,130,12,11,83
6580,2018,9,2018-05-20 15:20:00,Sunday,Brisbane Lions,Hawthorn,Gabba,T,20,9,129,11,7,73
6579,2018,9,2018-05-20 13:10:00,Sunday,Carlton,Melbourne,M.C.G.,D,7,8,50,25,9,159
6578,2018,9,2018-05-19 19:25:00,Saturday,Sydney,Fremantle,S.C.G.,N,17,9,111,7,10,52
6577,2018,9,2018-05-19 19:25:00,Saturday,St Kilda,Collingwood,Docklands,N,10,12,72,15,10,100
6576,2018,9,2018-05-19 16:35:00,Saturday,Essendon,Geelong,M.C.G.,T,12,12,84,7,8,50
6575,2018,9,2018-05-19 15:15:00,Saturday,Gold Coast,Port Adelaide,Jiangwan Stadium,D,6,6,42,11,16,82
6574,2018,9,2018-05-19 13:45:00,Saturday,North Melbourne,Greater Western Sydney,Bellerive Oval,D,17,10,112,9,15,69
6573,2018,9,2018-05-18 19:50:00,Friday,Adelaide,Western Bulldogs,Adelaide Oval,N,9,9,63,2,14,26
6572,2018,8,2018-05-13 15:20:00,Sunday,Collingwood,Geelong,M.C.G.,T,5,15,45,9,12,66
6571,2018,8,2018-05-13 13:10:00,Sunday,North Melbourne,Richmond,Docklands,D,11,6,72,12,10,82
6570,2018,8,2018-05-12 20:10:00,Saturday,Fremantle,St Kilda,Perth Stadium,N,13,11,89,8,11,59
6569,2018,8,2018-05-12 19:25:00,Saturday,Western Bulldogs,Brisbane Lions,Docklands,N,16,11,107,14,9,93
6568,2018,8,2018-05-12 17:10:00,Saturday,Port Adelaide,Adelaide,Adelaide Oval,T,14,11,95,14,6,90
6567,2018,8,2018-05-12 16:35:00,Saturday,Gold Coast,Melbourne,Gabba,T,11,11,77,21,20,146
6566,2018,8,2018-05-12 14:10:00,Saturday,Carlton,Essendon,M.C.G.,D,14,7,91,10,18,78
6565,2018,8,2018-05-12 13:45:00,Saturday,Greater Western Sydney,West Coast,Sydney Showground,D,8,13,61,12,14,86
6564,2018,8,2018-05-11 19:50:00,Friday,Hawthorn,Sydney,M.C.G.,N,10,11,71,12,7,79
6563,2018,7,2018-05-06 16:40:00,Sunday,Brisbane Lions,Collingwood,Gabba,T,18,6,114,19,7,121
6562,2018,7,2018-05-06 15:20:00,Sunday,St Kilda,Melbourne,Docklands,T,9,13,67,16,10,106
6561,2018,7,2018-05-06 13:10:00,Sunday,Richmond,Fremantle,M.C.G.,D,15,20,110,4,9,33
6560,2018,7,2018-05-05 19:40:00,Saturday,Adelaide,Carlton,Adelaide Oval,N,19,11,125,10,10,70
6559,2018,7,2018-05-05 19:25:00,Saturday,Sydney,North Melbourne,S.C.G.,N,9,12,66,9,14,68
6558,2018,7,2018-05-05 16:35:00,Saturday,West Coast,Port Adelaide,Perth Stadium,D,16,6,102,9,6,60
6557,2018,7,2018-05-05 14:10:00,Saturday,Essendon,Hawthorn,M.C.G.,D,10,7,67,13,12,90
6556,2018,7,2018-05-05 13:45:00,Saturday,Western Bulldogs,Gold Coast,Eureka Stadium,D,11,15,81,10,12,72
6555,2018,7,2018-05-04 19:50:00,Friday,Geelong,Greater Western Sydney,Kardinia Park,N,14,9,93,4,8,32
6554,2018,6,2018-04-29 16:40:00,Sunday,Fremantle,West Coast,Perth Stadium,D,12,9,81,13,11,89
6553,2018,6,2018-04-29 15:20:00,Sunday,Collingwood,Richmond,M.C.G.,T,10,10,70,16,17,113
6552,2018,6,2018-04-29 13:10:00,Sunday,Essendon,Melbourne,Docklands,D,10,12,72,16,12,108
6551,2018,6,2018-04-28 19:40:00,Saturday,Adelaide,Gold Coast,Adelaide Oval,N,16,14,110,9,8,62
6550,2018,6,2018-04-28 19:25:00,Saturday,Hawthorn,St Kilda,York Park,N,13,11,89,7,12,54
6549,2018,6,2018-04-28 16:35:00,Saturday,Greater Western Sydney,Brisbane Lions,Sydney Showground,T,10,17,77,5,13,43
6548,2018,6,2018-04-28 14:10:00,Saturday,North Melbourne,Port Adelaide,Docklands,D,10,9,69,15,12,102
6547,2018,6,2018-04-28 13:45:00,Saturday,Geelong,Sydney,Kardinia Park,D,10,9,69,12,14,86
6546,2018,6,2018-04-27 19:50:00,Friday,Western Bulldogs,Carlton,Docklands,N,11,14,80,8,11,59
6545,2018,5,2018-04-25 15:20:00,Wednesday,Collingwood,Essendon,M.C.G.,T,14,17,101,7,10,52
6544,2018,5,2018-04-24 19:25:00,Tuesday,Melbourne,Richmond,M.C.G.,N,8,8,56,15,12,102
6543,2018,5,2018-04-22 16:40:00,Sunday,Brisbane Lions,Gold Coast,Gabba,T,10,11,71,11,10,76
6542,2018,5,2018-04-22 15:20:00,Sunday,North Melbourne,Hawthorn,Docklands,T,14,14,98,11,4,70
6541,2018,5,2018-04-21 20:15:00,Saturday,Fremantle,Western Bulldogs,Perth Stadium,N,16,12,108,8,6,54
6540,2018,5,2018-04-21 19:40:00,Saturday,Port Adelaide,Geelong,Adelaide Oval,N,7,8,50,12,12,84
6539,2018,5,2018-04-21 16:35:00,Saturday,Carlton,West Coast,M.C.G.,T,10,9,69,10,19,79
6538,2018,5,2018-04-21 13:45:00,Saturday,St Kilda,Greater Western Sydney,Docklands,D,10,13,73,9,19,73
6537,2018,5,2018-04-20 19:50:00,Friday,Sydney,Adelaide,S.C.G.,N,10,15,75,12,13,85
6536,2018,4,2018-04-15 16:40:00,Sunday,Geelong,St Kilda,Kardinia Park,T,15,13,103,7,14,56
6535,2018,4,2018-04-15 15:20:00,Sunday,Hawthorn,Melbourne,M.C.G.,T,18,7,115,6,12,48
6534,2018,4,2018-04-15 13:10:00,Sunday,Essendon,Port Adelaide,Docklands,D,16,10,106,12,12,84
6533,2018,4,2018-04-14 20:10:00,Saturday,West Coast,Gold Coast,Perth Stadium,N,21,13,139,9,5,59
6532,2018,4,2018-04-14 19:25:00,Saturday,North Melbourne,Carlton,Bellerive Oval,N,18,8,116,4,6,30
6531,2018,4,2018-04-14 16:35:00,Saturday,Western Bulldogs,Sydney,Docklands,T,11,13,79,13,8,86
6530,2018,4,2018-04-14 14:10:00,Saturday,Richmond,Brisbane Lions,M.C.G.,D,16,14,110,2,5,17
6529,2018,4,2018-04-14 13:45:00,Saturday,Greater Western Sydney,Fremantle,Manuka Oval,D,11,16,82,7,9,51
6528,2018,4,2018-04-13 19:50:00,Friday,Adelaide,Collingwood,Adelaide Oval,N,9,4,58,16,10,106
6527,2018,3,2018-04-08 16:40:00,Sunday,West Coast,Geelong,Perth Stadium,D,14,11,95,11,14,80
6526,2018,3,2018-04-08 15:20:00,Sunday,Western Bulldogs,Essendon,Docklands,T,14,20,104,12,11,83
6525,2018,3,2018-04-08 13:10:00,Sunday,Richmond,Hawthorn,M.C.G.,D,15,12,102,13,11,89
6524,2018,3,2018-04-07 19:25:00,Saturday,Sydney,Greater Western Sydney,S.C.G.,N,16,7,103,12,15,87
6523,2018,3,2018-04-07 19:25:00,Saturday,St Kilda,Adelaide,Docklands,N,7,13,55,15,14,104
6522,2018,3,2018-04-07 16:35:00,Saturday,Gold Coast,Fremantle,Perth Stadium,D,10,8,68,13,18,96
6521,2018,3,2018-04-07 14:10:00,Saturday,Melbourne,North Melbourne,M.C.G.,D,18,15,123,13,8,86
6520,2018,3,2018-04-07 13:45:00,Saturday,Port Adelaide,Brisbane Lions,Adelaide Oval,D,14,13,97,14,8,92
6519,2018,3,2018-04-06 19:50:00,Friday,Carlton,Collingwood,M.C.G.,N,11,10,76,16,4,100
6518,2018,2,2018-04-02 15:20:00,Monday,Geelong,Hawthorn,M.C.G.,T,18,9,117,17,16,118
6517,2018,2,2018-04-01 16:40:00,Sunday,Sydney,Port Adelaide,S.C.G.,T,10,11,71,14,10,94
6516,2018,2,2018-04-01 15:20:00,Sunday,Western Bulldogs,West Coast,Docklands,T,9,16,70,18,13,121
6515,2018,2,2018-03-31 20:10:00,Saturday,Fremantle,Essendon,Perth Stadium,T,16,10,106,14,6,90
6514,2018,2,2018-03-31 19:25:00,Saturday,Brisbane Lions,Melbourne,Gabba,N,10,14,74,14,16,100
6513,2018,2,2018-03-31 16:35:00,Saturday,Collingwood,Greater Western Sydney,M.C.G.,T,12,7,79,15,5,95
6512,2018,2,2018-03-31 13:45:00,Saturday,Carlton,Gold Coast,Docklands,D,9,13,67,15,11,101
6511,2018,2,2018-03-30 16:20:00,Friday,North Melbourne,St Kilda,Docklands,T,13,17,95,5,13,43
6510,2018,2,2018-03-29 19:50:00,Thursday,Adelaide,Richmond,Adelaide Oval,N,18,10,118,12,10,82
6509,2018,1,2018-03-25 19:20:00,Sunday,West Coast,Sydney,Perth Stadium,T,13,8,86,18,7,115
6508,2018,1,2018-03-25 15:20:00,Sunday,Melbourne,Geelong,M.C.G.,T,13,16,94,14,13,97
6507,2018,1,2018-03-25 13:10:00,Sunday,Greater Western Sydney,Western Bulldogs,Manuka Oval,D,20,13,133,7,9,51
6506,2018,1,2018-03-24 19:25:00,Saturday,Hawthorn,Collingwood,M.C.G.,N,15,11,101,9,13,67
6505,2018,1,2018-03-24 19:25:00,Saturday,Gold Coast,North Melbourne,Cazaly's Stadium,N,7,13,55,5,9,39
6504,2018,1,2018-03-24 16:35:00,Saturday,Port Adelaide,Fremantle,Adelaide Oval,T,16,14,110,9,6,60
6503,2018,1,2018-03-24 15:35:00,Saturday,St Kilda,Brisbane Lions,Docklands,T,16,11,107,12,10,82
6502,2018,1,2018-03-23 19:50:00,Friday,Essendon,Adelaide,Docklands,N,14,15,99,12,15,87
6501,2018,1,2018-03-22 19:25:00,Thursday,Richmond,Carlton,M.C.G.,N,17,19,121,15,5,95
6209,2017,GF,2017-09-30 14:30:00,Saturday,Adelaide,Richmond,M.C.G.,D,8,12,60,16,12,108
6208,2017,PF,2017-09-23 16:45:00,Saturday,Richmond,Greater Western Sydney,M.C.G.,T,15,13,103,9,13,67
6207,2017,PF,2017-09-22 19:50:00,Friday,Adelaide,Geelong,Adelaide Oval,N,21,10,136,10,15,75
6206,2017,SF,2017-09-16 19:25:00,Saturday,Greater Western Sydney,West Coast,Sydney Showground,N,19,11,125,9,4,58
6205,2017,SF,2017-09-15 19:50:00,Friday,Geelong,Sydney,M.C.G.,N,15,8,98,5,9,39
6204,2017,EF,2017-09-09 19:50:00,Saturday,Port Adelaide,West Coast,Adelaide Oval,N,10,16,76,12,6,78
6203,2017,EF,2017-09-09 16:20:00,Saturday,Sydney,Essendon,S.C.G.,T,19,7,121,8,8,56
6202,2017,QF,2017-09-08 19:50:00,Friday,Geelong,Richmond,M.C.G.,N,5,10,40,13,13,91
6201,2017,QF,2017-09-07 19:50:00,Thursday,Adelaide,Greater Western Sydney,Adelaide Oval,N,12,12,84,6,12,48
6198,2017,23,2017-08-27 16:40:00,Sunday,West Coast,Adelaide,Subiaco,D,15,10,100,10,11,71
6197,2017,23,2017-08-27 15:20:00,Sunday,Richmond,St Kilda,M.C.G.,D,19,8,122,12,9,81
6196,2017,23,2017-08-27 13:10:00,Sunday,Essendon,Fremantle,Docklands,D,16,11,107,14,8,92
6195,2017,23,2017-08-26 19:40:00,Saturday,Port Adelaide,Gold Coast,Adelaide Oval,N,20,15,135,3,2,20
6194,2017,23,2017-08-26 19:25:00,Saturday,Geelong,Greater Western Sydney,Kardinia Park,N,15,13,103,8,11,59
6193,2017,23,2017-08-26 16:35:00,Saturday,Sydney,Carlton,S.C.G.,T,21,12,138,8,9,57
6192,2017,23,2017-08-26 14:10:00,Saturday,Brisbane Lions,North Melbourne,Gabba,D,11,13,79,19,16,130
6191,2017,23,2017-08-26 13:45:00,Saturday,Collingwood,Melbourne,M.C.G.,D,14,15,99,12,11,83
6190,2017,23,2017-08-25 19:50:00,Friday,Hawthorn,Western Bulldogs,Docklands,N,15,9,99,13,12,90
6189,2017,22,2017-08-20 16:40:00,Sunday,Fremantle,Richmond,Subiaco,D,7,9,51,25,5,155
6188,2017,22,2017-08-20 15:20:00,Sunday,St Kilda,North Melbourne,Docklands,D,18,19,127,12,6,78
6187,2017,22,2017-08-20 13:10:00,Sunday,Melbourne,Brisbane Lions,M.C.G.,D,16,8,104,14,7,91
6186,2017,22,2017-08-19 19:25:00,Saturday,Gold Coast,Essendon,Carrara,N,9,3,57,12,18,90
6185,2017,22,2017-08-19 19:25:00,Saturday,Carlton,Hawthorn,Docklands,N,12,5,77,10,10,70
6184,2017,22,2017-08-19 16:35:00,Saturday,Greater Western Sydney,West Coast,Sydney Showground,T,12,9,81,9,6,60
6183,2017,22,2017-08-19 14:10:00,Saturday,Collingwood,Geelong,M.C.G.,D,9,5,59,10,10,70
6182,2017,22,2017-08-19 13:45:00,Saturday,Western Bulldogs,Port Adelaide,Eureka Stadium,D,11,13,79,14,12,96
6181,2017,22,2017-08-18 19:50:00,Friday,Adelaide,Sydney,Adelaide Oval,N,11,14,80,13,5,83
6180,2017,21,2017-08-13 16:40:00,Sunday,Port Adelaide,Collingwood,Adelaide Oval,T,14,14,98,10,11,71
6179,2017,21,2017-08-13 15:20:00,Sunday,Hawthorn,North Melbourne,York Park,D,18,8,116,14,5,89
6178,2017,21,2017-08-13 13:10:00,Sunday,Melbourne,St Kilda,M.C.G.,D,14,12,96,10,12,72
6177,2017,21,2017-08-12 19:40:00,Saturday,West Coast,Carlton,Subiaco,T,15,10,100,12,11,83
6176,2017,21,2017-08-12 19:25:00,Saturday,Essendon,Adelaide,Docklands,N,12,8,80,18,15,123
6175,2017,21,2017-08-12 16:35:00,Saturday,Brisbane Lions,Gold Coast,Gabba,T,22,10,142,12,12,84
6174,2017,21,2017-08-12 14:10:00,Saturday,Geelong,Richmond,Kardinia Park,D,11,14,80,9,12,66
6173,2017,21,2017-08-12 13:45:00,Saturday,Sydney,Fremantle,S.C.G.,D,22,11,143,5,9,39
6172,2017,21,2017-08-11 19:50:00,Friday,Western Bulldogs,Greater Western Sydney,Docklands,N,7,15,57,16,9,105
6171,2017,20,2017-08-06 16:40:00,Sunday,Adelaide,Port Adelaide,Adelaide Oval,T,18,22,130,7,4,46
6170,2017,20,2017-08-06 15:20:00,Sunday,Richmond,Hawthorn,M.C.G.,D,13,15,93,9,10,64
6169,2017,20,2017-08-06 13:10:00,Sunday,St Kilda,West Coast,Docklands,D,15,13,103,14,11,95
6168,2017,20,2017-08-05 19:40:00,Saturday,Fremantle,Gold Coast,Subiaco,T,12,18,90,10,7,67
6167,2017,20,2017-08-05 19:25:00,Saturday,North Melbourne,Collingwood,Docklands,N,7,15,57,16,15,111
6166,2017,20,2017-08-05 16:35:00,Saturday,Brisbane Lions,Western Bulldogs,Gabba,T,13,11,89,14,19,103
6165,2017,20,2017-08-05 14:10:00,Saturday,Essendon,Carlton,M.C.G.,D,11,18,84,11,10,76
6164,2017,20,2017-08-05 13:45:00,Saturday,Greater Western Sydney,Melbourne,Manuka Oval,D,14,13,97,10,2,62
6163,2017,20,2017-08-04 19:50:00,Friday,Geelong,Sydney,Kardinia Park,N,8,13,61,16,11,107
6162,2017,19,2017-07-30 16:40:00,Sunday,West Coast,Brisbane Lions,Subiaco,D,17,11,113,6,9,45
6161,2017,19,2017-07-30 15:20:00,Sunday,Collingwood,Adelaide,M.C.G.,D,15,13,103,16,7,103
6160,2017,19,2017-07-30 13:10:00,Sunday,Western Bulldogs,Essendon,Docklands,D,19,13,127,13,19,97
6159,2017,19,2017-07-29 19:25:00,Saturday,Gold Coast,Richmond,Carrara,N,10,5,65,14,14,98
6158,2017,19,2017-07-29 19:25:00,Saturday,Carlton,Geelong,Docklands,N,8,10,58,18,15,123
6157,2017,19,2017-07-29 16:35:00,Saturday,Port Adelaide,St Kilda,Adelaide Oval,T,9,9,63,8,13,61
6156,2017,19,2017-07-29 14:10:00,Saturday,Greater Western Sydney,Fremantle,Sydney Showground,D,13,20,98,13,8,86
6155,2017,19,2017-07-29 13:45:00,Saturday,North Melbourne,Melbourne,Bellerive Oval,D,11,10,76,10,12,72
6154,2017,19,2017-07-28 19:50:00,Friday,Hawthorn,Sydney,M.C.G.,N,10,12,72,9,12,66
6153,2017,18,2017-07-23 16:40:00,Sunday,Brisbane Lions,Carlton,Gabba,T,17,10,112,11,16,82
6152,2017,18,2017-07-23 15:20:00,Sunday,Collingwood,West Coast,Docklands,D,13,15,93,13,7,85
6151,2017,18,2017-07-23 13:10:00,Sunday,Richmond,Greater Western Sydney,M.C.G.,D,9,10,64,6,9,45
6150,2017,18,2017-07-22 19:40:00,Saturday,Fremantle,Hawthorn,Subiaco,T,7,6,48,15,10,100
6149,2017,18,2017-07-22 19:25:00,Saturday,Sydney,St Kilda,S.C.G.,N,14,17,101,9,5,59
6148,2017,18,2017-07-22 16:35:00,Saturday,Western Bulldogs,Gold Coast,Cazaly's Stadium,T,16,14,110,8,8,56
6147,2017,18,2017-07-22 14:10:00,Saturday,Melbourne,Port Adelaide,M.C.G.,D,13,10,88,9,11,65
6146,2017,18,2017-07-22 13:45:00,Saturday,Essendon,North Melbourne,Docklands,D,20,12,132,16,9,105
6145,2017,18,2017-07-21 19:50:00,Friday,Adelaide,Geelong,Adelaide Oval,N,13,13,91,10,10,70
6144,2017,17,2017-07-16 16:40:00,Sunday,Fremantle,West Coast,Subiaco,D,5,14,44,11,8,74
6143,2017,17,2017-07-16 15:20:00,Sunday,Carlton,Western Bulldogs,M.C.G.,D,9,8,62,12,10,82
6142,2017,17,2017-07-16 13:10:00,Sunday,Richmond,Brisbane Lions,Docklands,D,16,16,112,12,9,81
6141,2017,17,2017-07-15 19:40:00,Saturday,Melbourne,Adelaide,Marrara Oval,N,10,10,70,17,14,116
6140,2017,17,2017-07-15 19:25:00,Saturday,Greater Western Sydney,Sydney,Sydney Showground,N,12,11,83,14,12,96
6139,2017,17,2017-07-15 16:35:00,Saturday,Gold Coast,Collingwood,Carrara,T,13,10,88,15,13,103
6138,2017,17,2017-07-15 14:10:00,Saturday,Port Adelaide,North Melbourne,Adelaide Oval,D,19,13,127,8,9,57
6137,2017,17,2017-07-15 13:45:00,Saturday,Geelong,Hawthorn,M.C.G.,D,13,10,88,12,13,85
6136,2017,17,2017-07-14 19:50:00,Friday,St Kilda,Essendon,Docklands,N,7,15,57,17,16,118
6135,2017,16,2017-07-09 16:40:00,Sunday,West Coast,Port Adelaide,Subiaco,D,13,10,88,18,12,120
6134,2017,16,2017-07-09 15:20:00,Sunday,Carlton,Melbourne,M.C.G.,D,12,10,82,14,6,90
6133,2017,16,2017-07-09 13:10:00,Sunday,North Melbourne,Fremantle,Docklands,D,12,10,82,13,8,86
6132,2017,16,2017-07-08 19:25:00,Saturday,Brisbane Lions,Geelong,Gabba,N,11,12,78,25,13,163
6131,2017,16,2017-07-08 19:25:00,Saturday,St Kilda,Richmond,Docklands,N,21,12,138,10,11,71
6130,2017,16,2017-07-08 16:35:00,Saturday,Sydney,Gold Coast,S.C.G.,T,17,16,118,7,9,51
6129,2017,16,2017-07-08 14:10:00,Saturday,Collingwood,Essendon,M.C.G.,D,12,8,80,18,9,117
6128,2017,16,2017-07-08 13:45:00,Saturday,Hawthorn,Greater Western Sydney,York Park,D,14,13,97,15,7,97
6127,2017,16,2017-07-07 19:50:00,Friday,Adelaide,Western Bulldogs,Adelaide Oval,N,16,8,104,5,15,45
6126,2017,15,2017-07-02 16:40:00,Sunday,Fremantle,St Kilda,Subiaco,D,12,8,80,12,17,89
6125,2017,15,2017-07-02 15:20:00,Sunday,Hawthorn,Collingwood,M.C.G.,D,18,10,118,14,10,94
6124,2017,15,2017-07-02 13:10:00,Sunday,Essendon,Brisbane Lions,Docklands,D,11,16,82,13,12,90
6123,2017,15,2017-07-01 19:40:00,Saturday,Port Adelaide,Richmond,Adelaide Oval,N,8,15,63,11,10,76
6122,2017,15,2017-07-01 19:25:00,Saturday,Greater Western Sydney,Geelong,Sydney Showground,N,10,8,68,10,8,68
6121,2017,15,2017-07-01 16:35:00,Saturday,Gold Coast,North Melbourne,Carrara,T,18,10,118,14,15,99
6120,2017,15,2017-07-01 14:10:00,Saturday,Carlton,Adelaide,M.C.G.,D,12,5,77,13,11,89
6119,2017,15,2017-07-01 13:45:00,Saturday,Western Bulldogs,West Coast,Docklands,D,11,14,80,12,15,87
6118,2017,15,2017-06-30 19:50:00,Friday,Melbourne,Sydney,M.C.G.,N,7,8,50,11,19,85
6117,2017,14,2017-06-25 16:40:00,Sunday,St Kilda,Gold Coast,Docklands,T,14,20,104,10,12,72
6116,2017,14,2017-06-25 15:20:00,Sunday,Richmond,Carlton,M.C.G.,D,11,18,84,8,10,58
6115,2017,14,2017-06-25 13:10:00,Sunday,Geelong,Fremantle,Kardinia Park,D,10,14,74,11,6,72
6114,2017,14,2017-06-24 19:40:00,Saturday,West Coast,Melbourne,Subiaco,T,14,12,96,15,9,99
6113,2017,14,2017-06-24 19:25:00,Saturday,Western Bulldogs,North Melbourne,Docklands,N,15,17,107,16,10,106
6112,2017,14,2017-06-24 16:35:00,Saturday,Brisbane Lions,Greater Western Sydney,Gabba,T,12,14,86,22,14,146
6111,2017,14,2017-06-24 13:45:00,Saturday,Collingwood,Port Adelaide,M.C.G.,D,9,8,62,13,15,93
6110,2017,14,2017-06-23 19:50:00,Friday,Sydney,Essendon,S.C.G.,N,11,20,86,12,13,85
6109,2017,14,2017-06-22 19:50:00,Thursday,Adelaide,Hawthorn,Adelaide Oval,N,12,10,82,14,12,96
6108,2017,13,2017-06-18 15:20:00,Sunday,Western Bulldogs,Melbourne,Docklands,D,8,8,56,17,11,113
6107,2017,13,2017-06-17 19:25:00,Saturday,Gold Coast,Carlton,Carrara,N,11,7,73,12,11,83
6106,2017,13,2017-06-17 16:35:00,Saturday,Port Adelaide,Brisbane Lions,Adelaide Oval,T,18,13,121,12,9,81
6105,2017,13,2017-06-17 13:45:00,Saturday,Richmond,Sydney,M.C.G.,D,10,11,71,12,8,80
6104,2017,13,2017-06-16 19:50:00,Friday,North Melbourne,St Kilda,Docklands,N,10,12,72,12,17,89
6103,2017,13,2017-06-15 20:10:00,Thursday,West Coast,Geelong,Subiaco,N,11,17,83,10,10,70
6102,2017,12,2017-06-12 15:20:00,Monday,Melbourne,Collingwood,M.C.G.,D,15,14,104,15,10,100
6101,2017,12,2017-06-11 15:20:00,Sunday,Carlton,Greater Western Sydney,Docklands,D,10,11,71,9,16,70
6100,2017,12,2017-06-10 19:25:00,Saturday,Essendon,Port Adelaide,Docklands,N,19,17,131,8,13,61
6099,2017,12,2017-06-10 16:35:00,Saturday,Brisbane Lions,Fremantle,Gabba,T,18,13,121,9,10,64
6098,2017,12,2017-06-10 13:45:00,Saturday,Hawthorn,Gold Coast,M.C.G.,D,12,7,79,13,17,95
6097,2017,12,2017-06-09 19:50:00,Friday,Adelaide,St Kilda,Adelaide Oval,N,16,15,111,7,12,54
6096,2017,12,2017-06-08 19:20:00,Thursday,Sydney,Western Bulldogs,S.C.G.,N,12,16,88,6,6,42
6095,2017,11,2017-06-04 16:40:00,Sunday,Fremantle,Collingwood,Subiaco,D,12,13,85,15,15,105
6094,2017,11,2017-06-03 19:25:00,Saturday,North Melbourne,Richmond,Docklands,N,9,12,66,14,17,101
6093,2017,11,2017-06-03 16:35:00,Saturday,Greater Western Sydney,Essendon,Sydney Showground,T,18,9,117,15,11,101
6092,2017,11,2017-06-03 13:45:00,Saturday,Gold Coast,West Coast,Carrara,D,11,14,80,11,11,77
6091,2017,11,2017-06-02 19:50:00,Friday,Geelong,Adelaide,Kardinia Park,N,13,18,96,10,14,74
6090,2017,11,2017-06-01 19:50:00,Thursday,Port Adelaide,Hawthorn,Adelaide Oval,N,13,20,98,7,5,47
6089,2017,10,2017-05-28 16:40:00,Sunday,West Coast,Greater Western Sydney,Subiaco,D,14,6,90,14,14,98
6088,2017,10,2017-05-28 15:20:00,Sunday,Carlton,North Melbourne,Docklands,D,15,6,96,17,11,113
6087,2017,10,2017-05-28 13:10:00,Sunday,Collingwood,Brisbane Lions,M.C.G.,D,18,21,129,13,6,84
6086,2017,10,2017-05-27 19:40:00,Saturday,Adelaide,Fremantle,Adelaide Oval,N,20,23,143,6,7,43
6085,2017,10,2017-05-27 19:25:00,Saturday,Richmond,Essendon,M.C.G.,N,11,15,81,10,6,66
6084,2017,10,2017-05-27 16:35:00,Saturday,Melbourne,Gold Coast,Traeger Park,T,18,14,122,13,9,87
6083,2017,10,2017-05-27 13:45:00,Saturday,Western Bulldogs,St Kilda,Docklands,D,13,12,90,7,8,50
6082,2017,10,2017-05-26 19:50:00,Friday,Sydney,Hawthorn,S.C.G.,N,11,9,75,12,9,81
6081,2017,10,2017-05-25 19:20:00,Thursday,Geelong,Port Adelaide,Kardinia Park,N,11,15,81,11,13,79
6080,2017,9,2017-05-21 16:40:00,Sunday,Fremantle,Carlton,Subiaco,D,13,8,86,7,9,51
6079,2017,9,2017-05-21 15:20:00,Sunday,Melbourne,North Melbourne,M.C.G.,D,13,12,90,15,14,104
6078,2017,9,2017-05-21 13:10:00,Sunday,Essendon,West Coast,Docklands,D,19,11,125,8,16,64
6077,2017,9,2017-05-20 19:25:00,Saturday,Collingwood,Hawthorn,M.C.G.,N,13,12,90,11,6,72
6076,2017,9,2017-05-20 19:25:00,Saturday,Brisbane Lions,Adelaide,Gabba,N,7,18,60,21,14,140
6075,2017,9,2017-05-20 16:35:00,Saturday,Greater Western Sydney,Richmond,Sydney Showground,T,11,12,78,10,15,75
6074,2017,9,2017-05-20 13:45:00,Saturday,St Kilda,Sydney,Docklands,D,10,8,68,18,10,118
6073,2017,9,2017-05-19 19:50:00,Friday,Geelong,Western Bulldogs,Kardinia Park,N,16,8,104,12,9,81
6072,2017,8,2017-05-14 16:40:00,Sunday,North Melbourne,Sydney,Docklands,T,11,12,78,18,12,120
6071,2017,8,2017-05-14 15:20:00,Sunday,Gold Coast,Port Adelaide,Jiangwan Stadium,D,4,14,38,16,14,110
6070,2017,8,2017-05-14 13:10:00,Sunday,Richmond,Fremantle,M.C.G.,D,10,10,70,10,12,72
6069,2017,8,2017-05-13 19:40:00,Saturday,Adelaide,Melbourne,Adelaide Oval,N,9,12,66,17,5,107
6068,2017,8,2017-05-13 19:25:00,Saturday,Essendon,Geelong,M.C.G.,N,17,8,110,13,15,93
6067,2017,8,2017-05-13 16:35:00,Saturday,Greater Western Sydney,Collingwood,Sydney Showground,T,15,12,102,15,9,99
6066,2017,8,2017-05-13 14:10:00,Saturday,St Kilda,Carlton,Docklands,D,12,13,85,10,6,66
6065,2017,8,2017-05-13 13:45:00,Saturday,Hawthorn,Brisbane Lions,York Park,D,17,11,113,11,9,75
6064,2017,8,2017-05-12 20:10:00,Friday,West Coast,Western Bulldogs,Subiaco,N,9,15,69,8,13,61
6063,2017,7,2017-05-07 16:40:00,Sunday,Fremantle,Essendon,Subiaco,D,17,14,116,11,13,79
6062,2017,7,2017-05-07 15:20:00,Sunday,Melbourne,Hawthorn,M.C.G.,D,14,7,91,14,10,94
6061,2017,7,2017-05-07 13:10:00,Sunday,Sydney,Brisbane Lions,S.C.G.,D,20,15,135,12,9,81
6060,2017,7,2017-05-06 19:25:00,Saturday,Gold Coast,Geelong,Carrara,N,18,16,124,15,9,99
6059,2017,7,2017-05-06 19:25:00,Saturday,Western Bulldogs,Richmond,Docklands,N,11,14,80,11,9,75
6058,2017,7,2017-05-06 16:35:00,Saturday,Port Adelaide,West Coast,Adelaide Oval,T,12,15,87,15,7,97
6057,2017,7,2017-05-06 14:10:00,Saturday,Collingwood,Carlton,M.C.G.,D,8,8,56,12,7,79
6056,2017,7,2017-05-06 13:45:00,Saturday,North Melbourne,Adelaide,Bellerive Oval,D,22,13,145,13,8,86
6055,2017,7,2017-05-05 19:50:00,Friday,St Kilda,Greater Western Sydney,Docklands,N,16,12,108,12,13,85
6054,2017,6,2017-04-30 16:40:00,Sunday,Adelaide,Richmond,Adelaide Oval,T,21,14,140,10,4,64
6053,2017,6,2017-04-30 15:20:00,Sunday,Geelong,Collingwood,M.C.G.,D,11,12,78,15,17,107
6052,2017,6,2017-04-30 13:10:00,Sunday,Essendon,Melbourne,Docklands,D,10,14,74,17,10,112
6051,2017,6,2017-04-29 20:10:00,Saturday,West Coast,Fremantle,Subiaco,N,16,7,103,9,8,62
6050,2017,6,2017-04-29 19:25:00,Saturday,North Melbourne,Gold Coast,Docklands,N,16,11,107,14,10,94
6049,2017,6,2017-04-29 16:35:00,Saturday,Brisbane Lions,Port Adelaide,Gabba,T,10,7,67,22,18,150
6048,2017,6,2017-04-29 14:10:00,Saturday,Carlton,Sydney,M.C.G.,D,15,7,97,11,12,78
6047,2017,6,2017-04-29 13:45:00,Saturday,Hawthorn,St Kilda,York Park,D,8,7,55,19,16,130
6046,2017,6,2017-04-28 19:50:00,Friday,Greater Western Sydney,Western Bulldogs,Manuka Oval,N,11,9,75,9,19,73
6045,2017,5,2017-04-25 15:20:00,Tuesday,Essendon,Collingwood,M.C.G.,D,15,10,100,11,16,82
6044,2017,5,2017-04-24 19:25:00,Monday,Richmond,Melbourne,M.C.G.,N,12,16,88,11,9,75
6043,2017,5,2017-04-23 16:40:00,Sunday,Hawthorn,West Coast,M.C.G.,T,19,11,125,11,8,74
6042,2017,5,2017-04-23 15:20:00,Sunday,St Kilda,Geelong,Docklands,D,13,10,88,19,12,126
6041,2017,5,2017-04-22 19:40:00,Saturday,Fremantle,North Melbourne,Subiaco,T,9,13,67,9,8,62
6040,2017,5,2017-04-22 19:25:00,Saturday,Sydney,Greater Western Sydney,S.C.G.,N,9,9,63,15,15,105
6039,2017,5,2017-04-22 16:35:00,Saturday,Gold Coast,Adelaide,Carrara,T,13,8,86,23,15,153
6038,2017,5,2017-04-22 13:45:00,Saturday,Western Bulldogs,Brisbane Lions,Docklands,D,17,20,122,14,6,90
6037,2017,5,2017-04-21 19:50:00,Friday,Port Adelaide,Carlton,Adelaide Oval,N,20,17,137,6,11,47
6036,2017,4,2017-04-17 15:20:00,Monday,Hawthorn,Geelong,M.C.G.,D,6,12,48,20,14,134
6035,2017,4,2017-04-16 16:40:00,Sunday,Brisbane Lions,Richmond,Gabba,T,10,7,67,17,17,119
6034,2017,4,2017-04-16 15:20:00,Sunday,Collingwood,St Kilda,Docklands,D,7,13,55,9,15,69
6033,2017,4,2017-04-15 19:40:00,Saturday,Adelaide,Essendon,Adelaide Oval,N,24,9,153,13,10,88
6032,2017,4,2017-04-15 19:25:00,Saturday,Carlton,Gold Coast,Docklands,N,12,10,82,17,6,108
6031,2017,4,2017-04-15 16:35:00,Saturday,Greater Western Sydney,Port Adelaide,Manuka Oval,T,16,16,112,11,15,81
6030,2017,4,2017-04-15 13:45:00,Saturday,Melbourne,Fremantle,M.C.G.,D,15,14,104,16,10,106
6029,2017,4,2017-04-14 16:20:00,Friday,North Melbourne,Western Bulldogs,Docklands,D,12,14,86,12,17,89
6028,2017,4,2017-04-13 20:10:00,Thursday,West Coast,Sydney,Subiaco,N,13,13,91,10,5,65
6027,2017,3,2017-04-09 16:40:00,Sunday,Gold Coast,Hawthorn,Carrara,T,21,13,139,7,11,53
6026,2017,3,2017-04-09 15:20:00,Sunday,Carlton,Essendon,M.C.G.,D,7,15,57,6,6,42
6025,2017,3,2017-04-09 13:10:00,Sunday,St Kilda,Brisbane Lions,Docklands,D,14,23,107,11,10,76
6024,2017,3,2017-04-08 19:40:00,Saturday,Fremantle,Western Bulldogs,Subiaco,T,13,11,89,10,13,73
6023,2017,3,2017-04-08 19:40:00,Saturday,Port Adelaide,Adelaide,Adelaide Oval,N,12,11,83,15,10,100
6022,2017,3,2017-04-08 16:35:00,Saturday,Geelong,Melbourne,Docklands,T,20,6,126,13,19,97
6021,2017,3,2017-04-08 14:10:00,Saturday,Richmond,West Coast,M.C.G.,D,11,10,76,8,17,65
6020,2017,3,2017-04-08 13:45:00,Saturday,North Melbourne,Greater Western Sydney,Bellerive Oval,D,10,7,67,15,19,109
6019,2017,3,2017-04-07 19:50:00,Friday,Sydney,Collingwood,S.C.G.,N,11,13,79,11,14,80
6018,2017,2,2017-04-02 16:40:00,Sunday,Port Adelaide,Fremantle,Adelaide Oval,T,22,13,145,8,8,56
6017,2017,2,2017-04-02 15:20:00,Sunday,Melbourne,Carlton,M.C.G.,D,13,8,86,9,10,64
6016,2017,2,2017-04-02 13:10:00,Sunday,Geelong,North Melbourne,Docklands,D,17,10,112,17,9,111
6015,2017,2,2017-04-01 19:40:00,Saturday,West Coast,St Kilda,Subiaco,T,18,8,116,13,19,97
6014,2017,2,2017-04-01 19:25:00,Saturday,Brisbane Lions,Essendon,Gabba,N,12,12,84,17,9,111
6013,2017,2,2017-04-01 16:35:00,Saturday,Greater Western Sydney,Gold Coast,Sydney Showground,T,24,16,160,8,10,58
6012,2017,2,2017-04-01 13:45:00,Saturday,Hawthorn,Adelaide,M.C.G.,D,13,11,89,16,17,113
6011,2017,2,2017-03-31 19:50:00,Friday,Western Bulldogs,Sydney,Docklands,N,16,14,110,13,9,87
6010,2017,2,2017-03-30 19:20:00,Thursday,Richmond,Collingwood,M.C.G.,N,14,15,99,11,14,80
6009,2017,1,2017-03-26 19:40:00,Sunday,Fremantle,Geelong,Subiaco,T,10,13,73,18,7,115
6008,2017,1,2017-03-26 15:15:00,Sunday,Adelaide,Greater Western Sydney,Adelaide Oval,D,22,15,147,14,7,91
6007,2017,1,2017-03-26 13:10:00,Sunday,North Melbourne,West Coast,Docklands,D,13,15,93,21,10,136
6006,2017,1,2017-03-25 19:25:00,Saturday,Essendon,Hawthorn,M.C.G.,N,17,14,116,12,19,91
6005,2017,1,2017-03-25 20:05:00,Saturday,Gold Coast,Brisbane Lions,Carrara,N,14,12,96,15,8,98
6004,2017,1,2017-03-25 16:35:00,Saturday,Sydney,Port Adelaide,S.C.G.,T,12,10,82,17,8,110
6003,2017,1,2017-03-25 16:35:00,Saturday,St Kilda,Melbourne,Docklands,T,13,12,90,18,12,120
6002,2017,1,2017-03-24 19:50:00,Friday,Collingwood,Western Bulldogs,M.C.G.,N,12,14,86,15,10,100
6001,2017,1,2017-03-23 19:20:00,Thursday,Carlton,Richmond,M.C.G.,N,14,5,89,20,12,132
5809,2016,GF,2016-10-01 14:30:00,Saturday,Sydney,Western Bulldogs,M.C.G.,D,10,7,67,13,11,89
5808,2016,PF,2016-09-24 17:15:00,Saturday,Greater Western Sydney,Western Bulldogs,Sydney Showground,T,12,11,83,13,11,89
5807,2016,PF,2016-09-23 19:50:00,Friday,Geelong,Sydney,M.C.G.,N,8,12,60,15,7,97
5806,2016,SF,2016-09-17 19:25:00,Saturday,Sydney,Adelaide,S.C.G.,N,18,10,118,12,10,82
5805,2016,SF,2016-09-16 19:50:00,Friday,Hawthorn,Western Bulldogs,M.C.G.,N,12,12,84,16,11,107
5804,2016,EF,2016-09-10 19:40:00,Saturday,Adelaide,North Melbourne,Adelaide Oval,N,21,15,141,12,7,79
5803,2016,QF,2016-09-10 15:20:00,Saturday,Sydney,Greater Western Sydney,Stadium Australia,D,7,13,55,12,19,91
5802,2016,QF,2016-09-09 19:50:00,Friday,Geelong,Hawthorn,M.C.G.,N,12,13,85,12,11,83
5801,2016,EF,2016-09-08 20:10:00,Thursday,West Coast,Western Bulldogs,Subiaco,N,7,10,52,14,15,99
5798,2016,23,2016-08-28 16:40:00,Sunday,Fremantle,Western Bulldogs,Subiaco,D,10,9,69,6,13,49
5797,2016,23,2016-08-28 15:20:00,Sunday,Hawthorn,Collingwood,M.C.G.,D,17,10,112,17,9,111
5796,2016,23,2016-08-28 13:10:00,Sunday,St Kilda,Brisbane Lions,Docklands,D,25,11,161,15,13,103
5795,2016,23,2016-08-27 19:25:00,Saturday,North Melbourne,Greater Western Sydney,Docklands,D,9,9,63,14,16,100
5794,2016,23,2016-08-27 19:25:00,Saturday,Gold Coast,Port Adelaide,Carrara,N,9,12,66,13,11,89
5793,2016,23,2016-08-27 16:35:00,Saturday,Sydney,Richmond,S.C.G.,T,25,14,164,7,9,51
5792,2016,23,2016-08-27 14:10:00,Saturday,Essendon,Carlton,M.C.G.,D,15,13,103,10,19,79
5791,2016,23,2016-08-27 13:45:00,Saturday,Geelong,Melbourne,Kardinia Park,D,24,11,155,6,8,44
5790,2016,23,2016-08-26 20:10:00,Friday,Adelaide,West Coast,Adelaide Oval,N,10,11,71,14,16,100
5789,2016,22,2016-08-21 16:40:00,Sunday,Essendon,Western Bulldogs,Docklands,T,7,11,53,14,9,93
5788,2016,22,2016-08-21 15:20:00,Sunday,Brisbane Lions,Geelong,Gabba,D,10,9,69,19,15,129
5787,2016,22,2016-08-21 13:10:00,Sunday,Carlton,Melbourne,M.C.G.,D,11,12,78,7,16,58
5786,2016,22,2016-08-20 19:40:00,Saturday,Port Adelaide,Adelaide,Adelaide Oval,N,14,10,94,15,19,109
5785,2016,22,2016-08-20 19:25:00,Saturday,Collingwood,Gold Coast,Docklands,N,16,22,118,6,11,47
5784,2016,22,2016-08-20 16:35:00,Saturday,Greater Western Sydney,Fremantle,Sydney Showground,T,19,15,129,5,7,37
5783,2016,22,2016-08-20 14:10:00,Saturday,Richmond,St Kilda,M.C.G.,D,6,10,46,7,13,55
5782,2016,22,2016-08-20 13:45:00,Saturday,North Melbourne,Sydney,Bellerive Oval,D,10,16,76,12,13,85
5781,2016,22,2016-08-19 20:10:00,Friday,West Coast,Hawthorn,Subiaco,N,13,14,92,10,7,67
5780,2016,21,2016-08-14 16:40:00,Sunday,Fremantle,Adelaide,Subiaco,D,11,4,70,21,16,142
5779,2016,21,2016-08-14 15:20:00,Sunday,Richmond,Geelong,M.C.G.,D,12,6,78,10,22,82
5778,2016,21,2016-08-14 13:10:00,Sunday,Essendon,Gold Coast,Docklands,D,11,9,75,9,15,69
5777,2016,21,2016-08-13 19:40:00,Saturday,Port Adelaide,Melbourne,Adelaide Oval,N,8,6,54,13,16,94
5776,2016,21,2016-08-13 19:25:00,Saturday,St Kilda,Sydney,Docklands,N,11,10,76,23,8,146
5775,2016,21,2016-08-13 16:35:00,Saturday,Greater Western Sydney,West Coast,Sydney Showground,T,14,12,96,14,13,97
5774,2016,21,2016-08-13 14:10:00,Saturday,Hawthorn,North Melbourne,M.C.G.,D,14,12,96,8,9,57
5773,2016,21,2016-08-13 13:45:00,Saturday,Brisbane Lions,Carlton,Gabba,D,15,9,99,13,17,95
5772,2016,21,2016-08-12 19:50:00,Friday,Western Bulldogs,Collingwood,Docklands,N,14,11,95,14,8,92
5771,2016,20,2016-08-07 16:40:00,Sunday,Fremantle,West Coast,Subiaco,D,9,10,64,17,8,110
5770,2016,20,2016-08-07 15:20:00,Sunday,Geelong,Essendon,Docklands,D,15,10,100,4,10,34
5769,2016,20,2016-08-07 13:10:00,Sunday,Carlton,St Kilda,M.C.G.,D,7,9,51,19,8,122
5768,2016,20,2016-08-06 19:40:00,Saturday,Adelaide,Brisbane Lions,Adelaide Oval,N,27,15,177,6,3,39
5767,2016,20,2016-08-06 19:25:00,Saturday,Western Bulldogs,North Melbourne,Docklands,N,9,7,61,7,5,47
5766,2016,20,2016-08-06 16:35:00,Saturday,Gold Coast,Greater Western Sydney,Carrara,T,13,6,84,14,8,92
5765,2016,20,2016-08-06 14:10:00,Saturday,Melbourne,Hawthorn,M.C.G.,D,17,8,110,11,15,81
5764,2016,20,2016-08-06 13:45:00,Saturday,Sydney,Port Adelaide,S.C.G.,D,14,16,100,4,9,33
5763,2016,20,2016-08-05 19:50:00,Friday,Richmond,Collingwood,M.C.G.,N,14,8,92,11,11,77
5762,2016,19,2016-07-31 16:40:00,Sunday,Adelaide,Essendon,Adelaide Oval,T,22,11,143,9,7,61
5761,2016,19,2016-07-31 15:20:00,Sunday,Fremantle,Sydney,Subiaco,D,7,5,47,21,11,137
5760,2016,19,2016-07-31 13:10:00,Sunday,Melbourne,Gold Coast,M.C.G.,D,9,12,66,9,10,64
5759,2016,19,2016-07-30 19:25:00,Saturday,North Melbourne,St Kilda,Docklands,N,12,13,85,8,14,62
5758,2016,19,2016-07-30 19:25:00,Saturday,Brisbane Lions,Port Adelaide,Gabba,N,11,13,79,25,23,173
5757,2016,19,2016-07-30 16:35:00,Saturday,Collingwood,West Coast,M.C.G.,T,13,13,91,11,6,72
5756,2016,19,2016-07-30 14:10:00,Saturday,Hawthorn,Carlton,York Park,D,10,14,74,7,13,55
5755,2016,19,2016-07-30 13:45:00,Saturday,Greater Western Sydney,Richmond,Manuka Oval,D,17,9,111,3,5,23
5754,2016,19,2016-07-29 19:50:00,Friday,Geelong,Western Bulldogs,Kardinia Park,N,16,7,103,11,12,78
5753,2016,18,2016-07-24 16:40:00,Sunday,Port Adelaide,Greater Western Sydney,Adelaide Oval,T,9,6,60,11,13,79
5752,2016,18,2016-07-24 15:20:00,Sunday,Hawthorn,Richmond,M.C.G.,D,16,18,114,5,14,44
5751,2016,18,2016-07-24 13:10:00,Sunday,Essendon,Brisbane Lions,Docklands,D,12,19,91,20,8,128
5750,2016,18,2016-07-23 19:25:00,Saturday,Geelong,Adelaide,Kardinia Park,N,12,13,85,7,13,55
5749,2016,18,2016-07-23 19:25:00,Saturday,Western Bulldogs,St Kilda,Docklands,N,9,6,60,11,9,75
5748,2016,18,2016-07-23 16:35:00,Saturday,West Coast,Melbourne,Subiaco,D,10,6,66,8,12,60
5747,2016,18,2016-07-23 14:10:00,Saturday,Gold Coast,Fremantle,Carrara,D,16,9,105,12,9,81
5746,2016,18,2016-07-23 13:45:00,Saturday,Sydney,Carlton,S.C.G.,D,10,14,74,10,8,68
5745,2016,18,2016-07-22 19:50:00,Friday,Collingwood,North Melbourne,Docklands,N,12,12,84,18,16,124
5744,2016,17,2016-07-17 16:40:00,Sunday,Brisbane Lions,Greater Western Sydney,Gabba,T,9,13,67,22,14,146
5743,2016,17,2016-07-17 15:20:00,Sunday,St Kilda,Melbourne,Docklands,D,15,20,110,11,8,74
5742,2016,17,2016-07-17 13:10:00,Sunday,Carlton,West Coast,M.C.G.,D,11,9,75,12,10,82
5741,2016,17,2016-07-16 19:40:00,Saturday,Adelaide,Collingwood,Adelaide Oval,N,14,13,97,10,9,69
5740,2016,17,2016-07-16 19:25:00,Saturday,Western Bulldogs,Gold Coast,Cazaly's Stadium,N,15,17,107,8,11,59
5739,2016,17,2016-07-16 16:35:00,Saturday,North Melbourne,Port Adelaide,Docklands,T,10,17,77,16,9,105
5738,2016,17,2016-07-16 13:40:00,Saturday,Richmond,Essendon,M.C.G.,D,16,6,102,11,17,83
5737,2016,17,2016-07-15 20:10:00,Friday,Fremantle,Geelong,Subiaco,N,9,7,61,11,12,78
5736,2016,17,2016-07-14 19:20:00,Thursday,Sydney,Hawthorn,S.C.G.,N,10,10,70,11,9,75
5735,2016,16,2016-07-10 16:40:00,Sunday,Essendon,St Kilda,Docklands,T,14,14,98,17,7,109
5734,2016,16,2016-07-10 15:20:00,Sunday,West Coast,North Melbourne,Subiaco,D,16,8,104,11,6,72
5733,2016,16,2016-07-10 13:10:00,Sunday,Carlton,Adelaide,M.C.G.,D,7,5,47,16,11,107
5732,2016,16,2016-07-09 19:40:00,Saturday,Melbourne,Fremantle,Marrara Oval,N,12,15,87,8,7,55
5731,2016,16,2016-07-09 19:25:00,Saturday,Western Bulldogs,Richmond,Docklands,N,12,13,85,11,9,75
5730,2016,16,2016-07-09 16:35:00,Saturday,Gold Coast,Brisbane Lions,Carrara,T,22,7,139,17,11,113
5729,2016,16,2016-07-09 13:40:00,Saturday,Greater Western Sydney,Collingwood,Sydney Showground,D,14,9,93,19,11,125
5728,2016,16,2016-07-08 19:50:00,Friday,Geelong,Sydney,Kardinia Park,N,9,6,60,15,8,98
5727,2016,16,2016-07-07 19:50:00,Thursday,Port Adelaide,Hawthorn,Adelaide Oval,N,12,7,79,15,11,101
5726,2016,15,2016-07-03 15:20:00,Sunday,Melbourne,Adelaide,M.C.G.,D,15,8,98,18,12,120
5725,2016,15,2016-07-02 19:25:00,Saturday,Carlton,Collingwood,M.C.G.,N,6,9,45,8,9,57
5724,2016,15,2016-07-02 16:35:00,Saturday,Sydney,Western Bulldogs,S.C.G.,T,11,13,79,13,5,83
5723,2016,15,2016-07-02 13:40:00,Saturday,Gold Coast,St Kilda,Carrara,D,15,18,108,8,20,68
5722,2016,15,2016-07-01 19:50:00,Friday,Port Adelaide,Richmond,Adelaide Oval,N,14,10,94,8,8,56
5721,2016,15,2016-06-30 20:10:00,Thursday,West Coast,Essendon,Subiaco,N,20,10,130,7,10,52
5720,2016,14,2016-06-26 15:20:00,Sunday,Hawthorn,Gold Coast,York Park,D,12,14,86,8,12,60
5719,2016,14,2016-06-25 19:25:00,Saturday,St Kilda,Geelong,Docklands,N,14,9,93,13,12,90
5718,2016,14,2016-06-25 16:35:00,Saturday,Greater Western Sydney,Carlton,Sydney Showground,T,18,19,127,9,11,65
5717,2016,14,2016-06-25 13:40:00,Saturday,Richmond,Brisbane Lions,M.C.G.,D,17,15,117,11,9,75
5716,2016,14,2016-06-24 19:50:00,Friday,Collingwood,Fremantle,M.C.G.,N,12,13,85,5,7,37
5715,2016,14,2016-06-23 19:50:00,Thursday,Adelaide,North Melbourne,Adelaide Oval,N,12,28,100,10,7,67
5714,2016,13,2016-06-19 16:40:00,Sunday,Essendon,Greater Western Sydney,Docklands,T,12,18,90,17,15,117
5713,2016,13,2016-06-19 13:10:00,Sunday,Sydney,Melbourne,S.C.G.,D,12,14,86,4,7,31
5712,2016,13,2016-06-18 19:25:00,Saturday,Western Bulldogs,Geelong,Docklands,N,5,13,43,16,4,100
5711,2016,13,2016-06-18 16:35:00,Saturday,Fremantle,Port Adelaide,Subiaco,D,12,14,86,9,15,69
5710,2016,13,2016-06-18 13:40:00,Saturday,Brisbane Lions,West Coast,Gabba,D,12,10,82,20,11,131
5709,2016,13,2016-06-17 19:50:00,Friday,North Melbourne,Hawthorn,Docklands,N,11,18,84,14,9,93
5708,2016,12,2016-06-13 15:20:00,Monday,Melbourne,Collingwood,M.C.G.,D,16,8,104,8,10,58
5707,2016,12,2016-06-12 16:40:00,Sunday,Greater Western Sydney,Sydney,Sydney Showground,T,15,15,105,9,9,63
5706,2016,12,2016-06-12 15:20:00,Sunday,Richmond,Gold Coast,M.C.G.,D,17,12,114,15,7,97
5705,2016,12,2016-06-12 13:10:00,Sunday,St Kilda,Carlton,Docklands,D,17,8,110,12,6,78
5704,2016,12,2016-06-11 19:40:00,Saturday,West Coast,Adelaide,Subiaco,N,11,10,76,15,15,105
5703,2016,12,2016-06-11 19:25:00,Saturday,Geelong,North Melbourne,Docklands,N,15,15,105,12,2,74
5702,2016,12,2016-06-11 16:35:00,Saturday,Brisbane Lions,Fremantle,Gabba,T,9,10,64,23,9,147
5701,2016,12,2016-06-11 13:40:00,Saturday,Port Adelaide,Western Bulldogs,Adelaide Oval,D,14,13,97,15,10,100
5700,2016,12,2016-06-10 19:50:00,Friday,Essendon,Hawthorn,Docklands,N,6,7,43,23,13,151
5699,2016,11,2016-06-05 16:40:00,Sunday,Adelaide,St Kilda,Adelaide Oval,T,19,19,133,6,9,45
5698,2016,11,2016-06-05 15:20:00,Sunday,Western Bulldogs,West Coast,Docklands,D,12,11,83,11,9,75
5697,2016,11,2016-06-05 13:10:00,Sunday,Collingwood,Port Adelaide,M.C.G.,D,7,16,58,19,11,125
5696,2016,11,2016-06-04 19:40:00,Saturday,Fremantle,Essendon,Subiaco,N,20,6,126,6,11,47
5695,2016,11,2016-06-04 19:25:00,Saturday,Gold Coast,Sydney,Carrara,N,6,5,41,11,13,79
5694,2016,11,2016-06-04 16:35:00,Saturday,Geelong,Greater Western Sydney,Kardinia Park,T,14,14,98,14,4,88
5693,2016,11,2016-06-04 14:10:00,Saturday,Carlton,Brisbane Lions,Docklands,D,16,6,102,9,10,64
5692,2016,11,2016-06-04 13:45:00,Saturday,Hawthorn,Melbourne,M.C.G.,D,11,16,82,10,4,64
5691,2016,11,2016-06-03 19:50:00,Friday,North Melbourne,Richmond,Bellerive Oval,N,18,16,124,7,12,54
5690,2016,10,2016-05-29 16:40:00,Sunday,West Coast,Gold Coast,Subiaco,D,20,12,132,7,13,55
5689,2016,10,2016-05-29 15:20:00,Sunday,Collingwood,Western Bulldogs,M.C.G.,D,7,11,53,11,8,74
5688,2016,10,2016-05-29 13:10:00,Sunday,Carlton,Geelong,Docklands,D,16,8,104,12,13,85
5687,2016,10,2016-05-28 19:40:00,Saturday,Adelaide,Greater Western Sydney,Adelaide Oval,N,15,17,107,13,7,85
5686,2016,10,2016-05-28 19:25:00,Saturday,Essendon,Richmond,M.C.G.,N,10,7,67,16,9,105
5685,2016,10,2016-05-28 16:35:00,Saturday,St Kilda,Fremantle,Docklands,T,15,11,101,10,7,67
5684,2016,10,2016-05-28 14:10:00,Saturday,Melbourne,Port Adelaide,Traeger Park,D,10,16,76,18,13,121
5683,2016,10,2016-05-28 13:45:00,Saturday,Brisbane Lions,Hawthorn,Gabba,D,13,9,87,21,9,135
5682,2016,10,2016-05-27 19:50:00,Friday,Sydney,North Melbourne,S.C.G.,N,14,7,91,9,11,65
5681,2016,9,2016-05-22 16:40:00,Sunday,St Kilda,Essendon,Docklands,T,16,13,109,9,9,63
5680,2016,9,2016-05-22 15:20:00,Sunday,Greater Western Sydney,Western Bulldogs,Sydney Showground,D,15,8,98,10,13,73
5679,2016,9,2016-05-22 13:10:00,Sunday,Melbourne,Brisbane Lions,M.C.G.,D,19,17,131,9,14,68
5678,2016,9,2016-05-21 19:40:00,Saturday,Fremantle,Richmond,Subiaco,N,6,9,45,11,17,83
5677,2016,9,2016-05-21 19:25:00,Saturday,North Melbourne,Carlton,Docklands,N,17,11,113,6,10,46
5676,2016,9,2016-05-21 16:35:00,Saturday,Port Adelaide,West Coast,Adelaide Oval,T,13,8,86,14,10,94
5675,2016,9,2016-05-21 14:10:00,Saturday,Gold Coast,Adelaide,Carrara,D,11,8,74,22,17,149
5674,2016,9,2016-05-21 13:45:00,Saturday,Collingwood,Geelong,M.C.G.,D,16,8,104,11,14,80
5673,2016,9,2016-05-20 19:50:00,Friday,Hawthorn,Sydney,M.C.G.,N,7,13,55,10,9,69
5672,2016,8,2016-05-15 16:40:00,Sunday,West Coast,St Kilda,Subiaco,D,20,12,132,3,11,29
5671,2016,8,2016-05-15 15:20:00,Sunday,Melbourne,Western Bulldogs,M.C.G.,D,12,10,82,17,12,114
5670,2016,8,2016-05-15 13:10:00,Sunday,Carlton,Port Adelaide,Docklands,D,14,9,93,13,13,91
5669,2016,8,2016-05-14 19:25:00,Saturday,Richmond,Sydney,M.C.G.,N,14,17,101,15,10,100
5668,2016,8,2016-05-14 19:25:00,Saturday,Brisbane Lions,Collingwood,Gabba,N,10,5,65,20,23,143
5667,2016,8,2016-05-14 16:35:00,Saturday,Greater Western Sydney,Gold Coast,Sydney Showground,T,22,17,149,9,4,58
5666,2016,8,2016-05-14 14:10:00,Saturday,Hawthorn,Fremantle,York Park,D,17,14,116,11,9,75
5665,2016,8,2016-05-14 13:45:00,Saturday,Essendon,North Melbourne,Docklands,D,8,12,60,10,14,74
5664,2016,8,2016-05-13 19:50:00,Friday,Adelaide,Geelong,Adelaide Oval,N,11,6,72,13,20,98
5663,2016,7,2016-05-08 16:40:00,Sunday,Port Adelaide,Brisbane Lions,Adelaide Oval,T,21,10,136,7,17,59
5662,2016,7,2016-05-08 15:20:00,Sunday,St Kilda,North Melbourne,Docklands,D,11,9,75,11,16,82
5661,2016,7,2016-05-07 20:10:00,Saturday,Fremantle,Greater Western Sydney,Subiaco,N,11,11,77,14,11,95
5660,2016,7,2016-05-07 19:40:00,Saturday,Western Bulldogs,Adelaide,Docklands,N,18,15,123,17,6,108
5659,2016,7,2016-05-07 17:10:00,Saturday,Gold Coast,Melbourne,Carrara,T,14,3,87,24,16,160
5658,2016,7,2016-05-07 16:35:00,Saturday,Sydney,Essendon,S.C.G.,T,20,15,135,7,12,54
5657,2016,7,2016-05-07 14:10:00,Saturday,Geelong,West Coast,Kardinia Park,D,18,15,123,12,7,79
5656,2016,7,2016-05-07 13:45:00,Saturday,Collingwood,Carlton,M.C.G.,D,12,12,84,15,9,99
5655,2016,7,2016-05-06 19:50:00,Friday,Richmond,Hawthorn,M.C.G.,N,13,12,90,21,10,136
5654,2016,6,2016-05-01 16:40:00,Sunday,West Coast,Collingwood,Subiaco,D,18,16,124,9,8,62
5653,2016,6,2016-05-01 15:20:00,Sunday,Carlton,Essendon,M.C.G.,D,10,12,72,8,9,57
5652,2016,6,2016-05-01 13:10:00,Sunday,Brisbane Lions,Sydney,Gabba,D,14,10,94,15,7,97
5651,2016,6,2016-04-30 19:25:00,Saturday,Geelong,Gold Coast,Kardinia Park,N,25,18,168,7,6,48
5650,2016,6,2016-04-30 19:25:00,Saturday,Richmond,Port Adelaide,M.C.G.,N,8,11,59,13,16,94
5649,2016,6,2016-04-30 16:35:00,Saturday,Greater Western Sydney,Hawthorn,Sydney Showground,T,24,14,158,12,11,83
5648,2016,6,2016-04-30 14:10:00,Saturday,Adelaide,Fremantle,Adelaide Oval,D,14,13,97,8,16,64
5647,2016,6,2016-04-30 13:45:00,Saturday,Melbourne,St Kilda,Docklands,D,15,6,96,20,15,135
5646,2016,6,2016-04-29 19:50:00,Friday,North Melbourne,Western Bulldogs,Docklands,N,9,7,61,6,9,45
5645,2016,5,2016-04-25 15:20:00,Monday,Collingwood,Essendon,M.C.G.,D,22,10,142,11,7,73
5644,2016,5,2016-04-24 19:10:00,Sunday,Melbourne,Richmond,M.C.G.,N,20,9,129,14,12,96
5643,2016,5,2016-04-24 16:15:00,Sunday,Fremantle,Carlton,Subiaco,D,9,14,68,10,12,72
5642,2016,5,2016-04-24 13:10:00,Sunday,St Kilda,Greater Western Sydney,Docklands,D,12,7,79,19,12,126
5641,2016,5,2016-04-23 19:45:00,Saturday,Port Adelaide,Geelong,Adelaide Oval,N,8,11,59,16,11,107
5640,2016,5,2016-04-23 19:25:00,Saturday,Western Bulldogs,Brisbane Lions,Docklands,N,17,18,120,10,7,67
5639,2016,5,2016-04-23 16:45:00,Saturday,Gold Coast,North Melbourne,Carrara,T,11,15,81,18,11,119
5638,2016,5,2016-04-23 13:50:00,Saturday,Sydney,West Coast,S.C.G.,D,12,16,88,7,7,49
5637,2016,5,2016-04-22 19:50:00,Friday,Hawthorn,Adelaide,M.C.G.,N,17,10,112,17,7,109
5636,2016,4,2016-04-17 16:40:00,Sunday,North Melbourne,Fremantle,Docklands,T,20,12,132,14,17,101
5635,2016,4,2016-04-17 15:20:00,Sunday,Collingwood,Melbourne,M.C.G.,D,9,13,67,16,6,102
5634,2016,4,2016-04-17 13:10:00,Sunday,Greater Western Sydney,Port Adelaide,Manuka Oval,D,22,19,151,9,11,65
5633,2016,4,2016-04-16 19:40:00,Saturday,Adelaide,Sydney,Adelaide Oval,N,16,17,113,15,13,103
5632,2016,4,2016-04-16 19:25:00,Saturday,Carlton,Western Bulldogs,Docklands,N,7,7,49,13,7,85
5631,2016,4,2016-04-16 16:35:00,Saturday,Brisbane Lions,Gold Coast,Gabba,T,14,23,107,14,10,94
5630,2016,4,2016-04-16 14:10:00,Saturday,Hawthorn,St Kilda,York Park,D,13,9,87,13,6,84
5629,2016,4,2016-04-16 13:45:00,Saturday,Essendon,Geelong,M.C.G.,D,6,6,42,9,18,72
5628,2016,4,2016-04-15 20:10:00,Friday,West Coast,Richmond,Subiaco,N,18,17,125,9,3,57
5627,2016,3,2016-04-10 16:40:00,Sunday,Geelong,Brisbane Lions,Kardinia Park,T,18,17,125,7,14,56
5626,2016,3,2016-04-10 15:20:00,Sunday,Western Bulldogs,Hawthorn,Docklands,D,13,12,90,14,9,93
5625,2016,3,2016-04-10 13:10:00,Sunday,North Melbourne,Melbourne,Bellerive Oval,D,21,10,136,20,11,131
5624,2016,3,2016-04-09 19:40:00,Saturday,West Coast,Fremantle,Subiaco,N,12,20,92,8,11,59
5623,2016,3,2016-04-09 19:25:00,Saturday,Gold Coast,Carlton,Carrara,N,13,17,95,5,11,41
5622,2016,3,2016-04-09 16:35:00,Saturday,Sydney,Greater Western Sydney,S.C.G.,T,14,9,93,10,8,68
5621,2016,3,2016-04-09 14:10:00,Saturday,Richmond,Adelaide,Docklands,D,13,14,92,19,14,128
5620,2016,3,2016-04-09 13:45:00,Saturday,St Kilda,Collingwood,M.C.G.,D,18,11,119,14,6,90
5619,2016,3,2016-04-08 19:50:00,Friday,Port Adelaide,Essendon,Adelaide Oval,N,17,10,112,7,9,51
5618,2016,2,2016-04-03 16:40:00,Sunday,Carlton,Sydney,Docklands,T,10,11,71,20,11,131
5617,2016,2,2016-04-03 15:20:00,Sunday,Hawthorn,West Coast,M.C.G.,D,14,15,99,7,11,53
5616,2016,2,2016-04-03 13:10:00,Sunday,Greater Western Sydney,Geelong,Manuka Oval,D,13,11,89,11,10,76
5615,2016,2,2016-04-02 19:40:00,Saturday,Fremantle,Gold Coast,Subiaco,N,14,16,100,19,12,126
5614,2016,2,2016-04-02 19:25:00,Saturday,St Kilda,Western Bulldogs,Docklands,N,5,6,36,13,15,93
5613,2016,2,2016-04-02 16:35:00,Saturday,Brisbane Lions,North Melbourne,Gabba,D,11,17,83,17,15,117
5612,2016,2,2016-04-02 14:10:00,Saturday,Essendon,Melbourne,M.C.G.,D,11,14,80,10,7,67
5611,2016,2,2016-04-02 13:45:00,Saturday,Adelaide,Port Adelaide,Adelaide Oval,D,22,12,144,11,20,86
5610,2016,2,2016-04-01 19:50:00,Friday,Collingwood,Richmond,M.C.G.,N,13,9,87,12,14,86
5609,2016,1,2016-03-28 15:20:00,Monday,Geelong,Hawthorn,M.C.G.,D,18,8,116,12,14,86
5608,2016,1,2016-03-27 19:40:00,Sunday,West Coast,Brisbane Lions,Subiaco,N,26,10,166,15,12,102
5607,2016,1,2016-03-27 15:20:00,Sunday,Port Adelaide,St Kilda,Adelaide Oval,D,20,13,133,15,10,100
5606,2016,1,2016-03-27 13:10:00,Sunday,Western Bulldogs,Fremantle,Docklands,D,15,13,103,5,8,38
5605,2016,1,2016-03-26 19:25:00,Saturday,Sydney,Collingwood,S.C.G.,N,18,25,133,7,11,53
5604,2016,1,2016-03-26 19:25:00,Saturday,North Melbourne,Adelaide,Docklands,N,16,11,107,14,13,97
5603,2016,1,2016-03-26 16:35:00,Saturday,Gold Coast,Essendon,Carrara,D,17,19,121,9,6,60
5602,2016,1,2016-03-26 13:40:00,Saturday,Melbourne,Greater Western Sydney,M.C.G.,D,12,8,80,10,18,78
5601,2016,1,2016-03-24 19:20:00,Thursday,Richmond,Carlton,M.C.G.,N,14,8,92,12,11,83
5409,2015,GF,2015-10-03 14:30:00,Saturday,Hawthorn,West Coast,M.C.G.,D,16,11,107,8,13,61
5408,2015,PF,2015-09-26 19:45:00,Saturday,West Coast,North Melbourne,Subiaco,N,10,20,80,7,13,55
5407,2015,PF,2015-09-25 20:20:00,Friday,Fremantle,Hawthorn,Subiaco,N,10,7,67,15,4,94
5406,2015,SF,2015-09-19 19:20:00,Saturday,Sydney,North Melbourne,Stadium Australia,N,7,9,51,11,11,77
5405,2015,SF,2015-09-18 19:50:00,Friday,Hawthorn,Adelaide,M.C.G.,N,21,9,135,8,13,61
5404,2015,EF,2015-09-13 15:20:00,Sunday,Richmond,North Melbourne,M.C.G.,D,14,4,88,15,15,105
5403,2015,EF,2015-09-12 19:20:00,Saturday,Western Bulldogs,Adelaide,M.C.G.,N,14,18,102,16,13,109
5402,2015,QF,2015-09-12 15:20:00,Saturday,Fremantle,Sydney,Subiaco,D,10,9,69,7,18,60
5401,2015,QF,2015-09-11 0:20:00,Friday,West Coast,Hawthorn,Subiaco,N,14,12,96,9,10,64
5398,2015,23,2015-09-06 15:20:00,Sunday,Collingwood,Essendon,M.C.G.,D,14,8,92,14,11,95
5397,2015,23,2015-09-06 13:10:00,Sunday,Melbourne,Greater Western Sydney,Docklands,D,15,13,103,11,11,77
5396,2015,23,2015-09-05 19:40:00,Saturday,West Coast,St Kilda,Subiaco,N,18,17,125,4,6,30
5395,2015,23,2015-09-05 19:20:00,Saturday,Sydney,Gold Coast,S.C.G.,N,19,13,127,9,10,64
5394,2015,23,2015-09-05 16:40:00,Saturday,Hawthorn,Carlton,M.C.G.,T,17,11,113,8,8,56
5393,2015,23,2015-09-05 15:50:00,Saturday,Port Adelaide,Fremantle,Adelaide Oval,T,18,14,122,8,5,53
5392,2015,23,2015-09-05 13:45:00,Saturday,Brisbane Lions,Western Bulldogs,Gabba,D,19,16,130,19,8,122
5391,2015,23,2015-09-05 13:05:00,Saturday,Geelong,Adelaide,Kardinia Park,D,17,17,119,11,14,80
5390,2015,23,2015-09-04 19:50:00,Friday,Richmond,North Melbourne,Docklands,N,16,12,108,10,7,67
5389,2015,22,2015-08-30 16:40:00,Sunday,Fremantle,Melbourne,Subiaco,D,17,6,108,8,6,54
5388,2015,22,2015-08-30 15:20:00,Sunday,St Kilda,Sydney,Docklands,D,4,14,38,20,15,135
5387,2015,22,2015-08-30 13:10:00,Sunday,Adelaide,West Coast,Adelaide Oval,D,19,12,126,10,9,69
5386,2015,22,2015-08-29 19:20:00,Saturday,Gold Coast,Port Adelaide,Carrara,N,7,9,51,12,16,88
5385,2015,22,2015-08-29 19:20:00,Saturday,Essendon,Richmond,M.C.G.,N,7,5,47,10,14,74
5384,2015,22,2015-08-29 16:35:00,Saturday,North Melbourne,Western Bulldogs,Docklands,T,10,13,73,14,12,96
5383,2015,22,2015-08-29 14:10:00,Saturday,Hawthorn,Brisbane Lions,York Park,D,21,8,134,9,8,62
5382,2015,22,2015-08-29 13:45:00,Saturday,Greater Western Sydney,Carlton,Sydney Showground,D,20,12,132,7,9,51
5381,2015,22,2015-08-28 19:50:00,Friday,Geelong,Collingwood,M.C.G.,N,9,8,62,17,8,110
5380,2015,21,2015-08-23 16:40:00,Sunday,West Coast,Western Bulldogs,Subiaco,D,25,12,162,13,7,85
5379,2015,21,2015-08-23 15:20:00,Sunday,Carlton,Melbourne,M.C.G.,D,12,6,78,7,13,55
5378,2015,21,2015-08-23 13:10:00,Sunday,North Melbourne,Fremantle,Docklands,D,14,10,94,12,11,83
5377,2015,21,2015-08-22 19:40:00,Saturday,Adelaide,Brisbane Lions,Adelaide Oval,N,20,11,131,6,8,44
5376,2015,21,2015-08-22 19:20:00,Saturday,St Kilda,Geelong,Docklands,N,14,13,97,15,7,97
5375,2015,21,2015-08-22 16:35:00,Saturday,Gold Coast,Essendon,Carrara,T,14,13,97,14,11,95
5374,2015,21,2015-08-22 14:10:00,Saturday,Greater Western Sydney,Sydney,Sydney Showground,D,6,8,44,20,13,133
5373,2015,21,2015-08-22 13:45:00,Saturday,Collingwood,Richmond,M.C.G.,D,7,14,56,23,9,147
5372,2015,21,2015-08-21 19:50:00,Friday,Hawthorn,Port Adelaide,Docklands,N,13,8,86,16,12,108
5371,2015,20,2015-08-16 16:40:00,Sunday,Fremantle,West Coast,Subiaco,D,11,14,80,15,14,104
5370,2015,20,2015-08-16 15:20:00,Sunday,Western Bulldogs,Melbourne,Docklands,D,24,9,153,8,7,55
5369,2015,20,2015-08-16 13:10:00,Sunday,Richmond,Gold Coast,M.C.G.,D,22,6,138,8,7,55
5368,2015,20,2015-08-15 19:20:00,Saturday,Brisbane Lions,Carlton,Gabba,N,20,11,131,9,13,67
5367,2015,20,2015-08-15 19:20:00,Saturday,Geelong,Hawthorn,M.C.G.,N,12,13,85,19,7,121
5366,2015,20,2015-08-15 16:35:00,Saturday,Port Adelaide,Greater Western Sydney,Adelaide Oval,T,16,15,111,13,12,90
5365,2015,20,2015-08-15 14:10:00,Saturday,North Melbourne,St Kilda,Bellerive Oval,D,18,12,120,11,17,83
5364,2015,20,2015-08-15 13:45:00,Saturday,Essendon,Adelaide,Docklands,D,8,11,59,27,9,171
5363,2015,20,2015-08-14 19:50:00,Friday,Sydney,Collingwood,S.C.G.,N,13,9,87,10,16,76
5362,2015,19,2015-08-09 16:40:00,Sunday,St Kilda,Fremantle,Docklands,T,8,11,59,15,6,96
5361,2015,19,2015-08-09 15:20:00,Sunday,Greater Western Sydney,Essendon,Sydney Showground,D,14,9,93,8,13,61
5360,2015,19,2015-08-09 13:10:00,Sunday,Melbourne,North Melbourne,M.C.G.,D,14,8,92,19,13,127
5359,2015,19,2015-08-08 19:40:00,Saturday,West Coast,Hawthorn,Subiaco,T,11,8,74,13,10,88
5358,2015,19,2015-08-08 19:20:00,Saturday,Geelong,Sydney,Kardinia Park,N,14,11,95,9,9,63
5357,2015,19,2015-08-08 16:35:00,Saturday,Brisbane Lions,Gold Coast,Gabba,T,14,16,100,17,12,114
5356,2015,19,2015-08-08 14:10:00,Saturday,Western Bulldogs,Port Adelaide,Docklands,D,19,14,128,9,10,64
5355,2015,19,2015-08-08 13:45:00,Saturday,Collingwood,Carlton,M.C.G.,D,16,9,105,13,9,87
5354,2015,19,2015-08-07 19:50:00,Friday,Adelaide,Richmond,Adelaide Oval,N,11,22,88,8,4,52
5353,2015,18,2015-08-02 16:40:00,Sunday,Fremantle,Greater Western Sydney,Subiaco,D,12,12,84,9,9,63
5352,2015,18,2015-08-02 15:20:00,Sunday,Essendon,Western Bulldogs,Docklands,D,5,10,40,19,13,127
5351,2015,18,2015-08-02 13:10:00,Sunday,Port Adelaide,St Kilda,Adelaide Oval,D,17,10,112,6,13,49
5350,2015,18,2015-08-01 19:20:00,Saturday,Gold Coast,West Coast,Carrara,N,12,11,83,11,17,83
5349,2015,18,2015-08-01 19:20:00,Saturday,Carlton,North Melbourne,Docklands,N,8,6,54,18,10,118
5348,2015,18,2015-08-01 16:35:00,Saturday,Sydney,Adelaide,S.C.G.,T,17,15,117,9,11,65
5347,2015,18,2015-08-01 14:10:00,Saturday,Collingwood,Melbourne,M.C.G.,D,7,12,54,11,11,77
5346,2015,18,2015-08-01 13:45:00,Saturday,Geelong,Brisbane Lions,Kardinia Park,D,17,11,113,8,9,57
5345,2015,18,2015-07-31 19:50:00,Friday,Hawthorn,Richmond,M.C.G.,N,7,11,53,10,11,71
5344,2015,17,2015-07-26 16:40:00,Sunday,West Coast,Sydney,Subiaco,D,15,13,103,7,9,51
5343,2015,17,2015-07-26 15:20:00,Sunday,Melbourne,St Kilda,M.C.G.,D,6,10,46,12,11,83
5342,2015,17,2015-07-26 13:10:00,Sunday,Western Bulldogs,Collingwood,Docklands,D,15,14,104,13,8,86
5341,2015,17,2015-07-25 19:20:00,Saturday,Brisbane Lions,North Melbourne,Gabba,N,5,8,38,16,14,110
5340,2015,17,2015-07-25 19:20:00,Saturday,Essendon,Port Adelaide,Docklands,N,17,14,116,20,9,129
5339,2015,17,2015-07-25 16:35:00,Saturday,Richmond,Fremantle,M.C.G.,T,10,18,78,12,10,82
5338,2015,17,2015-07-25 14:10:00,Saturday,Adelaide,Gold Coast,Adelaide Oval,D,19,11,125,12,8,80
5337,2015,17,2015-07-25 13:45:00,Saturday,Greater Western Sydney,Geelong,Manuka Oval,D,6,6,42,9,15,69
5336,2015,17,2015-07-24 19:50:00,Friday,Carlton,Hawthorn,Docklands,N,4,11,35,27,11,173
5335,2015,16,2015-07-19 16:40:00,Sunday,St Kilda,Richmond,Docklands,T,10,13,73,13,11,89
5334,2015,16,2015-07-19 15:20:00,Sunday,Port Adelaide,Adelaide,Adelaide Oval,D,17,11,113,18,8,116
5333,2015,16,2015-07-19 13:10:00,Sunday,Melbourne,Brisbane Lions,M.C.G.,D,8,12,60,4,12,36
5332,2015,16,2015-07-18 19:40:00,Saturday,Fremantle,Carlton,Subiaco,T,13,17,95,8,5,53
5331,2015,16,2015-07-18 19:20:00,Saturday,Sydney,Hawthorn,Stadium Australia,N,7,15,57,23,8,146
5330,2015,16,2015-07-18 16:35:00,Saturday,Collingwood,West Coast,Docklands,T,7,14,56,11,21,87
5329,2015,16,2015-07-18 14:10:00,Saturday,Gold Coast,Greater Western Sydney,Carrara,D,12,7,79,13,16,94
5328,2015,16,2015-07-18 13:45:00,Saturday,Geelong,Western Bulldogs,Kardinia Park,D,10,12,72,9,10,64
5327,2015,16,2015-07-17 19:50:00,Friday,North Melbourne,Essendon,Docklands,N,14,9,93,9,14,68
5326,2015,15,2015-07-12 16:40:00,Sunday,Brisbane Lions,Sydney,Gabba,T,7,7,49,10,10,70
5325,2015,15,2015-07-12 15:20:00,Sunday,Hawthorn,Fremantle,York Park,D,17,13,115,6,7,43
5324,2015,15,2015-07-12 13:10:00,Sunday,Greater Western Sydney,St Kilda,Sydney Showground,D,12,12,84,6,13,49
5323,2015,15,2015-07-11 19:40:00,Saturday,West Coast,Adelaide,Subiaco,T,22,15,147,14,7,91
5322,2015,15,2015-07-11 19:20:00,Saturday,North Melbourne,Geelong,Docklands,N,18,12,120,11,13,79
5321,2015,15,2015-07-11 16:35:00,Saturday,Western Bulldogs,Gold Coast,Cazaly's Stadium,T,14,11,95,11,7,73
5320,2015,15,2015-07-11 13:40:00,Saturday,Essendon,Melbourne,M.C.G.,D,10,9,69,7,18,60
5319,2015,15,2015-07-10 19:50:00,Friday,Richmond,Carlton,M.C.G.,N,10,11,71,5,11,41
5318,2015,15,2015-07-09 19:50:00,Thursday,Port Adelaide,Collingwood,Adelaide Oval,N,9,12,66,9,9,63
5317,2015,14,2015-07-05 16:40:00,Sunday,Fremantle,Brisbane Lions,Subiaco,D,13,6,84,7,6,48
5316,2015,14,2015-07-05 15:20:00,Sunday,Adelaide,Geelong,Adelaide Oval,D,0,0,0,0,0,0
5315,2015,14,2015-07-05 13:10:00,Sunday,Essendon,St Kilda,Docklands,D,8,4,52,25,12,162
5314,2015,14,2015-07-04 19:40:00,Saturday,Melbourne,West Coast,Marrara Oval,N,9,6,60,16,18,114
5313,2015,14,2015-07-04 19:20:00,Saturday,Western Bulldogs,Carlton,Docklands,N,9,10,64,7,11,53
5312,2015,14,2015-07-04 16:35:00,Saturday,Gold Coast,North Melbourne,Carrara,T,19,11,125,10,10,70
5311,2015,14,2015-07-04 13:40:00,Saturday,Richmond,Greater Western Sydney,M.C.G.,D,10,18,78,10,9,69
5310,2015,14,2015-07-03 19:50:00,Friday,Collingwood,Hawthorn,M.C.G.,N,12,19,91,15,11,101
5309,2015,14,2015-07-02 19:20:00,Thursday,Sydney,Port Adelaide,S.C.G.,N,14,10,94,12,12,84
5308,2015,13,2015-06-28 15:20:00,Sunday,Carlton,Gold Coast,Docklands,D,14,19,103,9,15,69
5307,2015,13,2015-06-27 19:20:00,Saturday,St Kilda,Western Bulldogs,Docklands,N,7,14,56,9,8,62
5306,2015,13,2015-06-27 16:35:00,Saturday,Brisbane Lions,Adelaide,Gabba,T,10,9,69,11,16,82
5305,2015,13,2015-06-27 13:40:00,Saturday,Hawthorn,Essendon,M.C.G.,D,16,18,114,11,10,76
5304,2015,13,2015-06-26 19:50:00,Friday,Sydney,Richmond,S.C.G.,N,11,11,77,14,11,95
5303,2015,13,2015-06-25 19:10:00,Thursday,Fremantle,Collingwood,Subiaco,N,12,8,80,11,7,73
5302,2015,12,2015-06-21 15:20:00,Sunday,Geelong,Melbourne,Kardinia Park,D,13,11,89,18,5,113
5301,2015,12,2015-06-20 19:20:00,Saturday,Western Bulldogs,Brisbane Lions,Docklands,N,22,14,146,11,8,74
5300,2015,12,2015-06-20 16:35:00,Saturday,Greater Western Sydney,North Melbourne,Sydney Showground,T,8,13,61,18,9,117
5299,2015,12,2015-06-20 13:40:00,Saturday,Carlton,Port Adelaide,M.C.G.,D,17,8,110,16,10,106
5298,2015,12,2015-06-19 19:50:00,Friday,Richmond,West Coast,M.C.G.,N,10,10,70,13,12,90
5297,2015,12,2015-06-18 19:50:00,Thursday,Adelaide,Hawthorn,Adelaide Oval,N,12,13,85,17,12,114
5296,2015,11,2015-06-14 16:40:00,Sunday,St Kilda,Melbourne,Docklands,T,12,13,85,12,11,83
5295,2015,11,2015-06-14 13:10:00,Sunday,Collingwood,Greater Western Sydney,M.C.G.,D,18,11,119,11,11,77
5294,2015,11,2015-06-13 19:20:00,Saturday,North Melbourne,Sydney,Docklands,N,10,15,75,14,7,91
5293,2015,11,2015-06-13 16:35:00,Saturday,West Coast,Essendon,Subiaco,D,14,12,96,6,10,46
5292,2015,11,2015-06-13 13:40:00,Saturday,Gold Coast,Fremantle,Carrara,D,7,4,46,6,17,53
5291,2015,11,2015-06-12 19:50:00,Friday,Port Adelaide,Geelong,Adelaide Oval,N,11,3,69,14,8,92
5290,2015,10,2015-06-08 15:20:00,Monday,Melbourne,Collingwood,M.C.G.,D,13,7,85,17,8,110
5289,2015,10,2015-06-07 16:40:00,Sunday,St Kilda,Hawthorn,Docklands,T,10,9,69,20,12,132
5288,2015,10,2015-06-07 15:20:00,Sunday,North Melbourne,West Coast,Bellerive Oval,D,13,7,85,10,15,75
5287,2015,10,2015-06-07 13:10:00,Sunday,Greater Western Sydney,Brisbane Lions,Sydney Showground,D,14,13,97,10,7,67
5286,2015,10,2015-06-06 19:40:00,Saturday,Port Adelaide,Western Bulldogs,Adelaide Oval,N,16,4,100,9,8,62
5285,2015,10,2015-06-06 19:20:00,Saturday,Essendon,Geelong,Docklands,N,7,11,53,19,8,122
5284,2015,10,2015-06-06 16:35:00,Saturday,Gold Coast,Sydney,Carrara,T,5,11,41,13,15,93
5283,2015,10,2015-06-06 13:40:00,Saturday,Carlton,Adelaide,M.C.G.,D,14,6,90,14,15,99
5282,2015,10,2015-06-05 19:10:00,Friday,Fremantle,Richmond,Subiaco,N,10,10,70,15,7,97
5281,2015,9,2015-05-31 16:40:00,Sunday,West Coast,Geelong,Subiaco,D,16,24,120,10,4,64
5280,2015,9,2015-05-31 15:20:00,Sunday,Collingwood,North Melbourne,M.C.G.,D,17,10,112,14,11,95
5279,2015,9,2015-05-31 13:10:00,Sunday,Brisbane Lions,St Kilda,Gabba,D,13,8,86,16,12,108
5278,2015,9,2015-05-30 19:40:00,Saturday,Adelaide,Fremantle,Adelaide Oval,N,7,15,57,10,8,68
5277,2015,9,2015-05-30 19:20:00,Saturday,Richmond,Essendon,M.C.G.,N,10,12,72,8,11,59
5276,2015,9,2015-05-30 16:35:00,Saturday,Western Bulldogs,Greater Western Sydney,Docklands,T,16,17,113,11,2,68
5275,2015,9,2015-05-30 14:10:00,Saturday,Melbourne,Port Adelaide,Traeger Park,D,8,6,54,18,7,115
5274,2015,9,2015-05-30 13:45:00,Saturday,Hawthorn,Gold Coast,York Park,D,14,9,93,6,4,40
5273,2015,9,2015-05-29 19:50:00,Friday,Sydney,Carlton,S.C.G.,N,19,8,122,9,8,62
5272,2015,8,2015-05-24 16:40:00,Sunday,Port Adelaide,Richmond,Adelaide Oval,T,5,13,43,11,10,76
5271,2015,8,2015-05-24 15:20:00,Sunday,Melbourne,Western Bulldogs,M.C.G.,D,15,13,103,9,10,64
5270,2015,8,2015-05-24 13:10:00,Sunday,Essendon,Brisbane Lions,Docklands,D,21,10,136,12,6,78
5269,2015,8,2015-05-23 19:40:00,Saturday,Fremantle,North Melbourne,Subiaco,T,17,13,115,5,12,42
5268,2015,8,2015-05-23 19:20:00,Saturday,Hawthorn,Sydney,M.C.G.,N,9,15,69,11,7,73
5267,2015,8,2015-05-23 16:35:00,Saturday,Gold Coast,Collingwood,Carrara,T,9,9,63,20,12,132
5266,2015,8,2015-05-23 14:10:00,Saturday,Greater Western Sydney,Adelaide,Sydney Showground,D,16,12,108,12,12,84
5265,2015,8,2015-05-23 13:45:00,Saturday,St Kilda,West Coast,Docklands,D,12,6,78,20,11,131
5264,2015,8,2015-05-22 19:50:00,Friday,Geelong,Carlton,Docklands,N,22,8,140,9,9,63
5263,2015,7,2015-05-17 16:40:00,Sunday,Brisbane Lions,Port Adelaide,Gabba,T,15,12,102,8,17,65
5262,2015,7,2015-05-17 15:20:00,Sunday,Richmond,Collingwood,M.C.G.,D,16,9,105,15,10,100
5261,2015,7,2015-05-17 13:10:00,Sunday,Western Bulldogs,Fremantle,Docklands,D,14,4,88,15,11,101
5260,2015,7,2015-05-16 19:40:00,Saturday,West Coast,Gold Coast,Subiaco,T,21,9,135,6,7,43
5259,2015,7,2015-05-16 19:20:00,Saturday,Sydney,Geelong,Stadium Australia,N,18,12,120,11,11,77
5258,2015,7,2015-05-16 16:35:00,Saturday,Carlton,Greater Western Sydney,Docklands,T,9,3,57,19,21,135
5257,2015,7,2015-05-16 14:10:00,Saturday,Hawthorn,Melbourne,M.C.G.,D,24,11,155,7,8,50
5256,2015,7,2015-05-16 13:45:00,Saturday,Adelaide,St Kilda,Adelaide Oval,D,18,11,119,10,13,73
5255,2015,7,2015-05-15 19:50:00,Friday,Essendon,North Melbourne,Docklands,N,12,10,82,13,15,93
5254,2015,6,2015-05-10 16:40:00,Sunday,Port Adelaide,West Coast,Adelaide Oval,T,10,8,68,11,12,78
5253,2015,6,2015-05-10 15:20:00,Sunday,Carlton,Brisbane Lions,Docklands,D,11,9,75,12,12,84
5252,2015,6,2015-05-09 19:10:00,Saturday,Fremantle,Essendon,Subiaco,N,12,8,80,7,10,52
5251,2015,6,2015-05-09 19:20:00,Saturday,Melbourne,Sydney,M.C.G.,N,7,8,50,12,16,88
5250,2015,6,2015-05-09 17:10:00,Saturday,Gold Coast,Adelaide,Carrara,T,11,12,78,18,11,119
5249,2015,6,2015-05-09 16:35:00,Saturday,Greater Western Sydney,Hawthorn,Sydney Showground,T,16,12,108,14,14,98
5248,2015,6,2015-05-09 14:10:00,Saturday,Western Bulldogs,St Kilda,Docklands,D,13,9,87,14,10,94
5247,2015,6,2015-05-09 13:45:00,Saturday,North Melbourne,Richmond,Bellerive Oval,D,16,13,109,10,14,74
5246,2015,6,2015-05-08 19:50:00,Friday,Collingwood,Geelong,M.C.G.,N,8,11,59,15,10,100
5245,2015,5,2015-05-03 16:40:00,Sunday,Adelaide,Port Adelaide,Adelaide Oval,T,13,13,91,18,7,115
5244,2015,5,2015-05-03 15:20:00,Sunday,St Kilda,Essendon,Docklands,D,11,14,80,11,16,82
5243,2015,5,2015-05-03 13:10:00,Sunday,Melbourne,Fremantle,M.C.G.,D,6,14,50,18,10,118
5242,2015,5,2015-05-02 19:40:00,Saturday,West Coast,Greater Western Sydney,Subiaco,T,18,12,120,4,9,33
5241,2015,5,2015-05-02 19:20:00,Saturday,North Melbourne,Hawthorn,Docklands,N,10,10,70,19,16,130
5240,2015,5,2015-05-02 16:35:00,Saturday,Gold Coast,Brisbane Lions,Carrara,T,18,10,118,7,12,54
5239,2015,5,2015-05-02 14:10:00,Saturday,Sydney,Western Bulldogs,S.C.G.,D,10,13,73,11,11,77
5238,2015,5,2015-05-02 13:45:00,Saturday,Richmond,Geelong,M.C.G.,D,11,10,76,12,13,85
5237,2015,5,2015-05-01 19:50:00,Friday,Carlton,Collingwood,M.C.G.,N,6,9,45,18,12,120
5236,2015,4,2015-04-26 16:40:00,Sunday,Western Bulldogs,Adelaide,Docklands,T,18,17,125,10,8,68
5235,2015,4,2015-04-26 15:20:00,Sunday,Geelong,North Melbourne,Kardinia Park,D,9,13,67,12,11,83
5234,2015,4,2015-04-26 13:10:00,Sunday,Brisbane Lions,West Coast,Gabba,D,9,11,65,17,16,118
5233,2015,4,2015-04-25 19:40:00,Saturday,Fremantle,Sydney,Subiaco,N,11,8,74,8,12,60
5232,2015,4,2015-04-25 19:40:00,Saturday,Port Adelaide,Hawthorn,Adelaide Oval,N,15,9,99,13,13,91
5231,2015,4,2015-04-25 17:40:00,Saturday,Greater Western Sydney,Gold Coast,Manuka Oval,T,16,23,119,7,11,53
5230,2015,4,2015-04-25 14:40:00,Saturday,Essendon,Collingwood,M.C.G.,D,6,13,49,9,15,69
5229,2015,4,2015-04-25 11:10:00,Saturday,St Kilda,Carlton,Wellington,D,12,9,81,18,13,121
5228,2015,4,2015-04-24 19:50:00,Friday,Richmond,Melbourne,M.C.G.,N,6,15,51,12,11,83
5227,2015,3,2015-04-19 16:40:00,Sunday,West Coast,Fremantle,Subiaco,D,12,9,81,17,9,111
5226,2015,3,2015-04-19 15:20:00,Sunday,Geelong,Gold Coast,Kardinia Park,D,16,9,105,13,18,96
5225,2015,3,2015-04-19 13:10:00,Sunday,Hawthorn,Western Bulldogs,York Park,D,19,13,127,8,9,57
5224,2015,3,2015-04-18 19:20:00,Saturday,Brisbane Lions,Richmond,Gabba,N,8,10,58,21,11,137
5223,2015,3,2015-04-18 19:20:00,Saturday,North Melbourne,Port Adelaide,Docklands,N,16,9,105,17,11,113
5222,2015,3,2015-04-18 16:35:00,Saturday,Sydney,Greater Western Sydney,S.C.G.,T,16,15,111,12,18,90
5221,2015,3,2015-04-18 14:10:00,Saturday,Adelaide,Melbourne,Adelaide Oval,D,12,8,80,7,13,55
5220,2015,3,2015-04-18 13:45:00,Saturday,Carlton,Essendon,M.C.G.,D,11,18,84,16,9,105
5219,2015,3,2015-04-17 19:50:00,Friday,Collingwood,St Kilda,M.C.G.,N,21,14,140,10,6,66
5218,2015,2,2015-04-12 16:40:00,Sunday,North Melbourne,Brisbane Lions,Docklands,T,20,13,133,7,9,51
5217,2015,2,2015-04-12 15:20:00,Sunday,Essendon,Hawthorn,M.C.G.,D,12,6,78,11,10,76
5216,2015,2,2015-04-12 13:10:00,Sunday,Geelong,Fremantle,Kardinia Park,D,9,6,60,15,14,104
5215,2015,2,2015-04-11 19:40:00,Saturday,Port Adelaide,Sydney,Adelaide Oval,N,6,8,44,14,8,92
5214,2015,2,2015-04-11 19:20:00,Saturday,Gold Coast,St Kilda,Carrara,N,10,16,76,16,8,104
5213,2015,2,2015-04-11 16:35:00,Saturday,Collingwood,Adelaide,Docklands,T,9,9,63,12,18,90
5212,2015,2,2015-04-11 14:10:00,Saturday,Greater Western Sydney,Melbourne,Manuka Oval,D,15,11,101,8,8,56
5211,2015,2,2015-04-11 13:45:00,Saturday,Richmond,Western Bulldogs,M.C.G.,D,9,12,66,12,13,85
5210,2015,2,2015-04-10 19:10:00,Friday,West Coast,Carlton,Subiaco,N,20,11,131,9,8,62
5209,2015,1,2015-04-06 15:20:00,Monday,Hawthorn,Geelong,M.C.G.,D,17,21,123,8,13,61
5208,2015,1,2015-04-05 18:40:00,Sunday,Fremantle,Port Adelaide,Subiaco,T,11,9,75,10,8,68
5207,2015,1,2015-04-05 15:20:00,Sunday,Adelaide,North Melbourne,Adelaide Oval,D,21,14,140,9,9,63
5206,2015,1,2015-04-05 13:10:00,Sunday,St Kilda,Greater Western Sydney,Docklands,D,11,12,78,12,15,87
5205,2015,1,2015-04-04 19:20:00,Saturday,Western Bulldogs,West Coast,Docklands,N,14,13,97,14,3,87
5204,2015,1,2015-04-04 19:20:00,Saturday,Brisbane Lions,Collingwood,Gabba,N,11,8,74,12,14,86
5203,2015,1,2015-04-04 16:35:00,Saturday,Sydney,Essendon,Stadium Australia,T,10,12,72,9,6,60
5202,2015,1,2015-04-04 13:40:00,Saturday,Melbourne,Gold Coast,M.C.G.,D,17,13,115,13,11,89
5201,2015,1,2015-04-02 19:20:00,Thursday,Carlton,Richmond,M.C.G.,N,11,12,78,15,15,105
5009,2014,GF,2014-09-27 14:30:00,Saturday,Sydney,Hawthorn,M.C.G.,D,11,8,74,21,11,137
5008,2014,PF,2014-09-20 16:45:00,Saturday,Hawthorn,Port Adelaide,M.C.G.,T,15,7,97,13,16,94
5007,2014,PF,2014-09-19 19:50:00,Friday,Sydney,North Melbourne,Stadium Australia,N,19,22,136,9,11,65
5006,2014,SF,2014-09-13 19:45:00,Saturday,Fremantle,Port Adelaide,Subiaco,N,11,17,83,15,15,105
5005,2014,SF,2014-09-12 19:50:00,Friday,Geelong,North Melbourne,M.C.G.,N,13,14,92,14,14,98
5004,2014,EF,2014-09-07 15:20:00,Sunday,Port Adelaide,Richmond,Adelaide Oval,D,20,12,132,11,9,75
5003,2014,EF,2014-09-06 19:15:00,Saturday,North Melbourne,Essendon,M.C.G.,N,14,9,93,12,9,81
5002,2014,QF,2014-09-06 14:45:00,Saturday,Sydney,Fremantle,Stadium Australia,D,13,15,93,10,9,69
5001,2014,QF,2014-09-05 19:50:00,Friday,Hawthorn,Geelong,M.C.G.,N,15,14,104,10,8,68
4998,2014,23,2014-08-31 16:40:00,Sunday,Western Bulldogs,Greater Western Sydney,Docklands,T,15,19,109,18,7,115
4997,2014,23,2014-08-31 15:20:00,Sunday,Adelaide,St Kilda,Adelaide Oval,D,22,9,141,9,8,62
4996,2014,23,2014-08-30 13:10:00,Saturday,Gold Coast,West Coast,Carrara,D,15,9,99,23,13,151
4995,2014,23,2014-08-30 19:40:00,Saturday,Geelong,Brisbane Lions,Kardinia Park,N,21,17,143,12,9,81
4994,2014,23,2014-08-30 19:40:00,Saturday,North Melbourne,Melbourne,Docklands,N,19,9,123,14,9,93
4993,2014,23,2014-08-30 16:40:00,Saturday,Sydney,Richmond,Stadium Australia,T,9,11,65,10,8,68
4992,2014,23,2014-08-30 15:10:00,Saturday,Fremantle,Port Adelaide,Subiaco,D,16,9,105,14,13,97
4991,2014,23,2014-08-30 13:45:00,Saturday,Carlton,Essendon,M.C.G.,D,14,6,90,13,12,90
4990,2014,23,2014-08-29 19:50:00,Friday,Collingwood,Hawthorn,M.C.G.,N,8,8,56,18,13,121
4989,2014,22,2014-08-24 16:40:00,Sunday,Richmond,St Kilda,M.C.G.,T,15,8,98,10,12,72
4988,2014,22,2014-08-24 15:20:00,Sunday,Western Bulldogs,Sydney,Docklands,D,9,13,67,20,10,130
4987,2014,22,2014-08-24 13:10:00,Sunday,Brisbane Lions,Fremantle,Gabba,D,6,12,48,15,16,106
4986,2014,22,2014-08-23 19:40:00,Saturday,West Coast,Melbourne,Subiaco,T,18,11,119,8,5,53
4985,2014,22,2014-08-23 19:40:00,Saturday,Hawthorn,Geelong,M.C.G.,N,14,10,94,11,5,71
4984,2014,22,2014-08-23 16:40:00,Saturday,Greater Western Sydney,Collingwood,Sydney Showground,T,9,13,67,11,9,75
4983,2014,22,2014-08-23 14:10:00,Saturday,Essendon,Gold Coast,Docklands,D,16,12,108,13,11,89
4982,2014,22,2014-08-23 13:45:00,Saturday,North Melbourne,Adelaide,Bellerive Oval,D,14,17,101,13,16,94
4981,2014,22,2014-08-22 19:50:00,Friday,Port Adelaide,Carlton,Adelaide Oval,N,20,20,140,5,7,37
4980,2014,21,2014-08-17 16:40:00,Sunday,Fremantle,Hawthorn,Subiaco,T,17,8,110,13,13,91
4979,2014,21,2014-08-17 15:20:00,Sunday,Melbourne,Greater Western Sydney,M.C.G.,D,3,16,34,15,8,98
4978,2014,21,2014-08-17 13:10:00,Sunday,North Melbourne,Western Bulldogs,Docklands,D,17,9,111,8,13,61
4977,2014,21,2014-08-16 19:40:00,Saturday,Collingwood,Brisbane Lions,M.C.G.,N,8,8,56,18,15,123
4976,2014,21,2014-08-16 19:40:00,Saturday,Adelaide,Richmond,Adelaide Oval,N,9,15,69,10,19,79
4975,2014,21,2014-08-16 16:40:00,Saturday,Essendon,West Coast,Docklands,T,11,11,77,11,8,74
4974,2014,21,2014-08-16 14:10:00,Saturday,Gold Coast,Port Adelaide,Carrara,D,7,5,47,7,14,56
4973,2014,21,2014-08-16 13:45:00,Saturday,Sydney,St Kilda,S.C.G.,D,19,13,127,8,8,56
4972,2014,21,2014-08-15 19:50:00,Friday,Carlton,Geelong,Docklands,N,11,10,76,11,16,82
4971,2014,20,2014-08-10 16:40:00,Sunday,West Coast,Collingwood,Subiaco,T,19,12,126,10,6,66
4970,2014,20,2014-08-10 15:20:00,Sunday,St Kilda,Western Bulldogs,Docklands,D,15,9,99,18,14,122
4969,2014,20,2014-08-10 13:10:00,Sunday,Brisbane Lions,Adelaide,Gabba,D,9,9,63,25,18,168
4968,2014,20,2014-08-09 19:40:00,Saturday,Port Adelaide,Sydney,Adelaide Oval,N,7,16,58,12,12,84
4967,2014,20,2014-08-09 19:40:00,Saturday,Geelong,Fremantle,Kardinia Park,N,12,9,81,11,13,79
4966,2014,20,2014-08-09 16:40:00,Saturday,Hawthorn,Melbourne,M.C.G.,T,17,13,115,9,11,65
4965,2014,20,2014-08-09 14:10:00,Saturday,Carlton,Gold Coast,Docklands,D,14,13,97,8,10,58
4964,2014,20,2014-08-09 13:45:00,Saturday,Greater Western Sydney,North Melbourne,Manuka Oval,D,7,9,51,19,12,126
4963,2014,20,2014-08-08 19:50:00,Friday,Richmond,Essendon,M.C.G.,N,14,11,95,11,11,77
4962,2014,19,2014-08-03 16:40:00,Sunday,Collingwood,Port Adelaide,M.C.G.,T,11,10,76,10,10,70
4961,2014,19,2014-08-03 15:20:00,Sunday,Hawthorn,Western Bulldogs,York Park,D,16,11,107,6,9,45
4960,2014,19,2014-08-03 13:10:00,Sunday,Melbourne,Brisbane Lions,Docklands,D,6,15,51,11,8,74
4959,2014,19,2014-08-02 19:40:00,Saturday,Gold Coast,St Kilda,Carrara,N,17,15,117,9,10,64
4958,2014,19,2014-08-02 19:40:00,Saturday,North Melbourne,Geelong,Docklands,N,10,19,79,16,15,111
4957,2014,19,2014-08-02 16:40:00,Saturday,Richmond,Greater Western Sydney,M.C.G.,T,13,11,89,8,14,62
4956,2014,19,2014-08-02 13:40:00,Saturday,Adelaide,West Coast,Adelaide Oval,D,16,9,105,20,16,136
4955,2014,19,2014-08-01 19:50:00,Friday,Sydney,Essendon,S.C.G.,N,11,13,79,8,9,57
4954,2014,19,2014-07-31 20:10:00,Thursday,Fremantle,Carlton,Subiaco,N,12,11,83,11,12,78
4953,2014,18,2014-07-27 16:40:00,Sunday,Collingwood,Adelaide,M.C.G.,T,12,10,82,14,14,98
4952,2014,18,2014-07-26 19:40:00,Saturday,Hawthorn,Sydney,M.C.G.,N,15,14,104,13,16,94
4951,2014,18,2014-07-26 16:40:00,Saturday,Brisbane Lions,Gold Coast,Gabba,T,16,14,110,8,8,56
4950,2014,18,2014-07-25 20:40:00,Friday,West Coast,Richmond,Subiaco,N,6,6,42,8,11,59
4949,2014,18,2014-07-20 16:40:00,Sunday,Western Bulldogs,Essendon,Docklands,T,14,10,94,15,11,101
4948,2014,18,2014-07-20 13:10:00,Sunday,Port Adelaide,Melbourne,Adelaide Oval,D,10,12,72,10,9,69
4947,2014,18,2014-07-19 19:40:00,Saturday,Greater Western Sydney,Geelong,Sydney Showground,N,12,15,87,13,16,94
4946,2014,18,2014-07-19 16:40:00,Saturday,St Kilda,Fremantle,Docklands,T,17,16,118,9,6,60
4945,2014,18,2014-07-18 19:50:00,Friday,Carlton,North Melbourne,Docklands,N,16,13,109,13,8,86
4944,2014,17,2014-07-13 16:40:00,Sunday,Fremantle,Greater Western Sydney,Subiaco,T,21,10,136,9,6,60
4943,2014,17,2014-07-13 15:20:00,Sunday,Essendon,Collingwood,M.C.G.,D,16,7,103,5,9,39
4942,2014,17,2014-07-13 13:10:00,Sunday,Richmond,Port Adelaide,Docklands,D,19,12,126,16,10,106
4941,2014,17,2014-07-12 19:40:00,Saturday,Brisbane Lions,West Coast,Gabba,N,9,10,64,11,10,76
4940,2014,17,2014-07-12 19:40:00,Saturday,Sydney,Carlton,S.C.G.,N,18,14,122,7,9,51
4939,2014,17,2014-07-12 16:40:00,Saturday,Western Bulldogs,Gold Coast,Cazaly's Stadium,T,13,16,94,9,12,66
4938,2014,17,2014-07-12 14:10:00,Saturday,North Melbourne,St Kilda,Bellerive Oval,D,13,14,92,3,15,33
4937,2014,17,2014-07-12 13:45:00,Saturday,Melbourne,Geelong,M.C.G.,D,5,6,36,14,18,102
4936,2014,17,2014-07-11 19:50:00,Friday,Adelaide,Hawthorn,Adelaide Oval,N,14,8,92,15,14,104
4935,2014,16,2014-07-06 16:40:00,Sunday,Geelong,Western Bulldogs,Kardinia Park,T,10,9,69,7,14,56
4934,2014,16,2014-07-06 15:20:00,Sunday,West Coast,Sydney,Subiaco,D,7,9,51,10,19,79
4933,2014,16,2014-07-06 13:10:00,Sunday,Carlton,St Kilda,Docklands,D,24,7,151,10,6,66
4932,2014,16,2014-07-05 19:40:00,Saturday,Melbourne,Fremantle,Marrara Oval,N,4,10,34,15,7,97
4931,2014,16,2014-07-05 19:40:00,Saturday,Port Adelaide,Essendon,Adelaide Oval,N,7,18,60,8,14,62
4930,2014,16,2014-07-05 16:40:00,Saturday,Gold Coast,Collingwood,Carrara,T,11,14,80,10,15,75
4929,2014,16,2014-07-05 14:10:00,Saturday,Greater Western Sydney,Adelaide,Sydney Showground,D,9,18,72,20,20,140
4928,2014,16,2014-07-05 13:45:00,Saturday,Richmond,Brisbane Lions,M.C.G.,D,12,7,79,7,12,54
4927,2014,16,2014-07-04 19:50:00,Friday,North Melbourne,Hawthorn,Docklands,N,16,12,108,13,10,88
4926,2014,15,2014-06-29 19:10:00,Sunday,Collingwood,Carlton,M.C.G.,N,13,13,91,11,10,76
4925,2014,15,2014-06-29 16:10:00,Sunday,Adelaide,Port Adelaide,Adelaide Oval,T,14,15,99,10,16,76
4924,2014,15,2014-06-29 13:10:00,Sunday,Western Bulldogs,Melbourne,Docklands,D,14,7,91,13,7,85
4923,2014,15,2014-06-28 19:40:00,Saturday,Sydney,Greater Western Sydney,S.C.G.,N,15,16,106,8,12,60
4922,2014,15,2014-06-28 19:40:00,Saturday,Brisbane Lions,North Melbourne,Gabba,N,10,10,70,9,12,66
4921,2014,15,2014-06-28 16:40:00,Saturday,Fremantle,West Coast,Subiaco,T,13,10,88,11,15,81
4920,2014,15,2014-06-28 14:10:00,Saturday,St Kilda,Richmond,Docklands,D,11,7,73,18,9,117
4919,2014,15,2014-06-28 13:45:00,Saturday,Hawthorn,Gold Coast,York Park,D,17,14,116,10,3,63
4918,2014,15,2014-06-27 19:50:00,Friday,Geelong,Essendon,Docklands,N,13,11,89,11,14,80
4917,2014,14,2014-06-22 16:40:00,Sunday,Melbourne,North Melbourne,M.C.G.,T,10,6,66,15,17,107
4916,2014,14,2014-06-22 15:20:00,Sunday,St Kilda,West Coast,Docklands,D,10,10,70,15,13,103
4915,2014,14,2014-06-22 13:10:00,Sunday,Greater Western Sydney,Carlton,Sydney Showground,D,15,10,100,14,8,92
4914,2014,14,2014-06-21 19:40:00,Saturday,Fremantle,Brisbane Lions,Subiaco,T,15,15,105,3,4,22
4913,2014,14,2014-06-21 19:40:00,Saturday,Essendon,Adelaide,Docklands,N,15,11,101,14,8,92
4912,2014,14,2014-06-21 16:40:00,Saturday,Gold Coast,Geelong,Carrara,T,17,16,118,11,12,78
4911,2014,14,2014-06-21 14:10:00,Saturday,Hawthorn,Collingwood,M.C.G.,D,17,13,115,13,8,86
4910,2014,14,2014-06-21 13:45:00,Saturday,Port Adelaide,Western Bulldogs,Adelaide Oval,D,19,14,128,8,8,56
4909,2014,14,2014-06-20 19:50:00,Friday,Richmond,Sydney,M.C.G.,N,7,9,51,9,8,62
4908,2014,13,2014-06-15 16:40:00,Sunday,Essendon,Melbourne,M.C.G.,T,10,17,77,12,6,78
4907,2014,13,2014-06-15 15:20:00,Sunday,Collingwood,Western Bulldogs,Docklands,D,15,8,98,16,10,106
4906,2014,13,2014-06-15 13:10:00,Sunday,Geelong,St Kilda,Kardinia Park,D,20,13,133,5,7,37
4905,2014,13,2014-06-14 19:40:00,Saturday,Brisbane Lions,Greater Western Sydney,Gabba,N,12,8,80,19,11,125
4904,2014,13,2014-06-14 19:40:00,Saturday,Adelaide,North Melbourne,Adelaide Oval,N,16,13,109,10,13,73
4903,2014,13,2014-06-14 16:40:00,Saturday,West Coast,Gold Coast,Subiaco,T,15,13,103,15,10,100
4902,2014,13,2014-06-14 14:10:00,Saturday,Sydney,Port Adelaide,S.C.G.,D,14,14,98,13,16,94
4901,2014,13,2014-06-14 13:45:00,Saturday,Richmond,Fremantle,M.C.G.,D,12,13,85,16,9,105
4900,2014,13,2014-06-13 19:50:00,Friday,Carlton,Hawthorn,M.C.G.,N,13,12,90,18,10,118
4899,2014,12,2014-06-09 15:20:00,Monday,Melbourne,Collingwood,M.C.G.,D,3,10,28,8,13,61
4898,2014,12,2014-06-08 19:10:00,Sunday,North Melbourne,Richmond,Docklands,N,17,14,116,13,10,88
4897,2014,12,2014-06-08 16:10:00,Sunday,Fremantle,Adelaide,Subiaco,D,12,18,90,7,8,50
4896,2014,12,2014-06-08 15:20:00,Sunday,Gold Coast,Sydney,Carrara,D,10,14,74,17,7,109
4895,2014,12,2014-06-07 19:40:00,Saturday,Western Bulldogs,Brisbane Lions,Docklands,N,13,9,87,14,11,95
4894,2014,12,2014-06-07 19:40:00,Saturday,Greater Western Sydney,Essendon,Sydney Showground,N,9,12,66,11,15,81
4893,2014,12,2014-06-07 16:40:00,Saturday,Port Adelaide,St Kilda,Adelaide Oval,T,19,15,129,9,5,59
4892,2014,12,2014-06-07 13:40:00,Saturday,Hawthorn,West Coast,York Park,D,19,9,123,12,7,79
4891,2014,12,2014-06-06 19:50:00,Friday,Geelong,Carlton,Docklands,N,16,11,107,15,12,102
4890,2014,11,2014-06-01 19:40:00,Sunday,West Coast,North Melbourne,Subiaco,T,6,8,44,12,10,82
4889,2014,11,2014-06-01 16:40:00,Sunday,Hawthorn,Greater Western Sydney,M.C.G.,T,14,10,94,13,9,87
4888,2014,11,2014-06-01 15:20:00,Sunday,Western Bulldogs,Fremantle,Docklands,D,6,15,51,13,11,89
4887,2014,11,2014-06-01 13:10:00,Sunday,Adelaide,Gold Coast,Adelaide Oval,D,16,13,109,11,11,77
4886,2014,11,2014-05-31 19:45:00,Saturday,Essendon,Richmond,M.C.G.,N,15,14,104,7,12,54
4885,2014,11,2014-05-31 16:40:00,Saturday,Brisbane Lions,Carlton,Gabba,T,14,14,98,13,13,91
4884,2014,11,2014-05-31 13:40:00,Saturday,Melbourne,Port Adelaide,Traeger Park,D,11,9,75,14,11,95
4883,2014,11,2014-05-30 19:50:00,Friday,St Kilda,Collingwood,Docklands,N,8,6,54,21,14,140
4882,2014,11,2014-05-29 19:10:00,Thursday,Sydney,Geelong,S.C.G.,N,22,16,148,5,8,38
4881,2014,10,2014-05-25 16:40:00,Sunday,Carlton,Adelaide,M.C.G.,T,12,9,81,10,16,76
4880,2014,10,2014-05-25 15:20:00,Sunday,Gold Coast,Western Bulldogs,Carrara,D,18,11,119,10,14,74
4879,2014,10,2014-05-24 19:40:00,Saturday,Port Adelaide,Hawthorn,Adelaide Oval,N,15,10,100,13,8,86
4878,2014,10,2014-05-24 16:40:00,Saturday,Collingwood,West Coast,M.C.G.,T,17,7,109,15,11,101
4877,2014,10,2014-05-24 13:40:00,Saturday,Greater Western Sydney,Richmond,Sydney Showground,D,5,11,41,24,10,154
4876,2014,10,2014-05-23 19:50:00,Friday,Geelong,North Melbourne,Kardinia Park,N,16,15,111,13,13,91
4875,2014,9,2014-05-18 16:40:00,Sunday,St Kilda,Gold Coast,Docklands,T,13,9,87,19,11,125
4874,2014,9,2014-05-17 19:40:00,Saturday,Fremantle,Geelong,Subiaco,T,13,18,96,9,10,64
4873,2014,9,2014-05-17 16:40:00,Saturday,North Melbourne,Brisbane Lions,Docklands,T,17,23,125,6,2,38
4872,2014,9,2014-05-17 13:40:00,Saturday,Richmond,Melbourne,M.C.G.,D,9,20,74,14,7,91
4871,2014,9,2014-05-16 19:50:00,Friday,Essendon,Sydney,Docklands,N,9,10,64,18,6,114
4870,2014,9,2014-05-15 19:50:00,Thursday,Adelaide,Collingwood,Adelaide Oval,N,10,16,76,7,13,55
4869,2014,8,2014-05-12 19:20:00,Monday,St Kilda,Carlton,Docklands,N,9,15,69,15,11,101
4868,2014,8,2014-05-11 16:40:00,Sunday,West Coast,Greater Western Sydney,Subiaco,T,30,8,188,12,5,77
4867,2014,8,2014-05-10 19:40:00,Saturday,Melbourne,Western Bulldogs,M.C.G.,N,12,11,83,15,9,99
4866,2014,8,2014-05-10 16:40:00,Saturday,Brisbane Lions,Essendon,Gabba,T,8,9,57,9,11,65
4865,2014,8,2014-05-10 13:40:00,Saturday,Port Adelaide,Fremantle,Adelaide Oval,D,13,16,94,11,10,76
4864,2014,8,2014-05-09 19:50:00,Friday,Sydney,Hawthorn,Stadium Australia,N,15,17,107,13,10,88
4863,2014,7,2014-05-04 16:40:00,Sunday,West Coast,Fremantle,Subiaco,T,7,12,54,11,7,73
4862,2014,7,2014-05-04 15:20:00,Sunday,Geelong,Richmond,M.C.G.,D,11,15,81,12,4,76
4861,2014,7,2014-05-04 13:10:00,Sunday,North Melbourne,Gold Coast,Docklands,D,11,11,77,18,12,120
4860,2014,7,2014-05-03 19:40:00,Saturday,Brisbane Lions,Sydney,Gabba,N,6,8,44,18,15,123
4859,2014,7,2014-05-03 19:40:00,Saturday,Essendon,Western Bulldogs,Docklands,N,10,13,73,9,11,65
4858,2014,7,2014-05-03 16:40:00,Saturday,Adelaide,Melbourne,Adelaide Oval,T,9,13,67,11,4,70
4857,2014,7,2014-05-03 14:10:00,Saturday,Greater Western Sydney,Port Adelaide,Manuka Oval,D,15,7,97,20,12,132
4856,2014,7,2014-05-03 13:45:00,Saturday,Hawthorn,St Kilda,M.C.G.,D,27,13,175,4,6,30
4855,2014,7,2014-05-02 19:50:00,Friday,Carlton,Collingwood,M.C.G.,N,10,10,70,14,20,104
4854,2014,6,2014-04-27 16:40:00,Sunday,Port Adelaide,Geelong,Adelaide Oval,T,16,11,107,9,13,67
4853,2014,6,2014-04-27 15:20:00,Sunday,Richmond,Hawthorn,M.C.G.,D,7,10,52,18,10,118
4852,2014,6,2014-04-27 13:10:00,Sunday,Western Bulldogs,Adelaide,Docklands,D,12,11,83,13,14,92
4851,2014,6,2014-04-26 19:40:00,Saturday,Melbourne,Sydney,M.C.G.,N,5,8,38,9,15,69
4850,2014,6,2014-04-26 16:40:00,Saturday,Carlton,West Coast,Docklands,T,14,8,92,12,17,89
4849,2014,6,2014-04-26 13:40:00,Saturday,Gold Coast,Greater Western Sydney,Carrara,D,20,14,134,13,16,94
4848,2014,6,2014-04-25 20:50:00,Friday,Fremantle,North Melbourne,Subiaco,N,8,13,61,10,14,74
4847,2014,6,2014-04-25 17:45:00,Friday,St Kilda,Brisbane Lions,Wellington,N,11,13,79,12,10,82
4846,2014,6,2014-04-25 14:45:00,Friday,Collingwood,Essendon,M.C.G.,D,12,11,83,8,12,60
4845,2014,5,2014-04-21 15:20:00,Monday,Geelong,Hawthorn,M.C.G.,D,15,16,106,12,15,87
4844,2014,5,2014-04-20 16:40:00,Sunday,Western Bulldogs,Carlton,Docklands,T,13,13,91,18,11,119
4843,2014,5,2014-04-20 15:20:00,Sunday,Melbourne,Gold Coast,M.C.G.,D,11,12,78,11,20,86
4842,2014,5,2014-04-20 13:10:00,Sunday,Adelaide,Greater Western Sydney,Adelaide Oval,D,21,11,137,10,12,72
4841,2014,5,2014-04-19 19:40:00,Saturday,West Coast,Port Adelaide,Subiaco,T,7,14,56,10,10,70
4840,2014,5,2014-04-19 19:40:00,Saturday,Essendon,St Kilda,Docklands,N,9,11,65,11,15,81
4839,2014,5,2014-04-19 16:40:00,Saturday,Sydney,Fremantle,S.C.G.,T,13,14,92,11,9,75
4838,2014,5,2014-04-19 13:40:00,Saturday,Collingwood,North Melbourne,M.C.G.,D,13,15,93,8,10,58
4837,2014,5,2014-04-17 19:50:00,Thursday,Brisbane Lions,Richmond,Gabba,N,9,9,63,15,16,106
4836,2014,4,2014-04-13 16:40:00,Sunday,Fremantle,Essendon,Subiaco,T,18,5,113,9,6,60
4835,2014,4,2014-04-13 15:20:00,Sunday,St Kilda,Adelaide,Docklands,D,7,8,50,20,16,136
4834,2014,4,2014-04-13 13:10:00,Sunday,Sydney,North Melbourne,S.C.G.,D,6,12,48,13,13,91
4833,2014,4,2014-04-12 19:40:00,Saturday,Geelong,West Coast,Kardinia Park,N,16,11,107,4,8,32
4832,2014,4,2014-04-12 19:40:00,Saturday,Gold Coast,Hawthorn,Carrara,N,7,7,49,23,10,148
4831,2014,4,2014-04-12 16:40:00,Saturday,Greater Western Sydney,Western Bulldogs,Manuka Oval,T,12,11,83,17,8,110
4830,2014,4,2014-04-12 14:10:00,Saturday,Port Adelaide,Brisbane Lions,Adelaide Oval,D,24,15,159,7,4,46
4829,2014,4,2014-04-12 13:45:00,Saturday,Carlton,Melbourne,M.C.G.,D,7,16,58,12,9,81
4828,2014,4,2014-04-11 19:50:00,Friday,Richmond,Collingwood,M.C.G.,N,10,12,72,16,14,110
4827,2014,3,2014-04-06 19:10:00,Sunday,Essendon,Carlton,M.C.G.,N,21,12,138,8,9,57
4826,2014,3,2014-04-06 16:10:00,Sunday,North Melbourne,Port Adelaide,Docklands,T,14,13,97,13,12,90
4825,2014,3,2014-04-06 13:10:00,Sunday,Greater Western Sydney,Melbourne,Sydney Showground,D,10,19,79,7,5,47
4824,2014,3,2014-04-05 19:40:00,Saturday,West Coast,St Kilda,Subiaco,T,12,11,83,8,10,58
4823,2014,3,2014-04-05 19:40:00,Saturday,Collingwood,Geelong,M.C.G.,N,11,10,76,12,15,87
4822,2014,3,2014-04-05 16:40:00,Saturday,Gold Coast,Brisbane Lions,Carrara,T,17,12,114,9,7,61
4821,2014,3,2014-04-05 14:10:00,Saturday,Adelaide,Sydney,Adelaide Oval,D,9,17,71,21,8,134
4820,2014,3,2014-04-05 13:45:00,Saturday,Western Bulldogs,Richmond,Docklands,D,15,10,100,15,8,98
4819,2014,3,2014-04-04 19:50:00,Friday,Hawthorn,Fremantle,M.C.G.,N,21,11,137,11,13,79
4818,2014,2,2014-03-30 16:40:00,Sunday,Western Bulldogs,North Melbourne,Docklands,T,8,6,54,12,11,83
4817,2014,2,2014-03-30 15:20:00,Sunday,Melbourne,West Coast,M.C.G.,D,4,6,30,18,15,123
4816,2014,2,2014-03-30 13:10:00,Sunday,Brisbane Lions,Geelong,Gabba,D,10,8,68,13,15,93
4815,2014,2,2014-03-29 19:40:00,Saturday,Fremantle,Gold Coast,Subiaco,T,12,15,87,5,9,39
4814,2014,2,2014-03-29 19:40:00,Saturday,Sydney,Collingwood,Stadium Australia,N,10,9,69,12,17,89
4813,2014,2,2014-03-29 16:45:00,Saturday,Port Adelaide,Adelaide,Adelaide Oval,T,19,14,128,11,7,73
4812,2014,2,2014-03-29 13:40:00,Saturday,St Kilda,Greater Western Sydney,Docklands,D,15,5,95,13,10,88
4811,2014,2,2014-03-28 19:50:00,Friday,Essendon,Hawthorn,Docklands,N,12,14,86,13,12,90
4810,2014,2,2014-03-27 19:45:00,Thursday,Richmond,Carlton,M.C.G.,N,14,14,98,12,14,86
4809,2014,1,2014-03-23 19:40:00,Sunday,West Coast,Western Bulldogs,Subiaco,T,21,8,134,11,3,69
4808,2014,1,2014-03-22 19:40:00,Saturday,St Kilda,Melbourne,Docklands,N,10,8,68,6,15,51
4807,2014,1,2014-03-22 16:40:00,Saturday,Hawthorn,Brisbane Lions,York Park,T,21,13,139,13,13,91
4806,2014,1,2014-03-21 19:50:00,Friday,North Melbourne,Essendon,Docklands,N,9,6,60,15,9,99
4805,2014,1,2014-03-20 19:10:00,Thursday,Geelong,Adelaide,Kardinia Park,N,18,11,119,12,9,81
4804,2014,1,2014-03-16 19:40:00,Sunday,Carlton,Port Adelaide,Docklands,N,12,15,87,18,12,120
4803,2014,1,2014-03-15 19:55:00,Saturday,Gold Coast,Richmond,Carrara,N,12,15,87,10,9,69
4802,2014,1,2014-03-15 16:40:00,Saturday,Greater Western Sydney,Sydney,Sydney Showground,T,15,9,99,9,13,67
4801,2014,1,2014-03-14 19:50:00,Friday,Collingwood,Fremantle,Docklands,N,5,16,46,17,14,116
4609,2013,GF,2013-09-27 14:40:00,Friday,Hawthorn,Fremantle,M.C.G.,D,11,11,77,8,14,62
4608,2013,PF,2013-09-21 19:45:00,Saturday,Fremantle,Sydney,Subiaco,N,14,15,99,11,8,74
4607,2013,PF,2013-09-20 19:50:00,Friday,Hawthorn,Geelong,M.C.G.,N,14,18,102,15,7,97
4606,2013,SF,2013-09-14 19:45:00,Saturday,Sydney,Carlton,Stadium Australia,N,13,8,86,8,14,62
4605,2013,SF,2013-09-13 19:50:00,Friday,Geelong,Port Adelaide,M.C.G.,N,13,18,96,12,8,80
4604,2013,EF,2013-09-08 15:20:00,Sunday,Richmond,Carlton,M.C.G.,D,14,12,96,18,8,116
4603,2013,EF,2013-09-07 19:45:00,Saturday,Collingwood,Port Adelaide,M.C.G.,N,9,9,63,12,15,87
4602,2013,QF,2013-09-07 14:20:00,Saturday,Geelong,Fremantle,Kardinia Park,D,9,18,72,12,15,87
4601,2013,QF,2013-09-06 19:50:00,Friday,Hawthorn,Sydney,M.C.G.,N,15,15,105,7,9,51
4598,2013,23,2013-09-01 16:40:00,Sunday,Western Bulldogs,Melbourne,Docklands,T,16,11,107,13,9,87
4597,2013,23,2013-09-01 15:20:00,Sunday,Collingwood,North Melbourne,M.C.G.,D,17,12,114,19,11,125
4596,2013,23,2013-09-01 13:10:00,Sunday,Gold Coast,Greater Western Sydney,Carrara,D,22,14,146,9,9,63
4595,2013,23,2013-08-31 20:10:00,Saturday,West Coast,Adelaide,Subiaco,N,5,13,43,19,15,129
4594,2013,23,2013-08-31 19:40:00,Saturday,Essendon,Richmond,M.C.G.,N,9,11,65,15,14,104
4593,2013,23,2013-08-31 16:40:00,Saturday,Port Adelaide,Carlton,Football Park,T,15,13,103,15,14,104
4592,2013,23,2013-08-31 14:10:00,Saturday,Geelong,Brisbane Lions,Kardinia Park,D,15,22,112,17,9,111
4591,2013,23,2013-08-31 13:45:00,Saturday,St Kilda,Fremantle,Docklands,D,16,16,112,6,5,41
4590,2013,23,2013-08-30 19:50:00,Friday,Sydney,Hawthorn,Stadium Australia,N,16,4,100,17,10,112
4589,2013,22,2013-08-25 16:40:00,Sunday,Brisbane Lions,Western Bulldogs,Gabba,T,15,10,100,13,15,93
4588,2013,22,2013-08-25 15:15:00,Sunday,Greater Western Sydney,Richmond,Sydney Showground,D,6,6,42,25,13,163
4587,2013,22,2013-08-25 13:10:00,Sunday,St Kilda,Gold Coast,Docklands,D,17,14,116,10,10,70
4586,2013,22,2013-08-24 19:40:00,Saturday,Fremantle,Port Adelaide,Subiaco,N,21,8,134,9,6,60
4585,2013,22,2013-08-24 19:40:00,Saturday,Carlton,Essendon,M.C.G.,N,9,22,76,12,10,82
4584,2013,22,2013-08-24 16:40:00,Saturday,Geelong,Sydney,Kardinia Park,T,13,14,92,7,6,48
4583,2013,22,2013-08-24 14:10:00,Saturday,North Melbourne,Hawthorn,Docklands,D,15,13,103,17,15,117
4582,2013,22,2013-08-24 13:45:00,Saturday,Adelaide,Melbourne,Football Park,D,18,12,120,7,10,52
4581,2013,22,2013-08-23 19:50:00,Friday,Collingwood,West Coast,M.C.G.,N,15,11,101,5,9,39
4580,2013,21,2013-08-18 16:40:00,Sunday,Western Bulldogs,Adelaide,Docklands,T,20,11,131,17,12,114
4579,2013,21,2013-08-18 15:15:00,Sunday,Sydney,St Kilda,S.C.G.,D,18,10,118,8,11,59
4578,2013,21,2013-08-18 13:10:00,Sunday,Melbourne,Fremantle,M.C.G.,D,5,8,38,20,13,133
4577,2013,21,2013-08-17 19:40:00,Saturday,Brisbane Lions,Greater Western Sydney,Gabba,N,18,15,123,9,9,63
4576,2013,21,2013-08-17 19:40:00,Saturday,West Coast,Geelong,Subiaco,N,6,5,41,16,11,107
4575,2013,21,2013-08-17 16:40:00,Saturday,Essendon,North Melbourne,Docklands,T,9,16,70,17,13,115
4574,2013,21,2013-08-17 14:10:00,Saturday,Port Adelaide,Gold Coast,Football Park,D,16,17,113,14,12,96
4573,2013,21,2013-08-17 13:45:00,Saturday,Richmond,Carlton,M.C.G.,D,14,12,96,16,10,106
4572,2013,21,2013-08-16 19:50:00,Friday,Hawthorn,Collingwood,M.C.G.,N,18,11,119,12,12,84
4571,2013,20,2013-08-11 16:40:00,Sunday,Fremantle,Greater Western Sydney,Subiaco,T,24,13,157,6,8,44
4570,2013,20,2013-08-11 15:15:00,Sunday,Adelaide,North Melbourne,Football Park,D,11,13,79,10,10,70
4569,2013,20,2013-08-11 13:10:00,Sunday,Essendon,West Coast,Docklands,D,9,13,67,18,12,120
4568,2013,20,2013-08-10 19:40:00,Saturday,Gold Coast,Melbourne,Carrara,N,13,12,90,10,17,77
4567,2013,20,2013-08-10 19:40:00,Saturday,Sydney,Collingwood,Stadium Australia,N,10,11,71,14,16,100
4566,2013,20,2013-08-10 16:40:00,Saturday,Carlton,Western Bulldogs,Docklands,T,13,11,89,16,21,117
4565,2013,20,2013-08-10 14:10:00,Saturday,Geelong,Port Adelaide,Kardinia Park,D,20,9,129,16,8,104
4564,2013,20,2013-08-10 13:45:00,Saturday,Richmond,Brisbane Lions,M.C.G.,D,14,13,97,11,8,74
4563,2013,20,2013-08-09 19:50:00,Friday,St Kilda,Hawthorn,Docklands,N,7,14,56,14,18,102
4562,2013,19,2013-08-04 16:40:00,Sunday,Collingwood,Essendon,M.C.G.,T,20,13,133,7,12,54
4561,2013,19,2013-08-04 15:20:00,Sunday,Adelaide,Port Adelaide,Football Park,D,15,13,103,17,5,107
4560,2013,19,2013-08-04 13:10:00,Sunday,Western Bulldogs,Sydney,Docklands,D,15,9,99,21,8,134
4559,2013,19,2013-08-03 19:40:00,Saturday,Brisbane Lions,St Kilda,Gabba,N,16,12,108,11,11,77
4558,2013,19,2013-08-03 19:40:00,Saturday,Carlton,Fremantle,Docklands,N,12,8,80,17,14,116
4557,2013,19,2013-08-03 16:40:00,Saturday,West Coast,Gold Coast,Subiaco,T,20,10,130,17,11,113
4556,2013,19,2013-08-03 14:10:00,Saturday,Hawthorn,Richmond,M.C.G.,D,9,12,66,16,11,107
4555,2013,19,2013-08-03 13:45:00,Saturday,Greater Western Sydney,Melbourne,Sydney Showground,D,19,10,124,12,15,87
4554,2013,19,2013-08-02 19:50:00,Friday,North Melbourne,Geelong,Docklands,N,15,6,96,13,8,86
4553,2013,18,2013-07-28 16:40:00,Sunday,Sydney,Richmond,S.C.G.,T,16,14,110,9,9,63
4552,2013,18,2013-07-28 15:15:00,Sunday,Western Bulldogs,West Coast,Docklands,D,16,15,111,13,11,89
4551,2013,18,2013-07-28 13:10:00,Sunday,Port Adelaide,Brisbane Lions,Football Park,D,9,17,71,9,8,62
4550,2013,18,2013-07-27 19:40:00,Saturday,Fremantle,Adelaide,Subiaco,N,11,9,75,7,11,53
4549,2013,18,2013-07-27 19:40:00,Saturday,Geelong,St Kilda,Kardinia Park,N,21,11,137,5,6,36
4548,2013,18,2013-07-27 16:40:00,Saturday,Collingwood,Greater Western Sydney,M.C.G.,T,15,16,106,10,6,66
4547,2013,18,2013-07-27 14:10:00,Saturday,Melbourne,North Melbourne,Docklands,D,4,4,28,22,18,150
4546,2013,18,2013-07-27 13:45:00,Saturday,Gold Coast,Carlton,Carrara,D,11,11,77,16,24,120
4545,2013,18,2013-07-26 19:50:00,Friday,Essendon,Hawthorn,Docklands,N,13,9,87,22,11,143
4544,2013,17,2013-07-21 16:40:00,Sunday,West Coast,Sydney,Subiaco,T,11,13,79,17,11,113
4543,2013,17,2013-07-21 15:15:00,Sunday,Adelaide,Geelong,Football Park,D,14,10,94,14,8,92
4542,2013,17,2013-07-21 13:10:00,Sunday,Richmond,Fremantle,M.C.G.,D,12,12,84,8,9,57
4541,2013,17,2013-07-20 19:40:00,Saturday,Melbourne,Brisbane Lions,Marrara Oval,N,11,9,75,13,16,94
4540,2013,17,2013-07-20 14:10:00,Saturday,Greater Western Sydney,Essendon,Sydney Showground,N,11,11,77,18,8,116
4539,2013,17,2013-07-20 16:40:00,Saturday,Gold Coast,Collingwood,Carrara,T,13,7,85,11,12,78
4538,2013,17,2013-07-20 19:40:00,Saturday,St Kilda,Port Adelaide,Docklands,N,13,14,92,14,13,97
4537,2013,17,2013-07-20 13:45:00,Saturday,Hawthorn,Western Bulldogs,York Park,D,13,17,95,11,10,76
4536,2013,17,2013-07-19 19:50:00,Friday,North Melbourne,Carlton,Docklands,N,16,12,108,16,13,109
4535,2013,16,2013-07-14 16:40:00,Sunday,West Coast,Fremantle,Subiaco,T,14,9,93,19,7,121
4534,2013,16,2013-07-14 15:15:00,Sunday,Western Bulldogs,Essendon,Docklands,D,14,6,90,18,13,121
4533,2013,16,2013-07-14 13:10:00,Sunday,Sydney,Greater Western Sydney,S.C.G.,D,24,27,171,5,12,42
4532,2013,16,2013-07-13 19:40:00,Saturday,Brisbane Lions,North Melbourne,Gabba,N,18,9,117,17,3,105
4531,2013,16,2013-07-13 19:40:00,Saturday,Carlton,St Kilda,Docklands,N,16,14,110,10,14,74
4530,2013,16,2013-07-13 16:40:00,Saturday,Richmond,Gold Coast,Cazaly's Stadium,T,6,17,53,6,8,44
4529,2013,16,2013-07-13 14:10:00,Saturday,Geelong,Melbourne,Kardinia Park,D,13,20,98,4,6,30
4528,2013,16,2013-07-13 13:45:00,Saturday,Port Adelaide,Hawthorn,Football Park,D,12,7,79,19,10,124
4527,2013,16,2013-07-12 19:50:00,Friday,Collingwood,Adelaide,M.C.G.,N,17,9,111,12,12,84
4526,2013,15,2013-07-07 16:40:00,Sunday,Essendon,Port Adelaide,Docklands,T,18,10,118,12,16,88
4525,2013,15,2013-07-07 15:15:00,Sunday,Fremantle,St Kilda,Subiaco,D,15,10,100,11,4,70
4524,2013,15,2013-07-07 13:10:00,Sunday,Melbourne,Sydney,M.C.G.,D,13,7,85,16,20,116
4523,2013,15,2013-07-06 19:40:00,Saturday,Adelaide,West Coast,Football Park,N,9,15,69,11,9,75
4522,2013,15,2013-07-06 19:40:00,Saturday,Geelong,Hawthorn,M.C.G.,N,11,16,82,10,12,72
4521,2013,15,2013-07-06 16:40:00,Saturday,Brisbane Lions,Gold Coast,Gabba,T,17,14,116,12,11,83
4520,2013,15,2013-07-06 14:10:00,Saturday,North Melbourne,Richmond,Docklands,D,19,14,128,8,18,66
4519,2013,15,2013-07-06 13:45:00,Saturday,Greater Western Sydney,Western Bulldogs,Manuka Oval,D,12,11,83,13,9,87
4518,2013,15,2013-07-05 19:50:00,Friday,Carlton,Collingwood,M.C.G.,N,12,5,77,17,16,118
4517,2013,14,2013-06-30 16:40:00,Sunday,Richmond,St Kilda,M.C.G.,T,17,17,119,8,7,55
4516,2013,14,2013-06-30 15:15:00,Sunday,North Melbourne,Greater Western Sydney,Docklands,D,19,16,130,6,8,44
4515,2013,14,2013-06-30 13:10:00,Sunday,Hawthorn,Brisbane Lions,York Park,D,21,17,143,12,13,85
4514,2013,14,2013-06-29 19:40:00,Saturday,Melbourne,Western Bulldogs,M.C.G.,N,15,13,103,15,10,100
4513,2013,14,2013-06-29 19:40:00,Saturday,Geelong,Fremantle,Kardinia Park,N,11,19,85,7,2,44
4512,2013,14,2013-06-29 16:40:00,Saturday,Port Adelaide,Collingwood,Football Park,T,13,8,86,7,9,51
4511,2013,14,2013-06-29 13:40:00,Saturday,Gold Coast,Adelaide,Carrara,D,11,17,83,16,15,111
4510,2013,14,2013-06-28 19:50:00,Friday,Sydney,Carlton,S.C.G.,N,8,17,65,5,13,43
4509,2013,14,2013-06-27 20:10:00,Thursday,West Coast,Essendon,Subiaco,N,13,13,91,15,8,98
4508,2013,13,2013-06-23 16:40:00,Sunday,Brisbane Lions,Geelong,Gabba,T,15,13,103,14,14,98
4507,2013,13,2013-06-23 15:20:00,Sunday,Fremantle,North Melbourne,Subiaco,D,10,7,67,4,5,29
4506,2013,13,2013-06-22 19:40:00,Saturday,Western Bulldogs,Richmond,Docklands,N,8,13,61,17,19,121
4505,2013,13,2013-06-22 16:40:00,Saturday,St Kilda,Melbourne,M.C.G.,T,16,8,104,10,9,69
4504,2013,13,2013-06-22 13:40:00,Saturday,Port Adelaide,Sydney,Football Park,D,10,12,72,8,6,54
4503,2013,13,2013-06-21 19:50:00,Friday,Hawthorn,West Coast,Docklands,N,19,9,123,16,7,103
4502,2013,12,2013-06-16 16:40:00,Sunday,Collingwood,Western Bulldogs,Docklands,T,15,9,99,9,11,65
4501,2013,12,2013-06-16 13:10:00,Sunday,Greater Western Sydney,Port Adelaide,Sydney Showground,D,6,14,50,19,11,125
4500,2013,12,2013-06-15 19:40:00,Saturday,Essendon,Gold Coast,Docklands,N,17,13,115,11,6,72
4499,2013,12,2013-06-15 16:40:00,Saturday,Fremantle,Brisbane Lions,Subiaco,T,12,14,86,6,10,46
4498,2013,12,2013-06-15 13:40:00,Saturday,Richmond,Adelaide,M.C.G.,D,16,14,110,10,12,72
4497,2013,12,2013-06-14 19:50:00,Friday,Carlton,Hawthorn,Docklands,N,13,9,87,15,12,102
4496,2013,11,2013-06-10 15:15:00,Monday,Melbourne,Collingwood,M.C.G.,D,5,9,39,17,20,122
4495,2013,11,2013-06-09 16:40:00,Sunday,St Kilda,West Coast,Docklands,T,11,14,80,12,12,84
4494,2013,11,2013-06-08 19:40:00,Saturday,Gold Coast,North Melbourne,Carrara,N,9,12,66,8,3,51
4493,2013,11,2013-06-08 16:40:00,Saturday,Adelaide,Sydney,Football Park,T,6,14,50,19,13,127
4492,2013,11,2013-06-08 13:40:00,Saturday,Greater Western Sydney,Geelong,Sydney Showground,D,15,8,98,24,13,157
4491,2013,11,2013-06-07 19:50:00,Friday,Essendon,Carlton,M.C.G.,N,11,11,77,10,12,72
4490,2013,10,2013-06-03 19:40:00,Monday,West Coast,Richmond,Subiaco,N,8,14,62,16,7,103
4489,2013,10,2013-06-02 16:40:00,Sunday,North Melbourne,St Kilda,Docklands,T,19,19,133,10,5,65
4488,2013,10,2013-06-02 15:15:00,Sunday,Melbourne,Hawthorn,M.C.G.,D,6,12,48,21,17,143
4487,2013,10,2013-06-01 19:40:00,Saturday,Western Bulldogs,Port Adelaide,Marrara Oval,N,10,7,67,8,10,58
4486,2013,10,2013-06-01 19:40:00,Saturday,Geelong,Gold Coast,Kardinia Park,N,18,15,123,10,11,71
4485,2013,10,2013-06-01 16:40:00,Saturday,Sydney,Essendon,S.C.G.,T,17,13,115,10,11,71
4484,2013,10,2013-06-01 14:10:00,Saturday,Adelaide,Fremantle,Football Park,D,8,11,59,10,6,66
4483,2013,10,2013-06-01 13:45:00,Saturday,Carlton,Greater Western Sydney,Docklands,D,22,16,148,8,6,54
4482,2013,10,2013-05-31 19:50:00,Friday,Brisbane Lions,Collingwood,Gabba,N,7,9,51,14,16,100
4481,2013,9,2013-05-26 16:40:00,Sunday,Fremantle,Melbourne,Subiaco,T,19,16,130,6,4,40
4480,2013,9,2013-05-26 15:15:00,Sunday,North Melbourne,Adelaide,Docklands,D,19,10,124,18,17,125
4479,2013,9,2013-05-26 13:10:00,Sunday,Hawthorn,Gold Coast,M.C.G.,D,18,10,118,14,8,92
4478,2013,9,2013-05-25 19:40:00,Saturday,Brisbane Lions,Carlton,Gabba,N,12,13,85,13,20,98
4477,2013,9,2013-05-25 19:45:00,Saturday,Richmond,Essendon,M.C.G.,N,9,8,62,13,13,91
4476,2013,9,2013-05-25 16:40:00,Saturday,St Kilda,Western Bulldogs,Docklands,T,15,11,101,17,8,110
4475,2013,9,2013-05-25 14:10:00,Saturday,Greater Western Sydney,West Coast,Sydney Showground,D,8,7,55,23,17,155
4474,2013,9,2013-05-25 13:45:00,Saturday,Port Adelaide,Geelong,Football Park,D,9,14,68,18,8,116
4473,2013,9,2013-05-24 19:50:00,Friday,Collingwood,Sydney,M.C.G.,N,8,7,55,15,12,102
4472,2013,8,2013-05-19 16:40:00,Sunday,Adelaide,St Kilda,Football Park,T,12,15,87,6,11,47
4471,2013,8,2013-05-19 15:15:00,Sunday,Richmond,Melbourne,M.C.G.,D,15,16,106,11,6,72
4470,2013,8,2013-05-19 13:10:00,Sunday,Carlton,Port Adelaide,Docklands,D,16,13,109,14,7,91
4469,2013,8,2013-05-18 19:40:00,Saturday,Sydney,Fremantle,S.C.G.,N,11,4,70,9,16,70
4468,2013,8,2013-05-18 19:40:00,Saturday,Collingwood,Geelong,M.C.G.,N,15,12,102,14,12,96
4467,2013,8,2013-05-18 16:40:00,Saturday,Gold Coast,Western Bulldogs,Carrara,T,13,15,93,8,13,61
4466,2013,8,2013-05-18 14:10:00,Saturday,Hawthorn,Greater Western Sydney,York Park,D,21,14,140,9,3,57
4465,2013,8,2013-05-18 13:45:00,Saturday,Essendon,Brisbane Lions,Docklands,D,12,14,86,14,12,96
4464,2013,8,2013-05-17 20:40:00,Friday,West Coast,North Melbourne,Subiaco,N,12,18,90,13,10,88
4463,2013,7,2013-05-13 19:40:00,Monday,St Kilda,Carlton,Docklands,N,11,11,77,9,14,68
4462,2013,7,2013-05-12 16:40:00,Sunday,Melbourne,Gold Coast,M.C.G.,T,7,12,54,16,18,114
4461,2013,7,2013-05-12 13:10:00,Sunday,Greater Western Sydney,Adelaide,Sydney Showground,D,7,10,52,29,13,187
4460,2013,7,2013-05-11 19:40:00,Saturday,Fremantle,Collingwood,Subiaco,N,15,10,100,10,13,73
4459,2013,7,2013-05-11 19:40:00,Saturday,Hawthorn,Sydney,M.C.G.,N,18,11,119,12,10,82
4458,2013,7,2013-05-11 16:40:00,Saturday,Western Bulldogs,North Melbourne,Docklands,T,15,7,97,22,19,151
4457,2013,7,2013-05-11 14:10:00,Saturday,Brisbane Lions,West Coast,Gabba,D,12,10,82,17,6,108
4456,2013,7,2013-05-11 13:45:00,Saturday,Port Adelaide,Richmond,Football Park,D,10,13,73,18,6,114
4455,2013,7,2013-05-10 19:50:00,Friday,Geelong,Essendon,Docklands,N,17,11,113,11,19,85
4454,2013,6,2013-05-05 16:40:00,Sunday,West Coast,Western Bulldogs,Subiaco,T,21,11,137,10,7,67
4453,2013,6,2013-05-05 15:15:00,Sunday,Carlton,Melbourne,M.C.G.,D,18,13,121,8,12,60
4452,2013,6,2013-05-05 13:10:00,Sunday,Sydney,Brisbane Lions,S.C.G.,D,17,13,115,8,7,55
4451,2013,6,2013-05-04 19:40:00,Saturday,Gold Coast,Fremantle,Carrara,N,7,12,54,15,9,99
4450,2013,6,2013-05-04 19:40:00,Saturday,Richmond,Geelong,M.C.G.,N,13,9,87,20,11,131
4449,2013,6,2013-05-04 16:40:00,Saturday,Adelaide,Hawthorn,Football Park,T,11,12,78,13,11,89
4448,2013,6,2013-05-04 14:10:00,Saturday,North Melbourne,Port Adelaide,Bellerive Oval,D,14,9,93,12,11,83
4447,2013,6,2013-05-04 13:45:00,Saturday,Essendon,Greater Western Sydney,Docklands,D,17,18,120,12,9,81
4446,2013,6,2013-05-03 19:50:00,Friday,Collingwood,St Kilda,Docklands,N,15,13,103,11,11,77
4445,2013,5,2013-04-28 16:40:00,Sunday,Hawthorn,North Melbourne,M.C.G.,T,14,15,99,13,18,96
4444,2013,5,2013-04-28 15:15:00,Sunday,Brisbane Lions,Melbourne,Gabba,D,17,20,122,14,10,94
4443,2013,5,2013-04-27 19:40:00,Saturday,Port Adelaide,West Coast,Football Park,N,12,12,84,10,19,79
4442,2013,5,2013-04-27 19:40:00,Saturday,Western Bulldogs,Geelong,Docklands,N,13,8,86,15,17,107
4441,2013,5,2013-04-27 16:40:00,Saturday,Carlton,Adelaide,M.C.G.,T,17,13,115,12,11,83
4440,2013,5,2013-04-27 13:40:00,Saturday,Greater Western Sydney,Gold Coast,Manuka Oval,D,16,8,104,21,22,148
4439,2013,5,2013-04-26 20:45:00,Friday,Fremantle,Richmond,Subiaco,N,12,9,81,12,8,80
4438,2013,5,2013-04-25 17:50:00,Thursday,St Kilda,Sydney,Wellington,N,9,9,63,11,13,79
4437,2013,5,2013-04-25 14:45:00,Thursday,Essendon,Collingwood,M.C.G.,D,18,13,121,10,15,75
4436,2013,4,2013-04-21 16:40:00,Sunday,North Melbourne,Brisbane Lions,Docklands,T,18,17,125,9,8,62
4435,2013,4,2013-04-21 15:15:00,Sunday,Adelaide,Western Bulldogs,Football Park,D,12,8,80,4,4,28
4434,2013,4,2013-04-21 13:10:00,Sunday,Melbourne,Greater Western Sydney,M.C.G.,D,22,12,144,15,13,103
4433,2013,4,2013-04-20 19:40:00,Saturday,Gold Coast,Port Adelaide,Carrara,N,9,12,66,16,8,104
4432,2013,4,2013-04-20 19:40:00,Saturday,West Coast,Carlton,Subiaco,N,7,23,65,12,17,89
4431,2013,4,2013-04-20 16:40:00,Saturday,St Kilda,Essendon,Docklands,T,13,13,91,19,14,128
4430,2013,4,2013-04-20 14:10:00,Saturday,Richmond,Collingwood,M.C.G.,D,11,13,79,16,17,113
4429,2013,4,2013-04-20 13:45:00,Saturday,Hawthorn,Fremantle,York Park,D,18,10,118,11,10,76
4428,2013,4,2013-04-19 19:50:00,Friday,Sydney,Geelong,S.C.G.,N,16,7,103,19,10,124
4427,2013,3,2013-04-14 16:40:00,Sunday,Port Adelaide,Adelaide,Football Park,T,17,16,118,16,13,109
4426,2013,3,2013-04-14 15:15:00,Sunday,Collingwood,Hawthorn,M.C.G.,D,13,12,90,22,13,145
4425,2013,3,2013-04-14 13:10:00,Sunday,Richmond,Western Bulldogs,Docklands,D,20,15,135,10,8,68
4424,2013,3,2013-04-13 19:40:00,Saturday,Gold Coast,Brisbane Lions,Carrara,N,13,14,92,13,16,94
4423,2013,3,2013-04-13 19:40:00,Saturday,Geelong,Carlton,Docklands,N,18,11,119,15,13,103
4422,2013,3,2013-04-13 16:40:00,Saturday,Greater Western Sydney,St Kilda,Manuka Oval,T,10,8,68,21,14,140
4421,2013,3,2013-04-13 14:10:00,Saturday,Melbourne,West Coast,M.C.G.,D,13,5,83,27,15,177
4420,2013,3,2013-04-13 13:45:00,Saturday,North Melbourne,Sydney,Bellerive Oval,D,13,14,92,20,11,131
4419,2013,3,2013-04-12 20:40:00,Friday,Fremantle,Essendon,Subiaco,N,9,14,68,10,12,72
4418,2013,2,2013-04-07 16:40:00,Sunday,West Coast,Hawthorn,Subiaco,T,15,8,98,23,10,148
4417,2013,2,2013-04-07 15:15:00,Sunday,Collingwood,Carlton,M.C.G.,D,17,15,117,15,10,100
4416,2013,2,2013-04-07 13:10:00,Sunday,Geelong,North Melbourne,Docklands,D,16,16,112,17,6,108
4415,2013,2,2013-04-06 19:40:00,Saturday,Port Adelaide,Greater Western Sydney,Football Park,N,19,20,134,11,12,78
4414,2013,2,2013-04-06 19:40:00,Saturday,Essendon,Melbourne,M.C.G.,N,28,16,184,5,6,36
4413,2013,2,2013-04-06 16:40:00,Saturday,Brisbane Lions,Adelaide,Gabba,T,10,17,77,14,12,96
4412,2013,2,2013-04-06 14:10:00,Saturday,Western Bulldogs,Fremantle,Docklands,D,11,12,78,16,10,106
4411,2013,2,2013-04-06 13:45:00,Saturday,Sydney,Gold Coast,S.C.G.,D,17,12,114,11,7,73
4410,2013,2,2013-04-05 19:50:00,Friday,St Kilda,Richmond,M.C.G.,N,12,10,82,14,15,99
4409,2013,1,2013-04-01 15:15:00,Monday,Hawthorn,Geelong,M.C.G.,D,12,14,86,13,15,93
4408,2013,1,2013-03-31 16:40:00,Sunday,North Melbourne,Collingwood,Docklands,T,13,9,87,15,13,103
4407,2013,1,2013-03-31 13:10:00,Sunday,Melbourne,Port Adelaide,M.C.G.,D,8,6,54,19,19,133
4406,2013,1,2013-03-30 19:40:00,Saturday,Gold Coast,St Kilda,Carrara,N,13,12,90,10,17,77
4405,2013,1,2013-03-30 16:40:00,Saturday,Greater Western Sydney,Sydney,Stadium Australia,T,11,10,76,16,10,106
4404,2013,1,2013-03-30 13:40:00,Saturday,Western Bulldogs,Brisbane Lions,Docklands,D,19,13,127,7,17,59
4403,2013,1,2013-03-28 19:40:00,Thursday,Carlton,Richmond,M.C.G.,N,14,17,101,14,22,106
4402,2013,1,2013-03-23 19:40:00,Saturday,Fremantle,West Coast,Subiaco,N,16,12,108,11,14,80
4401,2013,1,2013-03-22 20:40:00,Friday,Adelaide,Essendon,Football Park,N,11,16,82,18,9,117
4208,2012,GF,2012-09-29 14:30:00,Saturday,Hawthorn,Sydney,M.C.G.,D,11,15,81,14,7,91
4207,2012,PF,2012-09-22 17:15:00,Saturday,Hawthorn,Adelaide,M.C.G.,T,13,19,97,14,8,92
4206,2012,PF,2012-09-21 19:50:00,Friday,Sydney,Collingwood,Stadium Australia,N,13,18,96,10,10,70
4205,2012,SF,2012-09-15 19:45:00,Saturday,Collingwood,West Coast,M.C.G.,N,10,13,73,9,6,60
4204,2012,SF,2012-09-14 20:40:00,Friday,Adelaide,Fremantle,Football Park,N,12,9,81,11,5,71
4203,2012,EF,2012-09-09 15:15:00,Sunday,West Coast,North Melbourne,Subiaco,D,24,18,162,9,12,66
4202,2012,EF,2012-09-08 19:45:00,Saturday,Geelong,Fremantle,M.C.G.,N,11,14,80,14,12,96
4201,2012,QF,2012-09-08 15:15:00,Saturday,Adelaide,Sydney,Football Park,D,5,12,42,11,5,71
4200,2012,QF,2012-09-07 19:50:00,Friday,Hawthorn,Collingwood,M.C.G.,N,20,15,135,15,7,97
4198,2012,23,2012-09-02 16:40:00,Sunday,Brisbane Lions,Western Bulldogs,Gabba,T,19,14,128,9,7,61
4197,2012,23,2012-09-02 15:15:00,Sunday,Richmond,Port Adelaide,M.C.G.,T,16,10,106,16,10,106
4196,2012,23,2012-09-02 13:10:00,Sunday,Carlton,St Kilda,Docklands,D,12,19,91,16,10,106
4195,2012,23,2012-09-01 19:40:00,Saturday,Fremantle,Melbourne,Subiaco,N,14,17,101,5,10,40
4194,2012,23,2012-09-01 19:40:00,Saturday,Essendon,Collingwood,M.C.G.,N,10,12,72,14,20,104
4193,2012,23,2012-09-01 16:40:00,Saturday,Greater Western Sydney,North Melbourne,Sydney Showground,T,11,11,77,16,9,105
4192,2012,23,2012-09-01 14:10:00,Saturday,Adelaide,Gold Coast,Football Park,D,22,21,153,9,8,62
4191,2012,23,2012-09-01 13:45:00,Saturday,Geelong,Sydney,Kardinia Park,D,17,10,112,11,12,78
4190,2012,23,2012-08-31 19:50:00,Friday,Hawthorn,West Coast,M.C.G.,N,14,11,95,10,10,70
4189,2012,22,2012-08-26 16:40:00,Sunday,Melbourne,Adelaide,M.C.G.,T,11,15,81,22,18,150
4188,2012,22,2012-08-26 15:15:00,Sunday,North Melbourne,Fremantle,Docklands,T,12,7,79,20,12,132
4187,2012,22,2012-08-26 13:10:00,Sunday,Geelong,Western Bulldogs,Kardinia Park,D,16,11,107,11,7,73
4186,2012,22,2012-08-25 19:40:00,Saturday,Gold Coast,Carlton,Carrara,N,15,8,98,11,20,86
4185,2012,22,2012-08-25 19:40:00,Saturday,West Coast,Collingwood,Subiaco,N,15,17,107,8,10,58
4184,2012,22,2012-08-25 16:40:00,Saturday,Sydney,Hawthorn,S.C.G.,T,14,11,95,15,12,102
4183,2012,22,2012-08-25 14:10:00,Saturday,Port Adelaide,Brisbane Lions,Football Park,D,14,9,93,16,8,104
4182,2012,22,2012-08-25 13:45:00,Saturday,St Kilda,Greater Western Sydney,Docklands,D,25,13,163,5,5,35
4181,2012,22,2012-08-24 19:50:00,Friday,Richmond,Essendon,M.C.G.,N,13,24,102,8,9,57
4180,2012,21,2012-08-19 16:40:00,Sunday,Hawthorn,Gold Coast,M.C.G.,T,19,15,129,10,5,65
4179,2012,21,2012-08-19 15:15:00,Sunday,Western Bulldogs,Sydney,Docklands,T,13,7,85,26,11,167
4178,2012,21,2012-08-19 13:10:00,Sunday,Port Adelaide,West Coast,Football Park,D,6,14,50,14,14,98
4177,2012,21,2012-08-18 19:40:00,Saturday,Brisbane Lions,Adelaide,Gabba,N,13,17,95,12,13,85
4176,2012,21,2012-08-18 19:40:00,Saturday,Collingwood,North Melbourne,Docklands,N,8,13,61,13,13,91
4175,2012,21,2012-08-18 16:40:00,Saturday,Fremantle,Richmond,Subiaco,T,13,16,94,11,6,72
4174,2012,21,2012-08-18 14:10:00,Saturday,Greater Western Sydney,Melbourne,Manuka Oval,D,9,5,59,11,18,84
4173,2012,21,2012-08-18 13:45:00,Saturday,Essendon,Carlton,M.C.G.,D,8,12,60,24,12,156
4172,2012,21,2012-08-17 19:50:00,Friday,Geelong,St Kilda,Docklands,N,18,15,123,11,15,81
4171,2012,20,2012-08-12 16:40:00,Sunday,Essendon,North Melbourne,Docklands,T,11,10,76,15,10,100
4170,2012,20,2012-08-12 15:15:00,Sunday,Richmond,Western Bulldogs,M.C.G.,T,22,18,150,12,8,80
4169,2012,20,2012-08-12 13:10:00,Sunday,Hawthorn,Port Adelaide,York Park,D,24,15,159,13,9,87
4168,2012,20,2012-08-11 19:40:00,Saturday,Carlton,Brisbane Lions,Docklands,N,17,11,113,10,17,77
4167,2012,20,2012-08-11 19:40:00,Saturday,Sydney,Collingwood,Stadium Australia,N,9,16,70,12,6,78
4166,2012,20,2012-08-11 16:40:00,Saturday,Gold Coast,Greater Western Sydney,Carrara,T,16,13,109,12,7,79
4165,2012,20,2012-08-11 14:10:00,Saturday,Adelaide,Fremantle,Football Park,D,17,17,119,14,7,91
4164,2012,20,2012-08-11 13:45:00,Saturday,St Kilda,Melbourne,M.C.G.,D,16,11,107,12,10,82
4163,2012,20,2012-08-10 20:40:00,Friday,West Coast,Geelong,Subiaco,N,16,6,102,15,7,97
4162,2012,19,2012-08-05 16:40:00,Sunday,Adelaide,Essendon,Football Park,T,16,8,104,15,10,100
4161,2012,19,2012-08-05 15:15:00,Sunday,Carlton,Sydney,Docklands,T,10,11,71,14,9,93
4160,2012,19,2012-08-05 13:10:00,Sunday,Melbourne,Gold Coast,M.C.G.,D,16,12,108,9,12,66
4159,2012,19,2012-08-04 19:40:00,Saturday,Brisbane Lions,Richmond,Gabba,N,12,12,84,20,12,132
4158,2012,19,2012-08-04 19:40:00,Saturday,Collingwood,St Kilda,M.C.G.,N,12,19,91,13,7,85
4157,2012,19,2012-08-04 16:40:00,Saturday,Fremantle,West Coast,Subiaco,T,17,11,113,6,12,48
4156,2012,19,2012-08-04 14:10:00,Saturday,Greater Western Sydney,Port Adelaide,Sydney Showground,D,16,11,107,10,13,73
4155,2012,19,2012-08-04 13:45:00,Saturday,Western Bulldogs,North Melbourne,Docklands,D,8,13,61,18,7,115
4154,2012,19,2012-08-03 19:50:00,Friday,Hawthorn,Geelong,M.C.G.,N,17,14,116,18,10,118
4153,2012,18,2012-07-29 16:40:00,Sunday,West Coast,Brisbane Lions,Subiaco,T,28,7,175,12,5,77
4152,2012,18,2012-07-29 15:15:00,Sunday,St Kilda,Western Bulldogs,Docklands,T,16,22,118,6,6,42
4151,2012,18,2012-07-29 13:10:00,Sunday,Port Adelaide,Fremantle,Football Park,D,6,12,48,11,9,75
4150,2012,18,2012-07-28 19:40:00,Saturday,Gold Coast,Sydney,Carrara,N,8,6,54,19,12,126
4149,2012,18,2012-07-28 19:40:00,Saturday,Carlton,Richmond,M.C.G.,N,14,11,95,13,13,91
4148,2012,18,2012-07-28 16:40:00,Saturday,Greater Western Sydney,Collingwood,Sydney Showground,T,7,12,54,26,18,174
4147,2012,18,2012-07-28 14:10:00,Saturday,North Melbourne,Melbourne,Docklands,D,19,13,127,11,7,73
4146,2012,18,2012-07-28 13:45:00,Saturday,Geelong,Adelaide,Kardinia Park,D,15,12,102,11,9,75
4145,2012,18,2012-07-27 19:50:00,Friday,Essendon,Hawthorn,Docklands,N,12,14,86,27,18,180
4144,2012,17,2012-07-22 16:40:00,Sunday,Fremantle,Greater Western Sydney,Subiaco,T,18,24,132,5,7,37
4143,2012,17,2012-07-22 15:15:00,Sunday,Richmond,North Melbourne,M.C.G.,T,14,15,99,15,13,103
4142,2012,17,2012-07-22 13:10:00,Sunday,Sydney,St Kilda,S.C.G.,D,15,15,105,10,16,76
4141,2012,17,2012-07-21 19:40:00,Saturday,Melbourne,Port Adelaide,Marrara Oval,N,8,8,56,12,12,84
4140,2012,17,2012-07-21 19:40:00,Saturday,Western Bulldogs,Carlton,Docklands,N,12,12,84,16,6,102
4139,2012,17,2012-07-21 16:40:00,Saturday,Gold Coast,Brisbane Lions,Gabba,T,5,18,48,8,11,59
4138,2012,17,2012-07-21 14:10:00,Saturday,Adelaide,West Coast,Football Park,D,19,10,124,11,9,75
4137,2012,17,2012-07-21 13:45:00,Saturday,Collingwood,Hawthorn,M.C.G.,D,13,13,91,21,12,138
4136,2012,17,2012-07-20 19:50:00,Friday,Geelong,Essendon,Docklands,N,20,14,134,10,7,67
4135,2012,16,2012-07-15 16:40:00,Sunday,West Coast,Sydney,Subiaco,T,10,9,69,18,13,121
4134,2012,16,2012-07-15 15:15:00,Sunday,Western Bulldogs,Hawthorn,Docklands,T,6,8,44,17,14,116
4133,2012,16,2012-07-15 13:10:00,Sunday,Greater Western Sydney,Adelaide,Sydney Showground,D,8,11,59,27,16,178
4132,2012,16,2012-07-14 19:40:00,Saturday,Brisbane Lions,St Kilda,Gabba,N,14,8,92,16,9,105
4131,2012,16,2012-07-14 19:40:00,Saturday,Geelong,Collingwood,M.C.G.,N,10,19,79,17,8,110
4130,2012,16,2012-07-14 16:40:00,Saturday,Richmond,Gold Coast,Cazaly's Stadium,T,13,10,88,13,12,90
4129,2012,16,2012-07-14 14:10:00,Saturday,Port Adelaide,Essendon,Football Park,D,11,11,77,19,13,127
4128,2012,16,2012-07-14 13:45:00,Saturday,Melbourne,Fremantle,Docklands,D,12,11,83,18,9,117
4127,2012,16,2012-07-13 19:50:00,Friday,North Melbourne,Carlton,Docklands,N,24,5,149,14,12,96
4126,2012,15,2012-07-08 16:40:00,Sunday,Fremantle,Western Bulldogs,Subiaco,T,14,11,95,8,9,57
4125,2012,15,2012-07-08 15:15:00,Sunday,Gold Coast,Geelong,Carrara,T,13,18,96,15,20,110
4124,2012,15,2012-07-08 13:10:00,Sunday,Hawthorn,Greater Western Sydney,M.C.G.,D,28,25,193,4,7,31
4123,2012,15,2012-07-07 19:40:00,Saturday,Port Adelaide,Adelaide,Football Park,N,8,10,58,17,14,116
4122,2012,15,2012-07-07 19:40:00,Saturday,St Kilda,Essendon,Docklands,N,21,7,133,8,14,62
4121,2012,15,2012-07-07 16:40:00,Saturday,Sydney,Brisbane Lions,S.C.G.,T,16,14,110,9,9,63
4120,2012,15,2012-07-07 14:10:00,Saturday,Melbourne,Richmond,M.C.G.,D,11,12,78,13,23,101
4119,2012,15,2012-07-07 13:45:00,Saturday,North Melbourne,West Coast,Bellerive Oval,D,13,6,84,12,14,86
4118,2012,15,2012-07-06 19:50:00,Friday,Collingwood,Carlton,M.C.G.,N,8,14,62,12,13,85
4117,2012,14,2012-07-01 16:40:00,Sunday,St Kilda,North Melbourne,Docklands,T,15,13,103,21,10,136
4116,2012,14,2012-07-01 15:15:00,Sunday,Brisbane Lions,Melbourne,Gabba,T,18,14,122,8,13,61
4115,2012,14,2012-07-01 13:10:00,Sunday,Geelong,Port Adelaide,Kardinia Park,D,14,15,99,8,13,61
4114,2012,14,2012-06-30 19:40:00,Saturday,Sydney,Greater Western Sydney,Stadium Australia,N,19,18,132,5,8,38
4113,2012,14,2012-06-30 19:40:00,Saturday,Essendon,Western Bulldogs,Docklands,N,21,14,140,8,8,56
4112,2012,14,2012-06-30 16:40:00,Saturday,West Coast,Gold Coast,Subiaco,T,25,16,166,5,10,40
4111,2012,14,2012-06-30 14:10:00,Saturday,Adelaide,Richmond,Football Park,D,17,4,106,13,9,87
4110,2012,14,2012-06-30 13:45:00,Saturday,Collingwood,Fremantle,M.C.G.,D,15,17,107,12,6,78
4109,2012,14,2012-06-29 19:50:00,Friday,Carlton,Hawthorn,M.C.G.,N,10,10,70,18,12,120
4108,2012,13,2012-06-24 16:40:00,Sunday,North Melbourne,Adelaide,Docklands,T,17,19,121,13,11,89
4107,2012,13,2012-06-24 15:15:00,Sunday,Melbourne,Greater Western Sydney,M.C.G.,T,20,15,135,9,3,57
4106,2012,13,2012-06-23 19:40:00,Saturday,Fremantle,Essendon,Subiaco,N,14,5,89,17,11,113
4105,2012,13,2012-06-23 16:40:00,Saturday,Collingwood,West Coast,M.C.G.,T,12,13,85,12,10,82
4104,2012,13,2012-06-23 13:40:00,Saturday,Western Bulldogs,Brisbane Lions,Docklands,D,7,14,56,18,6,114
4103,2012,13,2012-06-22 19:50:00,Friday,Sydney,Geelong,S.C.G.,N,12,8,80,11,8,74
4102,2012,12,2012-06-17 16:40:00,Sunday,Western Bulldogs,Port Adelaide,Docklands,T,13,17,95,8,9,57
4101,2012,12,2012-06-17 13:10:00,Sunday,Hawthorn,Brisbane Lions,M.C.G.,D,19,21,135,11,4,70
4100,2012,12,2012-06-16 19:40:00,Saturday,Gold Coast,North Melbourne,Carrara,N,12,8,80,11,21,87
4099,2012,12,2012-06-16 14:10:00,Saturday,Greater Western Sydney,Richmond,Sydney Showground,D,12,2,74,11,20,86
4098,2012,12,2012-06-15 20:40:00,Friday,Adelaide,St Kilda,Football Park,N,17,13,115,16,15,111
4097,2012,12,2012-06-14 19:40:00,Thursday,West Coast,Carlton,Subiaco,N,10,19,79,10,9,69
4096,2012,11,2012-06-11 15:15:00,Monday,Melbourne,Collingwood,M.C.G.,T,13,9,87,19,15,129
4095,2012,11,2012-06-10 16:40:00,Sunday,Port Adelaide,Hawthorn,Football Park,T,9,8,62,16,12,108
4094,2012,11,2012-06-09 19:40:00,Saturday,Essendon,Sydney,Docklands,N,11,16,82,13,8,86
4093,2012,11,2012-06-09 16:40:00,Saturday,Gold Coast,St Kilda,Carrara,T,7,7,49,21,18,144
4092,2012,11,2012-06-09 13:40:00,Saturday,Richmond,Fremantle,M.C.G.,D,9,12,66,12,6,78
4091,2012,11,2012-06-08 19:50:00,Friday,Carlton,Geelong,Docklands,N,11,19,85,14,13,97
4090,2012,10,2012-06-03 16:40:00,Sunday,Collingwood,Gold Coast,M.C.G.,T,23,11,149,7,10,52
4089,2012,10,2012-06-03 15:15:00,Sunday,Sydney,Western Bulldogs,S.C.G.,T,20,12,132,5,10,40
4088,2012,10,2012-06-03 13:10:00,Sunday,Brisbane Lions,West Coast,Gabba,D,16,6,102,15,10,100
4087,2012,10,2012-06-02 19:40:00,Saturday,Port Adelaide,Carlton,Football Park,N,14,15,99,6,9,45
4086,2012,10,2012-06-02 19:40:00,Saturday,Essendon,Melbourne,M.C.G.,N,6,16,52,8,10,58
4085,2012,10,2012-06-02 16:40:00,Saturday,Fremantle,Adelaide,Subiaco,T,12,10,82,17,9,111
4084,2012,10,2012-06-02 14:10:00,Saturday,Hawthorn,North Melbourne,York Park,D,27,12,174,9,5,59
4083,2012,10,2012-06-02 13:45:00,Saturday,Geelong,Greater Western Sydney,Kardinia Park,D,19,12,126,9,7,61
4082,2012,10,2012-06-01 19:50:00,Friday,St Kilda,Richmond,Docklands,N,16,17,113,18,13,121
4081,2012,9,2012-05-27 16:40:00,Sunday,West Coast,Fremantle,Subiaco,T,11,18,84,5,6,36
4080,2012,9,2012-05-27 15:15:00,Sunday,Carlton,Melbourne,M.C.G.,T,15,17,107,6,13,49
4079,2012,9,2012-05-27 13:10:00,Sunday,North Melbourne,Brisbane Lions,Docklands,D,17,10,112,15,6,96
4078,2012,9,2012-05-26 19:40:00,Saturday,Adelaide,Collingwood,Football Park,N,6,13,49,10,15,75
4077,2012,9,2012-05-26 19:40:00,Saturday,Greater Western Sydney,Essendon,Sydney Showground,N,7,11,53,18,11,119
4076,2012,9,2012-05-26 16:40:00,Saturday,St Kilda,Sydney,Docklands,T,16,15,111,12,11,83
4075,2012,9,2012-05-26 14:10:00,Saturday,Gold Coast,Port Adelaide,Carrara,D,10,10,70,17,16,118
4074,2012,9,2012-05-26 13:45:00,Saturday,Richmond,Hawthorn,M.C.G.,D,21,11,137,10,15,75
4073,2012,9,2012-05-25 19:50:00,Friday,Western Bulldogs,Geelong,Docklands,N,11,9,75,14,11,95
4072,2012,8,2012-05-20 16:40:00,Sunday,West Coast,St Kilda,Subiaco,T,18,13,121,13,13,91
4071,2012,8,2012-05-20 15:15:00,Sunday,Carlton,Adelaide,Docklands,T,8,7,55,19,10,124
4070,2012,8,2012-05-20 13:10:00,Sunday,Brisbane Lions,Greater Western Sydney,Gabba,D,19,18,132,5,10,40
4069,2012,8,2012-05-19 19:40:00,Saturday,Western Bulldogs,Gold Coast,Marrara Oval,N,9,18,72,4,10,34
4068,2012,8,2012-05-19 19:45:00,Saturday,Essendon,Richmond,M.C.G.,N,19,14,128,15,19,109
4067,2012,8,2012-05-19 16:40:00,Saturday,Sydney,Melbourne,S.C.G.,T,21,12,138,5,7,37
4066,2012,8,2012-05-19 14:10:00,Saturday,Hawthorn,Fremantle,York Park,D,17,17,119,9,9,63
4065,2012,8,2012-05-19 13:45:00,Saturday,Port Adelaide,North Melbourne,Football Park,D,14,11,95,14,9,93
4064,2012,8,2012-05-18 19:50:00,Friday,Collingwood,Geelong,M.C.G.,N,14,12,96,11,18,84
4063,2012,7,2012-05-14 19:40:00,Monday,St Kilda,Carlton,Docklands,N,19,8,122,14,14,98
4062,2012,7,2012-05-13 16:40:00,Sunday,Fremantle,Port Adelaide,Subiaco,T,12,15,87,7,5,47
4061,2012,7,2012-05-13 13:10:00,Sunday,North Melbourne,Western Bulldogs,Docklands,D,12,11,83,15,11,101
4060,2012,7,2012-05-12 19:40:00,Saturday,Brisbane Lions,Collingwood,Gabba,N,8,10,58,17,14,116
4059,2012,7,2012-05-12 19:40:00,Saturday,Essendon,West Coast,Docklands,N,16,17,113,7,10,52
4058,2012,7,2012-05-12 16:40:00,Saturday,Richmond,Sydney,M.C.G.,T,13,13,91,8,14,62
4057,2012,7,2012-05-12 13:15:00,Saturday,Adelaide,Geelong,Football Park,D,19,8,122,10,12,72
4056,2012,7,2012-05-12 13:40:00,Saturday,Greater Western Sydney,Gold Coast,Manuka Oval,D,13,16,94,9,13,67
4055,2012,7,2012-05-11 19:50:00,Friday,Melbourne,Hawthorn,M.C.G.,N,6,13,49,15,25,115
4054,2012,6,2012-05-06 16:40:00,Sunday,West Coast,North Melbourne,Subiaco,T,17,18,120,15,5,95
4053,2012,6,2012-05-06 15:15:00,Sunday,Port Adelaide,Richmond,Football Park,T,8,6,54,13,13,91
4052,2012,6,2012-05-06 13:10:00,Sunday,Carlton,Greater Western Sydney,Docklands,D,15,20,110,6,7,43
4051,2012,6,2012-05-05 19:40:00,Saturday,Sydney,Adelaide,S.C.G.,N,14,10,94,15,9,99
4050,2012,6,2012-05-05 19:40:00,Saturday,St Kilda,Hawthorn,M.C.G.,N,13,10,88,18,15,123
4049,2012,6,2012-05-05 16:40:00,Saturday,Gold Coast,Fremantle,Carrara,T,14,3,87,14,10,94
4048,2012,6,2012-05-05 13:45:00,Saturday,Geelong,Melbourne,Kardinia Park,D,17,17,119,11,10,76
4047,2012,6,2012-05-05 13:40:00,Saturday,Essendon,Brisbane Lions,Docklands,D,19,15,129,9,8,62
4046,2012,6,2012-05-04 19:50:00,Friday,Western Bulldogs,Collingwood,Docklands,N,11,11,77,15,8,98
4045,2012,5,2012-04-29 16:40:00,Sunday,Adelaide,Port Adelaide,Football Park,T,16,14,110,14,7,91
4044,2012,5,2012-04-29 15:15:00,Sunday,Richmond,West Coast,Docklands,T,14,13,97,16,11,107
4043,2012,5,2012-04-29 13:10:00,Sunday,Hawthorn,Sydney,York Park,D,10,9,69,16,10,106
4042,2012,5,2012-04-28 19:45:00,Saturday,Brisbane Lions,Geelong,Gabba,N,4,17,41,12,7,79
4041,2012,5,2012-04-28 19:40:00,Saturday,Melbourne,St Kilda,M.C.G.,N,10,6,66,12,12,84
4040,2012,5,2012-04-28 16:40:00,Saturday,North Melbourne,Gold Coast,Docklands,T,17,25,127,13,15,93
4039,2012,5,2012-04-28 13:45:00,Saturday,Greater Western Sydney,Western Bulldogs,Manuka Oval,D,9,8,62,15,14,104
4038,2012,5,2012-04-27 20:45:00,Friday,Fremantle,Carlton,Subiaco,N,7,15,57,10,5,65
4037,2012,5,2012-04-25 14:40:00,Wednesday,Collingwood,Essendon,M.C.G.,D,11,14,80,11,13,79
4036,2012,4,2012-04-22 16:40:00,Sunday,Melbourne,Western Bulldogs,M.C.G.,T,9,13,67,13,10,88
4035,2012,4,2012-04-22 15:15:00,Sunday,Sydney,North Melbourne,S.C.G.,T,17,11,113,10,17,77
4034,2012,4,2012-04-22 13:10:00,Sunday,Geelong,Richmond,Kardinia Park,D,11,9,75,9,11,65
4033,2012,4,2012-04-21 19:40:00,Saturday,Brisbane Lions,Gold Coast,Gabba,N,17,9,111,6,10,46
4032,2012,4,2012-04-21 19:40:00,Saturday,West Coast,Hawthorn,Subiaco,N,5,21,51,5,16,46
4031,2012,4,2012-04-21 16:40:00,Saturday,Adelaide,Greater Western Sydney,Football Park,T,13,18,96,7,8,50
4030,2012,4,2012-04-21 14:10:00,Saturday,Collingwood,Port Adelaide,Docklands,D,14,13,97,10,13,73
4029,2012,4,2012-04-21 13:45:00,Saturday,Carlton,Essendon,M.C.G.,D,11,13,79,15,19,109
4028,2012,4,2012-04-20 19:50:00,Friday,St Kilda,Fremantle,Docklands,N,11,13,79,14,8,92
4027,2012,3,2012-04-15 16:40:00,Sunday,North Melbourne,Geelong,Docklands,T,20,11,131,16,18,114
4026,2012,3,2012-04-15 15:15:00,Sunday,Hawthorn,Adelaide,M.C.G.,T,21,14,140,12,12,84
4025,2012,3,2012-04-15 13:10:00,Sunday,Greater Western Sydney,West Coast,Blacktown,D,10,9,69,23,12,150
4024,2012,3,2012-04-14 19:40:00,Saturday,Western Bulldogs,St Kilda,Docklands,N,5,10,40,15,13,103
4023,2012,3,2012-04-14 19:40:00,Saturday,Gold Coast,Essendon,Carrara,N,13,10,88,15,15,105
4022,2012,3,2012-04-14 16:40:00,Saturday,Fremantle,Brisbane Lions,Subiaco,T,8,16,64,5,5,35
4021,2012,3,2012-04-14 14:10:00,Saturday,Port Adelaide,Sydney,Football Park,D,12,11,83,16,9,105
4020,2012,3,2012-04-14 13:45:00,Saturday,Richmond,Melbourne,M.C.G.,D,20,13,133,11,8,74
4019,2012,3,2012-04-13 19:50:00,Friday,Carlton,Collingwood,M.C.G.,N,18,14,122,9,8,62
4018,2012,2,2012-04-09 15:10:00,Monday,Geelong,Hawthorn,M.C.G.,T,14,8,92,13,12,90
4017,2012,2,2012-04-08 16:40:00,Sunday,St Kilda,Gold Coast,Docklands,T,21,13,139,7,5,47
4016,2012,2,2012-04-08 13:10:00,Sunday,North Melbourne,Greater Western Sydney,Bellerive Oval,D,28,15,183,8,6,54
4015,2012,2,2012-04-07 19:40:00,Saturday,Adelaide,Western Bulldogs,Football Park,N,11,16,82,9,10,64
4014,2012,2,2012-04-07 19:40:00,Saturday,Collingwood,Richmond,M.C.G.,N,12,13,85,8,16,64
4013,2012,2,2012-04-07 16:40:00,Saturday,West Coast,Melbourne,Subiaco,T,25,16,166,9,4,58
4012,2012,2,2012-04-07 14:10:00,Saturday,Sydney,Fremantle,S.C.G.,D,14,10,94,12,9,81
4011,2012,2,2012-04-07 13:45:00,Saturday,Essendon,Port Adelaide,Docklands,D,16,15,111,13,8,86
4010,2012,2,2012-04-05 19:40:00,Thursday,Brisbane Lions,Carlton,Gabba,N,9,9,63,23,16,154
4009,2012,1,2012-04-01 16:40:00,Sunday,Port Adelaide,St Kilda,Football Park,T,13,11,89,13,7,85
4008,2012,1,2012-04-01 13:10:00,Sunday,Western Bulldogs,West Coast,Docklands,D,12,15,87,21,10,136
4007,2012,1,2012-03-31 19:45:00,Saturday,North Melbourne,Essendon,Docklands,N,15,12,102,14,20,104
4006,2012,1,2012-03-31 19:45:00,Saturday,Fremantle,Geelong,Subiaco,N,16,9,105,15,11,101
4005,2012,1,2012-03-31 16:45:00,Saturday,Gold Coast,Adelaide,Carrara,T,10,8,68,19,23,137
4004,2012,1,2012-03-31 13:45:00,Saturday,Melbourne,Brisbane Lions,M.C.G.,D,11,12,78,17,17,119
4003,2012,1,2012-03-30 19:50:00,Friday,Hawthorn,Collingwood,M.C.G.,N,20,17,137,16,19,115
4002,2012,1,2012-03-29 19:45:00,Thursday,Richmond,Carlton,M.C.G.,N,12,9,81,18,17,125
4001,2012,1,2012-03-24 19:20:00,Saturday,Greater Western Sydney,Sydney,Stadium Australia,N,5,7,37,14,16,100
3896,2011,GF,2011-10-01 14:30:00,Saturday,Collingwood,Geelong,M.C.G.,D,12,9,81,18,11,119
3895,2011,PF,2011-09-24 14:20:00,Saturday,Geelong,West Coast,M.C.G.,D,17,15,117,10,9,69
3894,2011,PF,2011-09-23 19:45:00,Friday,Collingwood,Hawthorn,M.C.G.,N,10,8,68,9,11,65
3893,2011,SF,2011-09-17 19:50:00,Saturday,West Coast,Carlton,Subiaco,N,15,11,101,15,8,98
3892,2011,SF,2011-09-16 19:45:00,Friday,Hawthorn,Sydney,M.C.G.,N,19,8,122,13,8,86
3891,2011,EF,2011-09-11 14:40:00,Sunday,Carlton,Essendon,M.C.G.,N,21,23,149,13,9,87
3890,2011,EF,2011-09-10 19:20:00,Saturday,St Kilda,Sydney,Docklands,N,8,9,57,12,10,82
3889,2011,QF,2011-09-10 14:20:00,Saturday,Collingwood,West Coast,M.C.G.,N,12,10,82,9,8,62
3888,2011,QF,2011-09-09 19:45:00,Friday,Geelong,Hawthorn,M.C.G.,N,14,14,98,9,13,67
3887,2011,24,2011-09-04 16:40:00,Sunday,Richmond,North Melbourne,Docklands,T,13,13,91,15,14,104
3886,2011,24,2011-09-04 15:10:00,Sunday,Port Adelaide,Melbourne,Adelaide Oval,D,17,10,112,15,14,104
3885,2011,24,2011-09-03 19:10:00,Saturday,West Coast,Adelaide,Subiaco,N,22,13,145,7,8,50
3884,2011,24,2011-09-02 19:10:00,Friday,Carlton,St Kilda,M.C.G.,N,9,12,66,13,8,86
3883,2011,24,2011-09-03 16:10:00,Saturday,Sydney,Brisbane Lions,S.C.G.,T,18,11,119,9,13,67
3882,2011,24,2011-09-03 14:10:00,Saturday,Western Bulldogs,Fremantle,Docklands,D,15,17,107,8,13,61
3881,2011,24,2011-09-03 13:10:00,Saturday,Gold Coast,Hawthorn,Carrara,D,14,13,97,16,10,106
3880,2011,24,2011-09-02 19:40:00,Friday,Collingwood,Geelong,M.C.G.,N,8,5,53,22,17,149
3879,2011,23,2011-08-28 16:40:00,Sunday,Essendon,Port Adelaide,Docklands,T,17,18,120,17,11,113
3878,2011,23,2011-08-28 14:10:00,Sunday,Melbourne,Gold Coast,M.C.G.,D,17,10,112,12,10,82
3877,2011,23,2011-08-28 13:10:00,Sunday,Adelaide,Richmond,Football Park,D,15,9,99,17,19,121
3876,2011,23,2011-08-27 19:10:00,Saturday,Brisbane Lions,West Coast,Gabba,N,11,15,81,13,11,89
3875,2011,23,2011-08-27 19:10:00,Saturday,St Kilda,North Melbourne,Docklands,N,19,21,135,10,10,70
3874,2011,23,2011-08-27 14:10:00,Saturday,Geelong,Sydney,Kardinia Park,D,12,14,86,15,9,99
3873,2011,23,2011-08-27 14:10:00,Saturday,Hawthorn,Western Bulldogs,M.C.G.,D,16,17,113,10,7,67
3872,2011,23,2011-08-26 20:40:00,Friday,Fremantle,Collingwood,Subiaco,N,8,4,52,20,12,132
3871,2011,22,2011-08-21 16:40:00,Sunday,Melbourne,Richmond,M.C.G.,T,17,8,110,17,15,117
3870,2011,22,2011-08-21 15:10:00,Sunday,Port Adelaide,Western Bulldogs,Football Park,D,15,7,97,24,13,157
3869,2011,22,2011-08-21 13:10:00,Sunday,Sydney,St Kilda,Stadium Australia,D,10,23,83,10,8,68
3868,2011,22,2011-08-20 19:10:00,Saturday,Collingwood,Brisbane Lions,M.C.G.,N,14,18,102,13,6,84
3867,2011,22,2011-08-20 19:10:00,Saturday,North Melbourne,Fremantle,Docklands,N,21,17,143,6,9,45
3866,2011,22,2011-08-20 15:10:00,Saturday,West Coast,Essendon,Subiaco,D,20,14,134,11,11,77
3865,2011,22,2011-08-20 14:10:00,Saturday,Gold Coast,Adelaide,Carrara,D,9,10,64,18,17,125
3864,2011,22,2011-08-19 19:40:00,Friday,Carlton,Hawthorn,Docklands,N,8,18,66,10,18,78
3863,2011,21,2011-08-14 16:40:00,Sunday,Adelaide,Geelong,Football Park,T,12,13,85,14,12,96
3862,2011,21,2011-08-14 14:10:00,Sunday,Richmond,Sydney,M.C.G.,D,14,15,99,7,14,56
3861,2011,21,2011-08-14 13:10:00,Sunday,Melbourne,West Coast,Docklands,D,9,8,62,16,14,110
3860,2011,21,2011-08-13 19:10:00,Saturday,Brisbane Lions,Gold Coast,Gabba,N,18,15,123,8,13,61
3859,2011,21,2011-08-13 19:10:00,Saturday,Western Bulldogs,Essendon,Docklands,N,15,11,101,23,12,150
3858,2011,21,2011-08-13 15:10:00,Saturday,Fremantle,Carlton,Subiaco,D,12,13,85,16,19,115
3857,2011,21,2011-08-13 14:10:00,Saturday,Hawthorn,Port Adelaide,M.C.G.,D,31,11,197,5,2,32
3856,2011,21,2011-08-12 19:40:00,Friday,St Kilda,Collingwood,Docklands,N,10,10,70,14,5,89
3855,2011,20,2011-08-07 16:40:00,Sunday,West Coast,Richmond,Subiaco,D,22,15,147,14,6,90
3854,2011,20,2011-08-07 14:10:00,Sunday,Hawthorn,North Melbourne,York Park,D,15,13,103,13,8,86
3853,2011,20,2011-08-07 13:10:00,Sunday,Brisbane Lions,Adelaide,Gabba,D,16,9,105,16,14,110
3852,2011,20,2011-08-06 19:40:00,Saturday,Port Adelaide,Collingwood,Football Park,N,3,3,21,23,21,159
3851,2011,20,2011-08-06 19:20:00,Saturday,Essendon,Sydney,Docklands,N,15,10,100,14,15,99
3850,2011,20,2011-08-06 13:40:00,Saturday,Geelong,Gold Coast,Kardinia Park,D,29,14,188,6,2,38
3849,2011,20,2011-08-06 14:10:00,Saturday,Carlton,Melbourne,M.C.G.,D,21,8,134,7,16,58
3848,2011,20,2011-08-05 19:40:00,Friday,St Kilda,Fremantle,Docklands,N,16,17,113,10,12,72
3847,2011,19,2011-07-31 16:40:00,Sunday,Adelaide,Port Adelaide,Football Park,T,16,15,111,11,13,79
3846,2011,19,2011-07-31 14:10:00,Sunday,Collingwood,Essendon,M.C.G.,D,25,16,166,14,8,92
3845,2011,19,2011-07-30 19:40:00,Saturday,Fremantle,Hawthorn,Subiaco,N,6,8,44,13,17,95
3844,2011,19,2011-07-30 19:10:00,Saturday,Gold Coast,St Kilda,Carrara,N,6,18,54,10,14,74
3843,2011,19,2011-07-30 14:10:00,Saturday,Geelong,Melbourne,Kardinia Park,D,37,11,233,7,5,47
3842,2011,19,2011-07-30 14:10:00,Saturday,Western Bulldogs,West Coast,Docklands,D,15,5,95,15,13,103
3841,2011,19,2011-07-29 19:40:00,Friday,North Melbourne,Carlton,Docklands,N,9,8,62,11,14,80
3840,2011,18,2011-07-24 16:40:00,Sunday,Fremantle,West Coast,Subiaco,D,9,10,64,8,17,65
3839,2011,18,2011-07-24 14:10:00,Sunday,Melbourne,Hawthorn,M.C.G.,D,12,6,78,20,12,132
3838,2011,18,2011-07-24 13:10:00,Sunday,Geelong,Richmond,Docklands,D,17,11,113,7,9,51
3837,2011,18,2011-07-23 19:10:00,Saturday,Essendon,Carlton,M.C.G.,N,12,7,79,24,9,153
3836,2011,18,2011-07-23 19:10:00,Saturday,Gold Coast,Collingwood,Carrara,N,11,9,75,19,15,129
3835,2011,18,2011-07-23 14:10:00,Saturday,Sydney,Western Bulldogs,S.C.G.,D,16,18,114,11,9,75
3834,2011,18,2011-07-23 14:10:00,Saturday,North Melbourne,Brisbane Lions,Docklands,D,17,20,122,11,11,77
3833,2011,18,2011-07-22 19:40:00,Friday,St Kilda,Adelaide,Docklands,N,19,13,127,3,6,24
3832,2011,17,2011-07-17 16:40:00,Sunday,North Melbourne,Western Bulldogs,Docklands,T,21,16,142,17,9,111
3831,2011,17,2011-07-17 14:10:00,Sunday,Brisbane Lions,Geelong,Gabba,D,15,14,104,20,13,133
3830,2011,17,2011-07-17 13:10:00,Sunday,Sydney,Fremantle,S.C.G.,D,13,9,87,15,8,98
3829,2011,17,2011-07-16 20:40:00,Saturday,Melbourne,Port Adelaide,Marrara Oval,N,17,11,113,14,8,92
3828,2011,17,2011-07-16 19:10:00,Saturday,St Kilda,West Coast,Docklands,N,13,4,82,9,7,61
3827,2011,17,2011-07-16 14:10:00,Saturday,Carlton,Collingwood,M.C.G.,D,11,13,79,13,20,98
3826,2011,17,2011-07-16 14:10:00,Saturday,Richmond,Gold Coast,Cazaly's Stadium,D,9,16,70,12,13,85
3825,2011,17,2011-07-15 20:40:00,Friday,Adelaide,Essendon,Football Park,N,10,13,73,12,12,84
3824,2011,16,2011-07-10 16:40:00,Sunday,Western Bulldogs,Carlton,Docklands,T,14,12,96,9,15,69
3823,2011,16,2011-07-10 15:10:00,Sunday,Port Adelaide,St Kilda,Football Park,D,8,5,53,17,7,109
3822,2011,16,2011-07-10 13:10:00,Sunday,Collingwood,North Melbourne,M.C.G.,D,22,15,147,3,12,30
3821,2011,16,2011-07-09 19:10:00,Saturday,Essendon,Richmond,M.C.G.,N,15,15,105,9,12,66
3820,2011,16,2011-07-09 19:10:00,Saturday,Gold Coast,Sydney,Carrara,N,4,12,36,15,16,106
3819,2011,16,2011-07-09 14:10:00,Saturday,Hawthorn,Brisbane Lions,York Park,D,16,9,105,9,9,63
3818,2011,16,2011-07-08 20:40:00,Friday,West Coast,Geelong,Subiaco,N,14,12,96,13,10,88
3817,2011,15,2011-07-03 16:40:00,Sunday,North Melbourne,St Kilda,Docklands,T,10,10,70,12,7,79
3816,2011,15,2011-07-03 14:10:00,Sunday,Collingwood,Hawthorn,M.C.G.,D,15,16,106,9,11,65
3815,2011,15,2011-07-03 13:10:00,Sunday,Brisbane Lions,Port Adelaide,Gabba,D,15,9,99,13,10,88
3814,2011,15,2011-07-02 19:40:00,Saturday,Adelaide,Sydney,Football Park,N,8,9,57,6,14,50
3813,2011,15,2011-07-02 19:10:00,Saturday,Essendon,Geelong,Docklands,N,18,7,115,16,15,111
3812,2011,15,2011-07-02 15:10:00,Saturday,Fremantle,Gold Coast,Subiaco,D,17,10,112,9,8,62
3811,2011,15,2011-07-02 14:10:00,Saturday,Richmond,Carlton,M.C.G.,D,12,9,81,28,16,184
3810,2011,15,2011-07-01 19:40:00,Friday,Western Bulldogs,Melbourne,Docklands,N,19,13,127,8,15,63
3809,2011,14,2011-06-26 16:40:00,Sunday,Port Adelaide,North Melbourne,Football Park,T,14,7,91,21,10,136
3808,2011,14,2011-06-26 14:10:00,Sunday,Carlton,West Coast,Docklands,D,10,7,67,15,13,103
3807,2011,14,2011-06-26 13:10:00,Sunday,Geelong,Adelaide,Kardinia Park,D,19,11,125,10,13,73
3806,2011,14,2011-06-25 19:40:00,Saturday,Fremantle,Brisbane Lions,Subiaco,N,12,16,88,10,5,65
3805,2011,14,2011-06-25 19:10:00,Saturday,Sydney,Collingwood,Stadium Australia,N,14,9,93,13,21,99
3804,2011,14,2011-06-25 14:10:00,Saturday,Richmond,Melbourne,M.C.G.,D,13,13,91,17,16,118
3803,2011,14,2011-06-25 14:10:00,Saturday,Gold Coast,Western Bulldogs,Carrara,D,13,10,88,17,8,110
3802,2011,14,2011-06-24 19:40:00,Friday,Hawthorn,Essendon,M.C.G.,N,23,8,146,12,9,81
3801,2011,13,2011-06-19 16:40:00,Sunday,West Coast,Port Adelaide,Subiaco,D,15,20,110,13,10,88
3800,2011,13,2011-06-19 14:10:00,Sunday,Carlton,Sydney,Docklands,D,15,10,100,10,6,66
3799,2011,13,2011-06-19 13:10:00,Sunday,Melbourne,Fremantle,M.C.G.,D,22,17,149,8,12,60
3798,2011,13,2011-06-18 19:10:00,Saturday,St Kilda,Geelong,M.C.G.,N,11,6,72,15,10,100
3797,2011,13,2011-06-18 19:10:00,Saturday,Brisbane Lions,Richmond,Gabba,N,14,10,94,18,17,125
3796,2011,13,2011-06-18 14:10:00,Saturday,Essendon,North Melbourne,Docklands,D,12,18,90,17,9,111
3795,2011,13,2011-06-18 14:10:00,Saturday,Hawthorn,Gold Coast,York Park,D,19,15,129,8,10,58
3794,2011,13,2011-06-17 19:40:00,Friday,Western Bulldogs,Adelaide,Docklands,N,14,16,100,10,10,70
3793,2011,12,2011-06-13 14:10:00,Monday,Melbourne,Collingwood,M.C.G.,D,6,5,41,19,15,129
3792,2011,12,2011-06-12 16:40:00,Sunday,Fremantle,Essendon,Subiaco,D,15,8,98,9,10,64
3791,2011,12,2011-06-12 14:10:00,Sunday,Sydney,Richmond,S.C.G.,D,9,21,75,9,11,65
3790,2011,12,2011-06-12 13:10:00,Sunday,Carlton,Brisbane Lions,Docklands,D,19,10,124,9,9,63
3789,2011,12,2011-06-11 19:10:00,Saturday,Geelong,Hawthorn,M.C.G.,N,13,10,88,13,5,83
3788,2011,12,2011-06-11 19:10:00,Saturday,Gold Coast,North Melbourne,Carrara,N,9,9,63,18,14,122
3787,2011,12,2011-06-11 14:40:00,Saturday,Adelaide,West Coast,Football Park,D,10,7,67,15,16,106
3786,2011,12,2011-06-10 19:40:00,Friday,St Kilda,Western Bulldogs,Docklands,N,12,9,81,8,9,57
3785,2011,11,2011-06-05 16:40:00,Sunday,Port Adelaide,Carlton,Football Park,T,7,7,49,16,15,111
3784,2011,11,2011-06-05 14:10:00,Sunday,North Melbourne,Adelaide,Docklands,D,18,7,115,10,8,68
3783,2011,11,2011-06-05 13:10:00,Sunday,Hawthorn,Fremantle,M.C.G.,D,17,9,111,13,11,89
3782,2011,11,2011-06-04 19:10:00,Saturday,Collingwood,St Kilda,M.C.G.,N,16,12,108,7,9,51
3781,2011,11,2011-06-04 19:40:00,Saturday,Brisbane Lions,Sydney,Gabba,N,7,9,51,17,14,116
3780,2011,11,2011-06-04 15:10:00,Saturday,West Coast,Gold Coast,Subiaco,D,13,7,85,10,7,67
3779,2011,11,2011-06-04 14:10:00,Saturday,Geelong,Western Bulldogs,Kardinia Park,D,23,10,148,13,9,87
3778,2011,11,2011-06-03 19:40:00,Friday,Essendon,Melbourne,M.C.G.,N,10,8,68,15,11,101
3777,2011,10,2011-05-29 16:40:00,Sunday,Western Bulldogs,Hawthorn,Docklands,T,9,8,62,13,13,91
3776,2011,10,2011-05-29 14:10:00,Sunday,Collingwood,West Coast,M.C.G.,D,16,9,105,7,11,53
3775,2011,10,2011-05-29 13:10:00,Sunday,Adelaide,Brisbane Lions,Football Park,D,8,13,61,15,11,101
3774,2011,10,2011-05-28 20:40:00,Saturday,Richmond,Port Adelaide,Marrara Oval,N,10,14,74,13,11,89
3773,2011,10,2011-05-28 19:20:00,Saturday,Gold Coast,Geelong,Carrara,N,10,13,73,21,13,139
3772,2011,10,2011-05-28 15:10:00,Saturday,Fremantle,St Kilda,Subiaco,D,7,14,56,15,12,102
3771,2011,10,2011-05-28 14:10:00,Saturday,North Melbourne,Sydney,Docklands,D,9,17,71,10,12,72
3770,2011,10,2011-05-27 19:40:00,Friday,Melbourne,Carlton,M.C.G.,N,6,10,46,13,15,93
3769,2011,9,2011-05-22 16:40:00,Sunday,West Coast,Western Bulldogs,Subiaco,D,26,19,175,8,4,52
3768,2011,9,2011-05-22 14:10:00,Sunday,Sydney,Hawthorn,S.C.G.,D,8,12,60,15,16,106
3767,2011,9,2011-05-22 13:10:00,Sunday,Collingwood,Adelaide,Docklands,D,20,15,135,14,8,92
3766,2011,9,2011-05-21 19:40:00,Saturday,Richmond,Essendon,M.C.G.,N,16,9,105,13,11,89
3765,2011,9,2011-05-21 19:40:00,Saturday,Brisbane Lions,North Melbourne,Gabba,N,10,13,73,8,11,59
3764,2011,9,2011-05-21 14:40:00,Saturday,Port Adelaide,Fremantle,Football Park,D,14,6,90,21,16,142
3763,2011,9,2011-05-21 14:10:00,Saturday,St Kilda,Melbourne,Docklands,D,16,10,106,13,8,86
3762,2011,9,2011-05-20 19:40:00,Friday,Carlton,Geelong,Docklands,N,14,16,100,15,12,102
3761,2011,8,2011-05-15 16:40:00,Sunday,West Coast,Fremantle,Subiaco,D,14,12,96,9,9,63
3760,2011,8,2011-05-15 14:10:00,Sunday,Western Bulldogs,Richmond,Docklands,D,23,15,153,18,10,118
3759,2011,8,2011-05-15 13:10:00,Sunday,Hawthorn,St Kilda,M.C.G.,D,14,15,99,10,9,69
3758,2011,8,2011-05-14 19:40:00,Saturday,Sydney,Port Adelaide,S.C.G.,N,18,13,121,9,5,59
3757,2011,8,2011-05-14 19:10:00,Saturday,Brisbane Lions,Essendon,Gabba,N,9,12,66,15,12,102
3756,2011,8,2011-05-14 15:10:00,Saturday,Adelaide,Gold Coast,Football Park,D,20,10,130,9,19,73
3755,2011,8,2011-05-14 14:10:00,Saturday,North Melbourne,Melbourne,Docklands,D,19,10,124,12,11,83
3754,2011,8,2011-05-13 19:40:00,Friday,Geelong,Collingwood,M.C.G.,N,8,17,65,9,8,62
3753,2011,7,2011-05-09 19:20:00,Monday,St Kilda,Carlton,Docklands,N,12,9,81,11,18,84
3752,2011,7,2011-05-08 14:10:00,Sunday,Melbourne,Adelaide,M.C.G.,D,22,17,149,8,5,53
3751,2011,7,2011-05-08 13:10:00,Sunday,Essendon,West Coast,Docklands,D,16,10,106,12,18,90
3750,2011,7,2011-05-07 19:10:00,Saturday,Gold Coast,Brisbane Lions,Gabba,N,18,16,124,17,14,116
3749,2011,7,2011-05-07 16:10:00,Saturday,Richmond,Fremantle,M.C.G.,T,23,10,148,14,15,99
3748,2011,7,2011-05-07 14:10:00,Saturday,Geelong,North Melbourne,Kardinia Park,D,19,13,127,9,7,61
3747,2011,7,2011-05-07 13:10:00,Saturday,Western Bulldogs,Sydney,Manuka Oval,D,10,5,65,10,13,73
3746,2011,7,2011-05-06 20:40:00,Friday,Port Adelaide,Hawthorn,Football Park,N,10,12,72,15,14,104
3745,2011,6,2011-05-01 16:40:00,Sunday,Collingwood,Western Bulldogs,M.C.G.,T,15,15,105,8,9,57
3744,2011,6,2011-05-01 13:10:00,Sunday,Essendon,Gold Coast,Docklands,D,31,11,197,8,10,58
3743,2011,6,2011-04-30 19:40:00,Saturday,Adelaide,St Kilda,Football Park,N,13,12,90,9,17,71
3742,2011,6,2011-04-30 19:10:00,Saturday,Richmond,Brisbane Lions,M.C.G.,N,18,16,124,14,14,98
3741,2011,6,2011-04-30 14:10:00,Saturday,North Melbourne,Port Adelaide,Docklands,D,18,25,133,10,13,73
3740,2011,6,2011-04-29 19:40:00,Friday,Sydney,Carlton,S.C.G.,N,10,11,71,12,15,87
3739,2011,6,2011-04-28 20:40:00,Thursday,West Coast,Melbourne,Subiaco,N,15,16,106,6,16,52
3738,2011,5,2011-04-26 14:40:00,Tuesday,Hawthorn,Geelong,M.C.G.,D,15,8,98,17,15,117
3737,2011,5,2011-04-25 20:40:00,Monday,Fremantle,Western Bulldogs,Subiaco,N,12,13,85,11,12,78
3736,2011,5,2011-04-25 14:40:00,Monday,Essendon,Collingwood,M.C.G.,D,11,11,77,16,11,107
3735,2011,5,2011-04-24 16:40:00,Sunday,North Melbourne,Richmond,Docklands,T,14,19,103,17,10,112
3734,2011,5,2011-04-23 19:10:00,Saturday,Carlton,Adelaide,Docklands,N,11,19,85,12,7,79
3733,2011,5,2011-04-23 15:10:00,Saturday,Port Adelaide,Gold Coast,Football Park,D,15,11,101,15,14,104
3732,2011,5,2011-04-21 19:40:00,Thursday,Brisbane Lions,St Kilda,Gabba,N,11,10,76,13,11,89
3731,2011,4,2011-04-17 16:40:00,Sunday,Fremantle,North Melbourne,Subiaco,D,18,19,127,14,14,98
3730,2011,4,2011-04-17 14:10:00,Sunday,Gold Coast,Melbourne,Gabba,D,9,15,69,23,21,159
3729,2011,4,2011-04-16 19:40:00,Saturday,Port Adelaide,Adelaide,Football Park,N,14,14,98,9,12,66
3728,2011,4,2011-04-16 19:10:00,Saturday,Sydney,Geelong,S.C.G.,N,7,12,54,11,15,81
3727,2011,4,2011-04-16 14:10:00,Saturday,Carlton,Essendon,M.C.G.,D,11,13,79,11,13,79
3726,2011,4,2011-04-16 14:10:00,Saturday,Hawthorn,West Coast,York Park,D,10,12,72,9,11,65
3725,2011,4,2011-04-15 19:40:00,Friday,Richmond,Collingwood,M.C.G.,N,13,12,90,24,17,161
3724,2011,3,2011-04-10 16:40:00,Sunday,St Kilda,Essendon,Docklands,T,12,12,84,21,10,136
3723,2011,3,2011-04-10 14:10:00,Sunday,Geelong,Port Adelaide,Kardinia Park,D,17,20,122,6,7,43
3722,2011,3,2011-04-10 13:10:00,Sunday,Melbourne,Brisbane Lions,M.C.G.,D,12,10,82,11,5,71
3721,2011,3,2011-04-09 20:10:00,Saturday,West Coast,Sydney,Subiaco,N,13,10,88,15,11,101
3720,2011,3,2011-04-09 19:10:00,Saturday,Richmond,Hawthorn,M.C.G.,N,6,16,52,17,13,115
3719,2011,3,2011-04-09 15:10:00,Saturday,Adelaide,Fremantle,Football Park,D,7,12,54,11,13,79
3718,2011,3,2011-04-09 14:10:00,Saturday,Western Bulldogs,Gold Coast,Docklands,D,18,14,122,7,9,51
3717,2011,3,2011-04-08 19:40:00,Friday,Collingwood,Carlton,M.C.G.,N,15,12,102,11,8,74
3716,2011,2,2011-04-03 16:40:00,Sunday,Hawthorn,Melbourne,M.C.G.,T,16,26,122,12,5,77
3715,2011,2,2011-04-03 14:10:00,Sunday,Sydney,Essendon,Stadium Australia,D,14,14,98,13,15,93
3714,2011,2,2011-04-03 13:10:00,Sunday,Western Bulldogs,Brisbane Lions,Docklands,D,19,9,123,6,9,45
3713,2011,2,2011-04-02 20:40:00,Saturday,Fremantle,Geelong,Subiaco,N,10,18,78,13,11,89
3712,2011,2,2011-04-02 19:40:00,Saturday,Gold Coast,Carlton,Gabba,N,7,10,52,26,15,171
3711,2011,2,2011-04-02 15:10:00,Saturday,Port Adelaide,West Coast,Football Park,D,15,8,98,16,20,116
3710,2011,2,2011-04-02 14:10:00,Saturday,North Melbourne,Collingwood,Docklands,D,7,14,56,21,17,143
3709,2011,2,2011-04-01 19:40:00,Friday,St Kilda,Richmond,M.C.G.,N,13,17,95,14,11,95
3708,2011,1,2011-03-27 19:10:00,Sunday,West Coast,North Melbourne,Subiaco,N,13,14,92,13,10,88
3707,2011,1,2011-03-27 14:10:00,Sunday,Melbourne,Sydney,M.C.G.,D,11,18,84,11,18,84
3706,2011,1,2011-03-27 13:10:00,Sunday,Essendon,Western Bulldogs,Docklands,D,16,17,113,8,10,58
3705,2011,1,2011-03-26 20:10:00,Saturday,Brisbane Lions,Fremantle,Gabba,N,14,8,92,13,16,94
3704,2011,1,2011-03-26 19:40:00,Saturday,Adelaide,Hawthorn,Football Park,N,16,9,105,12,13,85
3703,2011,1,2011-03-26 14:10:00,Saturday,Collingwood,Port Adelaide,Docklands,D,24,11,155,12,8,80
3702,2011,1,2011-03-25 19:40:00,Friday,Geelong,St Kilda,M.C.G.,N,6,12,48,6,11,47
3701,2011,1,2011-03-24 19:40:00,Thursday,Carlton,Richmond,M.C.G.,N,14,20,104,13,6,84
3586,2010,GF,2010-10-02 14:40:00,Saturday,Collingwood,St Kilda,M.C.G.,N,16,12,108,7,10,52
3585,2010,GF,2010-09-25 14:40:00,Saturday,Collingwood,St Kilda,M.C.G.,N,9,14,68,10,8,68
3584,2010,PF,2010-09-18 19:20:00,Saturday,St Kilda,Western Bulldogs,M.C.G.,N,13,10,88,8,16,64
3583,2010,PF,2010-09-17 19:45:00,Friday,Collingwood,Geelong,M.C.G.,N,18,12,120,11,13,79
3582,2010,SF,2010-09-11 19:20:00,Saturday,Western Bulldogs,Sydney,M.C.G.,N,11,11,77,10,12,72
3581,2010,SF,2010-09-10 19:45:00,Friday,Geelong,Fremantle,M.C.G.,N,20,15,135,10,6,66
3580,2010,EF,2010-09-05 14:40:00,Sunday,Sydney,Carlton,Stadium Australia,D,14,15,99,13,16,94
3579,2010,QF,2010-09-04 19:20:00,Saturday,Collingwood,Western Bulldogs,M.C.G.,N,17,22,124,8,14,62
3578,2010,EF,2010-09-04 15:20:00,Saturday,Fremantle,Hawthorn,Subiaco,D,14,10,94,8,16,64
3577,2010,QF,2010-09-03 19:45:00,Friday,Geelong,St Kilda,M.C.G.,N,11,13,79,12,11,83
3576,2010,22,2010-08-28 19:10:00,Saturday,Western Bulldogs,Essendon,Docklands,D,17,5,107,11,12,78
3575,2010,22,2010-08-28 19:10:00,Saturday,Brisbane Lions,Sydney,Gabba,D,10,8,68,16,10,106
3574,2010,22,2010-08-29 16:40:00,Sunday,Melbourne,North Melbourne,M.C.G.,D,15,13,103,17,11,113
3573,2010,22,2010-08-27 20:40:00,Friday,Fremantle,Carlton,Subiaco,N,13,15,93,13,9,87
3572,2010,22,2010-08-29 14:10:00,Sunday,Richmond,Port Adelaide,Docklands,N,16,16,112,18,14,122
3571,2010,22,2010-08-28 13:10:00,Saturday,Geelong,West Coast,Kardinia Park,D,16,16,112,10,8,68
3570,2010,22,2010-08-28 14:10:00,Saturday,Hawthorn,Collingwood,M.C.G.,D,15,8,98,13,17,95
3569,2010,22,2010-08-28 16:10:00,Saturday,Adelaide,St Kilda,Football Park,N,9,11,65,5,7,37
3568,2010,21,2010-08-22 16:40:00,Sunday,West Coast,North Melbourne,Subiaco,D,14,10,94,16,14,110
3567,2010,21,2010-08-22 14:10:00,Sunday,Essendon,Brisbane Lions,Docklands,D,10,8,68,14,11,95
3566,2010,21,2010-08-22 13:10:00,Sunday,Port Adelaide,Melbourne,Football Park,D,17,10,112,11,17,83
3565,2010,21,2010-08-21 19:10:00,Saturday,Sydney,Western Bulldogs,S.C.G.,N,17,12,114,10,10,70
3564,2010,21,2010-08-21 19:10:00,Saturday,Collingwood,Adelaide,M.C.G.,N,6,18,54,7,9,51
3563,2010,21,2010-08-21 14:10:00,Saturday,Hawthorn,Fremantle,York Park,D,24,11,155,5,9,39
3562,2010,21,2010-08-21 14:10:00,Saturday,St Kilda,Richmond,Docklands,D,17,13,115,14,10,94
3561,2010,21,2010-08-20 19:40:00,Friday,Geelong,Carlton,Docklands,N,18,13,121,12,7,79
3560,2010,20,2010-08-15 16:40:00,Sunday,North Melbourne,St Kilda,Docklands,T,9,9,63,17,13,115
3559,2010,20,2010-08-15 14:10:00,Sunday,Hawthorn,Melbourne,M.C.G.,D,15,9,99,12,6,78
3558,2010,20,2010-08-15 13:10:00,Sunday,Brisbane Lions,Adelaide,Gabba,D,13,19,97,15,14,104
3557,2010,20,2010-08-14 19:40:00,Saturday,Port Adelaide,West Coast,Football Park,N,8,13,61,8,12,60
3556,2010,20,2010-08-14 19:10:00,Saturday,Western Bulldogs,Geelong,Docklands,N,9,6,60,25,11,161
3555,2010,20,2010-08-14 15:10:00,Saturday,Fremantle,Sydney,Subiaco,D,13,9,87,14,12,96
3554,2010,20,2010-08-14 14:10:00,Saturday,Carlton,Richmond,M.C.G.,D,23,18,156,10,7,67
3553,2010,20,2010-08-13 19:40:00,Friday,Essendon,Collingwood,M.C.G.,N,10,4,64,24,18,162
3552,2010,19,2010-08-08 16:40:00,Sunday,Adelaide,Western Bulldogs,Football Park,T,7,11,53,8,13,61
3551,2010,19,2010-08-08 14:10:00,Sunday,Melbourne,Richmond,M.C.G.,D,16,13,109,11,14,80
3550,2010,19,2010-08-08 13:10:00,Sunday,St Kilda,Port Adelaide,Docklands,D,23,13,151,8,9,57
3549,2010,19,2010-08-07 19:40:00,Saturday,West Coast,Brisbane Lions,Subiaco,N,9,11,65,10,10,70
3548,2010,19,2010-08-07 19:10:00,Saturday,Geelong,Collingwood,M.C.G.,N,12,13,85,14,23,107
3547,2010,19,2010-08-07 14:10:00,Saturday,North Melbourne,Fremantle,Docklands,D,19,9,123,10,9,69
3546,2010,19,2010-08-07 14:10:00,Saturday,Sydney,Hawthorn,S.C.G.,D,19,15,129,13,7,85
3545,2010,19,2010-08-06 19:40:00,Friday,Essendon,Carlton,M.C.G.,N,9,19,73,23,11,149
3544,2010,18,2010-08-01 16:40:00,Sunday,Fremantle,West Coast,Subiaco,D,24,16,160,13,7,85
3543,2010,18,2010-08-01 14:10:00,Sunday,Western Bulldogs,North Melbourne,Docklands,D,22,11,143,10,12,72
3542,2010,18,2010-08-01 13:10:00,Sunday,Richmond,Adelaide,M.C.G.,D,15,10,100,11,14,80
3541,2010,18,2010-07-31 19:10:00,Saturday,Brisbane Lions,Melbourne,Gabba,N,9,10,64,11,8,74
3540,2010,18,2010-07-31 19:10:00,Saturday,Sydney,Geelong,Stadium Australia,N,9,18,72,20,5,125
3539,2010,18,2010-07-31 15:10:00,Saturday,Port Adelaide,Hawthorn,Football Park,D,13,14,92,12,12,84
3538,2010,18,2010-07-31 14:10:00,Saturday,Collingwood,Carlton,M.C.G.,D,15,15,105,9,3,57
3537,2010,18,2010-07-30 19:40:00,Friday,Essendon,St Kilda,Docklands,N,16,12,108,11,9,75
3536,2010,17,2010-07-25 16:40:00,Sunday,Port Adelaide,Adelaide,Football Park,T,13,10,88,9,15,69
3535,2010,17,2010-07-25 14:10:00,Sunday,Melbourne,Sydney,M.C.G.,D,22,10,142,10,9,69
3534,2010,17,2010-07-25 13:10:00,Sunday,Western Bulldogs,Fremantle,Docklands,D,24,14,158,12,4,76
3533,2010,17,2010-07-24 19:40:00,Saturday,West Coast,Carlton,Subiaco,N,11,17,83,15,19,109
3532,2010,17,2010-07-24 19:10:00,Saturday,North Melbourne,Essendon,Docklands,N,18,11,119,18,14,122
3531,2010,17,2010-07-24 14:10:00,Saturday,Geelong,Brisbane Lions,Kardinia Park,D,19,13,127,9,10,64
3530,2010,17,2010-07-24 14:10:00,Saturday,Collingwood,Richmond,M.C.G.,D,19,13,127,6,9,45
3529,2010,17,2010-07-23 19:40:00,Friday,St Kilda,Hawthorn,Docklands,N,14,3,87,13,9,87
3528,2010,16,2010-07-18 16:40:00,Sunday,Fremantle,Melbourne,Subiaco,D,11,16,82,10,11,71
3527,2010,16,2010-07-18 14:10:00,Sunday,Richmond,North Melbourne,M.C.G.,D,7,11,53,15,13,103
3526,2010,16,2010-07-18 13:10:00,Sunday,Carlton,Sydney,Docklands,D,10,8,68,16,11,107
3525,2010,16,2010-07-17 19:40:00,Saturday,Western Bulldogs,Port Adelaide,Marrara Oval,N,12,11,83,7,5,47
3524,2010,16,2010-07-17 19:10:00,Saturday,Essendon,West Coast,Docklands,N,14,16,100,20,12,132
3523,2010,16,2010-07-17 14:10:00,Saturday,Hawthorn,Brisbane Lions,York Park,D,17,16,118,7,1,43
3522,2010,16,2010-07-17 14:10:00,Saturday,Collingwood,St Kilda,M.C.G.,D,15,10,100,6,16,52
3521,2010,16,2010-07-16 20:10:00,Friday,Adelaide,Geelong,Football Park,N,11,8,74,9,9,63
3520,2010,15,2010-07-11 16:40:00,Sunday,Carlton,Western Bulldogs,Docklands,T,8,10,58,20,6,126
3519,2010,15,2010-07-11 14:10:00,Sunday,Melbourne,Essendon,M.C.G.,D,19,8,122,14,19,103
3518,2010,15,2010-07-11 13:10:00,Sunday,Sydney,North Melbourne,S.C.G.,D,12,13,85,7,13,55
3517,2010,15,2010-07-10 19:10:00,Saturday,Richmond,Fremantle,Docklands,N,15,10,100,11,15,81
3516,2010,15,2010-07-10 19:10:00,Saturday,Brisbane Lions,St Kilda,Gabba,N,10,5,65,11,13,79
3515,2010,15,2010-07-10 15:10:00,Saturday,West Coast,Adelaide,Subiaco,D,14,11,95,17,15,117
3514,2010,15,2010-07-10 14:10:00,Saturday,Geelong,Hawthorn,M.C.G.,D,12,13,85,11,17,83
3513,2010,15,2010-07-09 20:40:00,Friday,Port Adelaide,Collingwood,Football Park,N,12,7,79,16,9,105
3512,2010,14,2010-07-04 16:40:00,Sunday,St Kilda,Melbourne,Docklands,T,15,10,100,9,11,65
3511,2010,14,2010-07-04 14:10:00,Sunday,Richmond,Sydney,M.C.G.,D,14,5,89,12,13,85
3510,2010,14,2010-07-04 13:10:00,Sunday,Geelong,North Melbourne,Kardinia Park,D,14,14,98,9,9,63
3509,2010,14,2010-07-03 19:40:00,Saturday,Adelaide,Essendon,Football Park,N,19,10,124,5,10,40
3508,2010,14,2010-07-03 19:10:00,Saturday,Collingwood,West Coast,Docklands,N,20,15,135,7,10,52
3507,2010,14,2010-07-03 15:10:00,Saturday,Fremantle,Port Adelaide,Subiaco,D,17,13,115,8,10,58
3506,2010,14,2010-07-02 19:40:00,Friday,Hawthorn,Western Bulldogs,M.C.G.,N,12,7,79,11,10,76
3505,2010,14,2010-07-01 19:10:00,Thursday,Carlton,Brisbane Lions,Docklands,N,18,12,120,9,11,65
3504,2010,13,2010-06-27 15:10:00,Sunday,Adelaide,Melbourne,Football Park,D,16,21,117,11,7,73
3503,2010,13,2010-06-26 19:10:00,Saturday,Sydney,Collingwood,Stadium Australia,N,10,11,71,13,18,96
3502,2010,13,2010-06-25 19:40:00,Friday,St Kilda,Geelong,M.C.G.,N,10,10,70,6,10,46
3501,2010,13,2010-06-20 16:40:00,Sunday,West Coast,Western Bulldogs,Subiaco,D,9,5,59,17,17,119
3500,2010,13,2010-06-20 13:10:00,Sunday,North Melbourne,Port Adelaide,Docklands,D,19,15,129,14,9,93
3499,2010,13,2010-06-19 19:10:00,Saturday,Brisbane Lions,Richmond,Gabba,N,12,14,86,15,15,105
3498,2010,13,2010-06-19 19:10:00,Saturday,Carlton,Fremantle,Docklands,N,12,15,87,14,12,96
3497,2010,13,2010-06-18 19:40:00,Friday,Hawthorn,Essendon,M.C.G.,N,14,18,102,13,8,86
3496,2010,12,2010-06-14 14:10:00,Monday,Melbourne,Collingwood,M.C.G.,D,11,10,76,9,22,76
3495,2010,12,2010-06-13 16:40:00,Sunday,Fremantle,St Kilda,Subiaco,D,10,7,67,12,13,85
3494,2010,12,2010-06-13 14:10:00,Sunday,Western Bulldogs,Brisbane Lions,Docklands,D,17,19,121,8,8,56
3493,2010,12,2010-06-13 13:10:00,Sunday,Richmond,West Coast,M.C.G.,D,19,12,126,11,11,77
3492,2010,12,2010-06-12 19:40:00,Saturday,Port Adelaide,Sydney,Football Park,N,8,7,55,14,9,93
3491,2010,12,2010-06-12 19:10:00,Saturday,Essendon,Geelong,Docklands,N,12,11,83,23,16,154
3490,2010,12,2010-06-12 14:10:00,Saturday,Hawthorn,Adelaide,York Park,D,19,10,124,11,11,77
3489,2010,12,2010-06-11 19:40:00,Friday,North Melbourne,Carlton,Docklands,N,14,13,97,10,8,68
3488,2010,11,2010-06-06 16:40:00,Sunday,Collingwood,Western Bulldogs,Docklands,T,17,11,113,16,7,103
3487,2010,11,2010-06-06 14:10:00,Sunday,Hawthorn,Port Adelaide,M.C.G.,D,10,14,74,8,15,63
3486,2010,11,2010-06-06 13:10:00,Sunday,Sydney,Essendon,S.C.G.,D,12,17,89,12,8,80
3485,2010,11,2010-06-05 19:40:00,Saturday,West Coast,Geelong,Subiaco,N,14,14,98,18,14,122
3484,2010,11,2010-06-05 19:10:00,Saturday,North Melbourne,Brisbane Lions,Docklands,N,12,18,90,13,11,89
3483,2010,11,2010-06-05 15:10:00,Saturday,Adelaide,Fremantle,Football Park,D,16,9,105,12,10,82
3482,2010,11,2010-06-05 14:10:00,Saturday,Carlton,Melbourne,M.C.G.,D,15,11,101,9,6,60
3481,2010,11,2010-06-04 19:40:00,Friday,Richmond,St Kilda,Docklands,N,8,11,59,14,13,97
3480,2010,10,2010-05-30 16:40:00,Sunday,Fremantle,North Melbourne,Subiaco,D,21,13,139,11,12,78
3479,2010,10,2010-05-30 14:10:00,Sunday,Carlton,West Coast,Docklands,D,15,15,105,11,10,76
3478,2010,10,2010-05-30 13:10:00,Sunday,Hawthorn,Sydney,M.C.G.,D,10,19,79,11,11,77
3477,2010,10,2010-05-29 19:10:00,Saturday,St Kilda,Adelaide,Docklands,N,19,9,123,12,4,76
3476,2010,10,2010-05-29 19:10:00,Saturday,Brisbane Lions,Collingwood,Gabba,N,13,10,88,11,14,80
3475,2010,10,2010-05-29 15:10:00,Saturday,Port Adelaide,Richmond,Football Park,D,3,12,30,10,17,77
3474,2010,10,2010-05-29 14:10:00,Saturday,Geelong,Melbourne,Kardinia Park,D,18,13,121,10,7,67
3473,2010,10,2010-05-28 19:40:00,Friday,Essendon,Western Bulldogs,Docklands,N,15,9,99,14,6,90
3472,2010,9,2010-05-23 16:40:00,Sunday,West Coast,St Kilda,Subiaco,D,8,8,56,13,13,91
3471,2010,9,2010-05-23 14:10:00,Sunday,Carlton,Hawthorn,Docklands,D,8,12,60,16,14,110
3470,2010,9,2010-05-23 13:10:00,Sunday,Adelaide,Brisbane Lions,Football Park,D,13,15,93,11,15,81
3469,2010,9,2010-05-22 19:40:00,Saturday,Melbourne,Port Adelaide,Marrara Oval,N,17,9,111,16,14,110
3468,2010,9,2010-05-22 19:40:00,Saturday,Essendon,Richmond,M.C.G.,N,19,16,130,14,11,95
3467,2010,9,2010-05-22 14:10:00,Saturday,Sydney,Fremantle,S.C.G.,D,9,9,63,14,16,100
3466,2010,9,2010-05-22 14:10:00,Saturday,North Melbourne,Western Bulldogs,Docklands,D,7,15,57,20,7,127
3465,2010,9,2010-05-21 19:40:00,Friday,Collingwood,Geelong,M.C.G.,N,6,14,50,12,14,86
3464,2010,8,2010-05-16 16:40:00,Sunday,St Kilda,Essendon,Docklands,T,11,15,81,14,9,93
3463,2010,8,2010-05-16 15:10:00,Sunday,Port Adelaide,Carlton,Football Park,D,14,8,92,17,16,118
3462,2010,8,2010-05-16 13:10:00,Sunday,Richmond,Hawthorn,M.C.G.,D,13,8,86,13,11,89
3461,2010,8,2010-05-15 19:10:00,Saturday,North Melbourne,Adelaide,Docklands,N,12,12,84,11,9,75
3460,2010,8,2010-05-15 19:10:00,Saturday,Brisbane Lions,Geelong,Gabba,N,10,14,74,24,11,155
3459,2010,8,2010-05-15 14:10:00,Saturday,Melbourne,West Coast,M.C.G.,D,6,10,46,10,15,75
3458,2010,8,2010-05-15 14:10:00,Saturday,Western Bulldogs,Sydney,Manuka Oval,D,14,17,101,9,9,63
3457,2010,8,2010-05-14 20:40:00,Friday,Fremantle,Collingwood,Subiaco,N,15,7,97,20,13,133
3456,2010,7,2010-05-10 19:20:00,Monday,St Kilda,Carlton,Docklands,N,9,14,68,20,9,129
3455,2010,7,2010-05-09 16:40:00,Sunday,Adelaide,Richmond,Football Park,T,15,14,104,7,12,54
3454,2010,7,2010-05-09 13:10:00,Sunday,Geelong,Sydney,Kardinia Park,D,19,12,126,9,5,59
3453,2010,7,2010-05-08 19:10:00,Saturday,Brisbane Lions,Fremantle,Gabba,N,15,10,100,15,23,113
3452,2010,7,2010-05-08 19:10:00,Saturday,Collingwood,North Melbourne,M.C.G.,N,23,19,157,14,7,91
3451,2010,7,2010-05-08 15:10:00,Saturday,West Coast,Hawthorn,Subiaco,D,15,12,102,14,10,94
3450,2010,7,2010-05-08 14:10:00,Saturday,Essendon,Port Adelaide,Docklands,D,16,10,106,17,7,109
3449,2010,7,2010-05-07 19:40:00,Friday,Melbourne,Western Bulldogs,M.C.G.,N,9,12,66,10,10,70
3448,2010,6,2010-05-02 16:40:00,Sunday,West Coast,Fremantle,Subiaco,D,10,13,73,17,9,111
3447,2010,6,2010-05-02 14:10:00,Sunday,Carlton,Collingwood,M.C.G.,D,16,6,102,24,11,155
3446,2010,6,2010-05-02 13:10:00,Sunday,Geelong,Richmond,Kardinia Park,D,24,17,161,7,11,53
3445,2010,6,2010-05-01 19:10:00,Saturday,Sydney,Brisbane Lions,S.C.G.,N,16,11,107,13,9,87
3444,2010,6,2010-05-01 19:10:00,Saturday,Essendon,Hawthorn,M.C.G.,N,15,16,106,9,9,63
3443,2010,6,2010-05-01 15:10:00,Saturday,Adelaide,Port Adelaide,Football Park,D,10,14,74,14,13,97
3442,2010,6,2010-05-01 14:10:00,Saturday,North Melbourne,Melbourne,Docklands,D,15,14,104,12,6,78
3441,2010,6,2010-04-30 19:40:00,Friday,Western Bulldogs,St Kilda,Docklands,N,6,10,46,7,7,49
3440,2010,5,2010-04-26 14:10:00,Monday,Carlton,Geelong,M.C.G.,D,15,14,104,9,14,68
3439,2010,5,2010-04-25 20:40:00,Sunday,Fremantle,Richmond,Subiaco,N,15,22,112,11,7,73
3438,2010,5,2010-04-25 17:40:00,Sunday,Hawthorn,North Melbourne,York Park,T,10,10,70,12,10,82
3437,2010,5,2010-04-25 14:40:00,Sunday,Collingwood,Essendon,M.C.G.,D,18,12,120,8,7,55
3436,2010,5,2010-04-24 19:40:00,Saturday,Port Adelaide,St Kilda,Football Park,N,7,12,54,6,8,44
3435,2010,5,2010-04-24 19:10:00,Saturday,Melbourne,Brisbane Lions,M.C.G.,N,15,13,103,7,11,53
3434,2010,5,2010-04-24 14:10:00,Saturday,Sydney,West Coast,S.C.G.,D,17,13,115,9,9,63
3433,2010,5,2010-04-23 19:40:00,Friday,Western Bulldogs,Adelaide,Docklands,N,18,13,121,10,12,72
3432,2010,4,2010-04-18 16:40:00,Sunday,St Kilda,Fremantle,Docklands,T,16,12,108,14,9,93
3431,2010,4,2010-04-18 14:10:00,Sunday,Geelong,Port Adelaide,Kardinia Park,D,23,21,159,10,4,64
3430,2010,4,2010-04-18 13:10:00,Sunday,Richmond,Melbourne,M.C.G.,D,11,12,78,20,13,133
3429,2010,4,2010-04-17 19:10:00,Saturday,Brisbane Lions,Western Bulldogs,Gabba,N,13,23,101,12,7,79
3428,2010,4,2010-04-17 19:10:00,Saturday,Collingwood,Hawthorn,M.C.G.,N,17,21,123,8,11,59
3427,2010,4,2010-04-17 15:10:00,Saturday,Adelaide,Carlton,Football Park,D,6,19,55,16,7,103
3426,2010,4,2010-04-17 14:10:00,Saturday,North Melbourne,Sydney,Docklands,D,8,12,60,14,16,100
3425,2010,4,2010-04-16 20:40:00,Friday,West Coast,Essendon,Subiaco,N,15,11,101,11,12,78
3424,2010,3,2010-04-11 16:40:00,Sunday,Fremantle,Geelong,Subiaco,D,18,17,125,17,16,118
3423,2010,3,2010-04-11 14:10:00,Sunday,Western Bulldogs,Hawthorn,Docklands,D,14,16,100,12,12,84
3422,2010,3,2010-04-11 13:10:00,Sunday,Melbourne,Adelaide,M.C.G.,D,7,15,57,5,11,41
3421,2010,3,2010-04-10 19:10:00,Saturday,Sydney,Richmond,S.C.G.,D,16,15,111,7,14,56
3420,2010,3,2010-04-10 19:10:00,Saturday,Carlton,Essendon,M.C.G.,N,10,15,75,13,17,95
3419,2010,3,2010-04-10 15:10:00,Saturday,Port Adelaide,Brisbane Lions,Football Park,N,11,15,81,16,12,108
3418,2010,3,2010-04-10 14:10:00,Saturday,North Melbourne,West Coast,Docklands,D,17,14,116,13,13,91
3417,2010,3,2010-04-09 19:40:00,Friday,St Kilda,Collingwood,Docklands,N,10,9,69,4,17,41
3416,2010,2,2010-04-05 14:10:00,Monday,Hawthorn,Geelong,M.C.G.,D,13,13,91,14,16,100
3415,2010,2,2010-04-04 16:40:00,Sunday,Richmond,Western Bulldogs,M.C.G.,T,7,6,48,17,18,120
3414,2010,2,2010-04-04 14:10:00,Sunday,Essendon,Fremantle,Docklands,D,9,15,69,17,11,113
3413,2010,2,2010-04-04 13:10:00,Sunday,Adelaide,Sydney,Football Park,D,11,9,75,18,10,118
3412,2010,2,2010-04-03 20:40:00,Saturday,West Coast,Port Adelaide,Subiaco,N,12,14,86,13,11,89
3411,2010,2,2010-04-03 19:10:00,Saturday,St Kilda,North Melbourne,Docklands,N,23,5,143,6,3,39
3410,2010,2,2010-04-03 14:10:00,Saturday,Collingwood,Melbourne,M.C.G.,D,12,14,86,12,13,85
3409,2010,2,2010-04-01 20:40:00,Thursday,Brisbane Lions,Carlton,Gabba,N,16,11,107,12,16,88
3408,2010,1,2010-03-28 20:10:00,Sunday,Fremantle,Adelaide,Subiaco,N,17,16,118,9,8,62
3407,2010,1,2010-03-28 14:10:00,Sunday,Western Bulldogs,Collingwood,Docklands,D,13,15,93,19,15,129
3406,2010,1,2010-03-28 13:10:00,Sunday,Port Adelaide,North Melbourne,Football Park,D,13,18,96,12,10,82
3405,2010,1,2010-03-27 20:10:00,Saturday,Brisbane Lions,West Coast,Gabba,N,16,18,114,12,10,82
3404,2010,1,2010-03-27 19:10:00,Saturday,Sydney,St Kilda,Stadium Australia,N,13,10,88,15,6,96
3403,2010,1,2010-03-27 14:10:00,Saturday,Melbourne,Hawthorn,M.C.G.,D,8,13,61,17,15,117
3402,2010,1,2010-03-26 19:40:00,Friday,Geelong,Essendon,M.C.G.,N,19,11,125,13,16,94
3401,2010,1,2010-03-25 19:10:00,Thursday,Richmond,Carlton,M.C.G.,N,9,10,64,18,12,120
3385,2009,GF,2009-09-26 14:30:00,Saturday,St Kilda,Geelong,M.C.G.,D,9,14,68,12,8,80
3384,2009,PF,2009-09-19 19:30:00,Saturday,Geelong,Collingwood,M.C.G.,N,17,18,120,6,11,47
3383,2009,PF,2009-09-18 19:45:00,Friday,St Kilda,Western Bulldogs,M.C.G.,N,9,6,60,7,11,53
3382,2009,SF,2009-09-12 19:30:00,Saturday,Collingwood,Adelaide,M.C.G.,N,12,11,83,11,12,78
3381,2009,SF,2009-09-11 19:45:00,Friday,Western Bulldogs,Brisbane Lions,M.C.G.,N,16,11,107,8,8,56
3380,2009,QF,2009-09-06 14:40:00,Sunday,St Kilda,Collingwood,M.C.G.,D,12,8,80,7,10,52
3379,2009,EF,2009-09-05 19:30:00,Saturday,Brisbane Lions,Carlton,Gabba,N,16,15,111,15,14,104
3378,2009,QF,2009-09-05 14:30:00,Saturday,Geelong,Western Bulldogs,M.C.G.,D,14,12,96,12,10,82
3377,2009,EF,2009-09-04 20:15:00,Friday,Adelaide,Essendon,Football Park,N,26,10,166,10,10,70
3376,2009,22,2009-08-30 16:40:00,Sunday,Collingwood,Western Bulldogs,Docklands,T,10,16,76,14,16,100
3375,2009,22,2009-08-30 14:10:00,Sunday,Melbourne,St Kilda,M.C.G.,D,10,7,67,17,12,114
3374,2009,22,2009-08-29 19:40:00,Saturday,Port Adelaide,North Melbourne,Football Park,N,9,13,67,10,11,71
3373,2009,22,2009-08-29 19:10:00,Saturday,Sydney,Brisbane Lions,S.C.G.,N,14,8,92,15,10,100
3372,2009,22,2009-08-29 16:10:00,Saturday,Carlton,Adelaide,Docklands,T,16,8,104,27,14,176
3371,2009,22,2009-08-29 14:10:00,Saturday,Hawthorn,Essendon,M.C.G.,D,14,15,99,16,20,116
3370,2009,22,2009-08-29 13:10:00,Saturday,Geelong,Fremantle,Kardinia Park,D,14,10,94,8,6,54
3369,2009,22,2009-08-28 20:40:00,Friday,West Coast,Richmond,Subiaco,N,17,23,125,6,9,45
3368,2009,21,2009-08-23 16:40:00,Sunday,Fremantle,Essendon,Subiaco,D,21,15,141,13,9,87
3367,2009,21,2009-08-23 14:10:00,Sunday,Collingwood,Sydney,M.C.G.,D,13,19,97,8,8,56
3366,2009,21,2009-08-23 13:10:00,Sunday,St Kilda,North Melbourne,Docklands,D,8,11,59,10,4,64
3365,2009,21,2009-08-22 19:10:00,Saturday,Richmond,Hawthorn,M.C.G.,N,14,9,93,20,15,135
3364,2009,21,2009-08-22 19:10:00,Saturday,Brisbane Lions,Port Adelaide,Gabba,N,16,11,107,14,8,92
3363,2009,21,2009-08-22 15:10:00,Saturday,Adelaide,West Coast,Football Park,D,18,14,122,7,6,48
3362,2009,21,2009-08-22 14:10:00,Saturday,Carlton,Melbourne,Docklands,D,24,9,153,15,6,96
3361,2009,21,2009-08-21 19:40:00,Friday,Western Bulldogs,Geelong,Docklands,N,16,14,110,14,12,96
3360,2009,20,2009-08-16 16:40:00,Sunday,Essendon,St Kilda,Docklands,T,16,14,110,16,12,108
3359,2009,20,2009-08-16 15:10:00,Sunday,Port Adelaide,Carlton,Football Park,D,9,13,67,18,13,121
3358,2009,20,2009-08-16 13:10:00,Sunday,Melbourne,Fremantle,M.C.G.,D,20,7,127,9,10,64
3357,2009,20,2009-08-15 19:10:00,Saturday,Sydney,Geelong,Stadium Australia,N,13,9,87,13,14,92
3356,2009,20,2009-08-15 19:10:00,Saturday,Brisbane Lions,Western Bulldogs,Gabba,N,12,12,84,15,12,102
3355,2009,20,2009-08-15 16:10:00,Saturday,West Coast,North Melbourne,Subiaco,D,17,8,110,10,12,72
3354,2009,20,2009-08-15 14:10:00,Saturday,Richmond,Collingwood,M.C.G.,D,8,11,59,22,20,152
3353,2009,20,2009-08-14 19:40:00,Friday,Hawthorn,Adelaide,M.C.G.,N,9,13,67,13,16,94
3352,2009,19,2009-08-09 16:40:00,Sunday,Fremantle,Port Adelaide,Subiaco,D,17,14,116,11,8,74
3351,2009,19,2009-08-09 14:10:00,Sunday,Richmond,Sydney,M.C.G.,D,10,8,68,18,15,123
3350,2009,19,2009-08-09 13:10:00,Sunday,North Melbourne,Melbourne,Docklands,D,19,9,123,8,13,61
3349,2009,19,2009-08-08 19:40:00,Saturday,Adelaide,Collingwood,Football Park,N,9,14,68,13,11,89
3348,2009,19,2009-08-08 19:10:00,Saturday,Essendon,Brisbane Lions,M.C.G.,N,13,9,87,12,15,87
3347,2009,19,2009-08-08 14:10:00,Saturday,Hawthorn,St Kilda,York Park,D,7,7,49,10,14,74
3346,2009,19,2009-08-08 14:10:00,Saturday,Western Bulldogs,West Coast,Docklands,D,13,19,97,16,6,102
3345,2009,19,2009-08-07 19:40:00,Friday,Carlton,Geelong,M.C.G.,N,14,13,97,8,14,62
3344,2009,18,2009-08-02 16:40:00,Sunday,West Coast,Essendon,Subiaco,D,14,11,95,10,8,68
3343,2009,18,2009-08-02 15:10:00,Sunday,Port Adelaide,Hawthorn,Football Park,D,18,13,121,14,19,103
3342,2009,18,2009-08-02 13:10:00,Sunday,Melbourne,Richmond,M.C.G.,D,12,10,82,12,14,86
3341,2009,18,2009-08-01 19:10:00,Saturday,Collingwood,Brisbane Lions,M.C.G.,N,12,23,95,8,7,55
3340,2009,18,2009-08-01 19:10:00,Saturday,Sydney,St Kilda,S.C.G.,N,13,15,93,13,16,94
3339,2009,18,2009-08-01 14:10:00,Saturday,Geelong,Adelaide,Kardinia Park,D,14,9,93,13,13,91
3338,2009,18,2009-08-01 14:10:00,Saturday,Western Bulldogs,Fremantle,Docklands,D,17,9,111,11,14,80
3337,2009,18,2009-07-31 19:40:00,Friday,North Melbourne,Carlton,Docklands,N,11,18,84,14,10,94
3336,2009,17,2009-07-26 16:40:00,Sunday,Adelaide,Port Adelaide,Football Park,T,19,18,132,9,8,62
3335,2009,17,2009-07-26 14:10:00,Sunday,Essendon,Richmond,M.C.G.,D,14,12,96,15,11,101
3334,2009,17,2009-07-26 13:10:00,Sunday,Melbourne,Sydney,Manuka Oval,D,6,14,50,10,8,68
3333,2009,17,2009-07-25 19:10:00,Saturday,St Kilda,Western Bulldogs,Docklands,N,16,10,106,9,7,61
3332,2009,17,2009-07-25 19:10:00,Saturday,Brisbane Lions,North Melbourne,Gabba,N,17,14,116,11,9,75
3331,2009,17,2009-07-25 16:10:00,Saturday,Fremantle,West Coast,Subiaco,D,10,11,71,8,18,66
3330,2009,17,2009-07-25 14:10:00,Saturday,Geelong,Hawthorn,M.C.G.,D,15,9,99,14,14,98
3329,2009,17,2009-07-24 19:40:00,Friday,Carlton,Collingwood,M.C.G.,N,4,16,40,14,10,94
3328,2009,16,2009-07-19 16:40:00,Sunday,St Kilda,Adelaide,Docklands,T,15,15,105,7,6,48
3327,2009,16,2009-07-19 14:10:00,Sunday,Richmond,North Melbourne,M.C.G.,D,12,13,85,12,13,85
3326,2009,16,2009-07-19 13:10:00,Sunday,Port Adelaide,West Coast,Football Park,D,17,10,112,11,10,76
3325,2009,16,2009-07-18 19:40:00,Saturday,Fremantle,Brisbane Lions,Subiaco,T,7,5,47,9,8,62
3324,2009,16,2009-07-18 19:10:00,Saturday,Collingwood,Hawthorn,M.C.G.,N,11,10,76,18,13,121
3323,2009,16,2009-07-18 14:10:00,Saturday,Geelong,Melbourne,Kardinia Park,D,17,15,117,11,5,71
3322,2009,16,2009-07-18 14:10:00,Saturday,Carlton,Sydney,Docklands,D,19,10,124,9,9,63
3321,2009,16,2009-07-17 19:40:00,Friday,Essendon,Western Bulldogs,Docklands,N,11,4,70,15,13,103
3320,2009,15,2009-07-12 16:40:00,Sunday,West Coast,St Kilda,Subiaco,D,11,4,70,13,12,90
3319,2009,15,2009-07-12 14:10:00,Sunday,Melbourne,Port Adelaide,M.C.G.,D,15,11,101,13,12,90
3318,2009,15,2009-07-12 13:10:00,Sunday,Hawthorn,North Melbourne,York Park,D,10,13,73,9,10,64
3317,2009,15,2009-07-11 19:40:00,Saturday,Adelaide,Fremantle,Football Park,N,19,16,130,1,7,13
3316,2009,15,2009-07-11 19:10:00,Saturday,Brisbane Lions,Geelong,Gabba,N,16,12,108,9,11,65
3315,2009,15,2009-07-11 14:10:00,Saturday,Carlton,Richmond,M.C.G.,D,16,13,109,12,17,89
3314,2009,15,2009-07-11 14:10:00,Saturday,Sydney,Essendon,S.C.G.,D,10,12,72,15,17,107
3313,2009,15,2009-07-10 19:40:00,Friday,Western Bulldogs,Collingwood,Docklands,N,16,14,110,17,9,111
3312,2009,14,2009-07-05 16:40:00,Sunday,Fremantle,Carlton,Subiaco,D,15,10,100,16,19,115
3311,2009,14,2009-07-05 15:10:00,Sunday,St Kilda,Geelong,Docklands,D,14,7,91,13,7,85
3310,2009,14,2009-07-05 13:10:00,Sunday,Sydney,North Melbourne,S.C.G.,D,15,10,100,13,7,85
3309,2009,14,2009-07-04 19:10:00,Saturday,Western Bulldogs,Hawthorn,Docklands,N,19,19,133,6,9,45
3308,2009,14,2009-07-04 19:10:00,Saturday,Richmond,Adelaide,Carrara,N,13,7,85,15,12,102
3307,2009,14,2009-07-04 15:10:00,Saturday,Port Adelaide,Brisbane Lions,Football Park,D,19,14,128,11,14,80
3306,2009,14,2009-07-04 14:10:00,Saturday,Melbourne,West Coast,M.C.G.,D,17,10,112,13,14,92
3305,2009,14,2009-07-03 19:40:00,Friday,Collingwood,Essendon,M.C.G.,N,15,12,102,9,13,67
3304,2009,13,2009-06-28 16:40:00,Sunday,St Kilda,Richmond,Docklands,T,13,14,92,5,6,36
3303,2009,13,2009-06-28 14:10:00,Sunday,North Melbourne,Western Bulldogs,M.C.G.,D,12,14,86,17,6,108
3302,2009,13,2009-06-28 13:10:00,Sunday,Geelong,Port Adelaide,Kardinia Park,D,18,14,122,13,10,88
3301,2009,13,2009-06-27 19:40:00,Saturday,West Coast,Hawthorn,Subiaco,T,16,11,107,13,9,87
3300,2009,13,2009-06-27 19:10:00,Saturday,Brisbane Lions,Melbourne,Gabba,N,16,15,111,8,8,56
3299,2009,13,2009-06-27 15:10:00,Saturday,Adelaide,Sydney,Football Park,D,12,13,85,10,9,69
3298,2009,13,2009-06-27 14:10:00,Saturday,Collingwood,Fremantle,M.C.G.,D,26,13,169,13,7,85
3297,2009,13,2009-06-26 19:40:00,Friday,Essendon,Carlton,M.C.G.,N,21,10,136,9,13,67
3296,2009,12,2009-06-21 16:40:00,Sunday,Fremantle,Geelong,Subiaco,D,11,9,75,13,16,94
3295,2009,12,2009-06-20 19:10:00,Saturday,Sydney,Collingwood,Stadium Australia,N,9,12,66,13,11,89
3294,2009,12,2009-06-19 19:40:00,Friday,Essendon,Melbourne,Docklands,N,19,17,131,13,5,83
3293,2009,12,2009-06-14 16:40:00,Sunday,Adelaide,North Melbourne,Football Park,T,9,14,68,3,6,24
3292,2009,12,2009-06-14 13:10:00,Sunday,Hawthorn,Brisbane Lions,York Park,D,7,9,51,13,15,93
3291,2009,12,2009-06-13 19:10:00,Saturday,Richmond,West Coast,Docklands,N,13,14,92,11,11,77
3290,2009,12,2009-06-13 19:10:00,Saturday,Western Bulldogs,Port Adelaide,Marrara Oval,N,21,11,137,7,2,44
3289,2009,12,2009-06-12 19:40:00,Friday,Carlton,St Kilda,Docklands,N,14,11,95,16,8,104
3288,2009,11,2009-06-08 14:10:00,Monday,Melbourne,Collingwood,M.C.G.,D,8,12,60,19,12,126
3287,2009,11,2009-06-07 16:40:00,Sunday,West Coast,Geelong,Subiaco,D,11,11,77,15,9,99
3286,2009,11,2009-06-07 14:10:00,Sunday,Hawthorn,Sydney,M.C.G.,D,12,14,86,11,9,75
3285,2009,11,2009-06-07 13:10:00,Sunday,Essendon,Adelaide,Docklands,D,18,6,114,21,4,130
3284,2009,11,2009-06-06 19:40:00,Saturday,Port Adelaide,Fremantle,Football Park,N,14,10,94,11,4,70
3283,2009,11,2009-06-06 19:10:00,Saturday,Brisbane Lions,Carlton,Gabba,N,16,10,106,16,16,112
3282,2009,11,2009-06-06 14:10:00,Saturday,North Melbourne,St Kilda,Docklands,D,9,3,57,15,13,103
3281,2009,11,2009-06-05 19:40:00,Friday,Richmond,Western Bulldogs,Docklands,N,14,5,89,24,13,157
3280,2009,10,2009-05-31 16:40:00,Sunday,Collingwood,Port Adelaide,M.C.G.,T,17,12,114,11,10,76
3279,2009,10,2009-05-31 14:10:00,Sunday,Essendon,Geelong,Docklands,D,11,4,70,20,14,134
3278,2009,10,2009-05-31 13:10:00,Sunday,Adelaide,Hawthorn,Football Park,D,16,10,106,12,7,79
3277,2009,10,2009-05-30 19:40:00,Saturday,Fremantle,Richmond,Subiaco,T,17,10,112,17,13,115
3276,2009,10,2009-05-30 19:10:00,Saturday,St Kilda,Melbourne,Carrara,N,11,17,83,6,10,46
3275,2009,10,2009-05-30 14:10:00,Saturday,North Melbourne,Brisbane Lions,Docklands,D,12,9,81,15,9,99
3274,2009,10,2009-05-30 14:10:00,Saturday,Western Bulldogs,Sydney,Manuka Oval,D,18,9,117,12,5,77
3273,2009,10,2009-05-29 19:40:00,Friday,Carlton,West Coast,Docklands,N,16,15,111,10,10,70
3272,2009,9,2009-05-24 16:40:00,Sunday,Hawthorn,Melbourne,M.C.G.,T,17,12,114,13,14,92
3271,2009,9,2009-05-24 14:10:00,Sunday,St Kilda,Brisbane Lions,Docklands,D,14,13,97,13,3,81
3270,2009,9,2009-05-24 13:10:00,Sunday,Sydney,Port Adelaide,S.C.G.,D,18,15,123,10,8,68
3269,2009,9,2009-05-23 19:40:00,Saturday,Richmond,Essendon,M.C.G.,N,12,13,85,19,11,125
3268,2009,9,2009-05-23 19:40:00,Saturday,West Coast,Collingwood,Subiaco,T,9,12,66,12,16,88
3267,2009,9,2009-05-23 15:10:00,Saturday,Adelaide,Carlton,Football Park,D,15,14,104,8,12,60
3266,2009,9,2009-05-23 14:10:00,Saturday,North Melbourne,Fremantle,Docklands,D,14,14,98,12,13,85
3265,2009,9,2009-05-22 19:40:00,Friday,Geelong,Western Bulldogs,Docklands,N,17,14,116,17,12,114
3264,2009,8,2009-05-17 16:40:00,Sunday,St Kilda,Essendon,Docklands,T,13,12,90,10,11,71
3263,2009,8,2009-05-17 14:10:00,Sunday,Collingwood,Carlton,M.C.G.,D,7,11,53,16,8,104
3262,2009,8,2009-05-17 13:10:00,Sunday,Port Adelaide,Richmond,Football Park,D,14,18,102,15,9,99
3261,2009,8,2009-05-16 19:10:00,Saturday,Sydney,West Coast,Stadium Australia,N,16,10,106,15,11,101
3260,2009,8,2009-05-16 19:10:00,Saturday,Brisbane Lions,Adelaide,Gabba,N,18,11,119,12,11,83
3259,2009,8,2009-05-16 14:10:00,Saturday,Geelong,North Melbourne,Kardinia Park,D,18,11,119,7,7,49
3258,2009,8,2009-05-16 14:10:00,Saturday,Melbourne,Western Bulldogs,M.C.G.,D,15,7,97,15,14,104
3257,2009,8,2009-05-15 20:40:00,Friday,Fremantle,Hawthorn,Subiaco,N,9,11,65,13,9,87
3256,2009,7,2009-05-11 19:20:00,Monday,Collingwood,St Kilda,Docklands,N,5,10,40,20,8,128
3255,2009,7,2009-05-10 16:40:00,Sunday,West Coast,Melbourne,Subiaco,D,12,18,90,13,4,82
3254,2009,7,2009-05-10 13:10:00,Sunday,Adelaide,Western Bulldogs,Football Park,D,12,14,86,17,16,118
3253,2009,7,2009-05-09 19:10:00,Saturday,Carlton,Fremantle,Carrara,N,11,15,81,13,10,88
3252,2009,7,2009-05-09 19:10:00,Saturday,North Melbourne,Port Adelaide,Docklands,N,20,5,125,18,12,120
3251,2009,7,2009-05-09 14:10:00,Saturday,Richmond,Brisbane Lions,M.C.G.,D,10,11,71,15,7,97
3250,2009,7,2009-05-09 14:10:00,Saturday,Geelong,Sydney,Kardinia Park,D,17,14,116,10,5,65
3249,2009,7,2009-05-08 19:40:00,Friday,Essendon,Hawthorn,Docklands,N,17,14,116,10,12,72
3248,2009,6,2009-05-03 16:40:00,Sunday,Western Bulldogs,St Kilda,Docklands,T,11,10,76,14,20,104
3247,2009,6,2009-05-03 14:10:00,Sunday,Melbourne,Geelong,M.C.G.,D,10,8,68,15,21,111
3246,2009,6,2009-05-03 13:10:00,Sunday,Sydney,Richmond,S.C.G.,D,14,10,94,11,9,75
3245,2009,6,2009-05-02 19:40:00,Saturday,Port Adelaide,Adelaide,Football Park,N,15,15,105,12,7,79
3244,2009,6,2009-05-02 19:10:00,Saturday,Brisbane Lions,Essendon,Gabba,N,17,9,111,9,14,68
3243,2009,6,2009-05-02 16:10:00,Saturday,West Coast,Fremantle,Subiaco,D,9,20,74,13,9,87
3242,2009,6,2009-05-02 14:10:00,Saturday,Hawthorn,Carlton,M.C.G.,D,16,10,106,15,12,102
3241,2009,6,2009-05-01 19:40:00,Friday,North Melbourne,Collingwood,Docklands,N,11,9,75,19,13,127
3240,2009,5,2009-04-26 16:45:00,Sunday,Melbourne,Adelaide,M.C.G.,T,4,10,34,7,9,51
3239,2009,5,2009-04-26 14:15:00,Sunday,Western Bulldogs,Carlton,Docklands,D,13,12,90,21,7,133
3238,2009,5,2009-04-26 13:15:00,Sunday,Geelong,Brisbane Lions,Kardinia Park,D,18,18,126,5,3,33
3237,2009,5,2009-04-25 20:45:00,Saturday,Fremantle,Sydney,Subiaco,N,18,13,121,16,4,100
3236,2009,5,2009-04-25 19:15:00,Saturday,North Melbourne,Richmond,Docklands,N,7,16,58,13,16,94
3235,2009,5,2009-04-25 17:15:00,Saturday,Hawthorn,West Coast,York Park,T,11,8,74,7,14,56
3234,2009,5,2009-04-25 14:20:00,Saturday,Essendon,Collingwood,M.C.G.,D,13,15,93,12,16,88
3233,2009,5,2009-04-24 20:15:00,Friday,Port Adelaide,St Kilda,Football Park,N,5,6,36,15,12,102
3232,2009,4,2009-04-19 16:40:00,Sunday,West Coast,Western Bulldogs,Subiaco,D,17,14,116,12,11,83
3231,2009,4,2009-04-19 14:10:00,Sunday,Richmond,Melbourne,M.C.G.,D,13,14,92,14,16,100
3230,2009,4,2009-04-19 13:10:00,Sunday,North Melbourne,Essendon,Docklands,D,10,9,69,7,15,57
3229,2009,4,2009-04-18 19:40:00,Saturday,Adelaide,Geelong,Football Park,N,13,8,86,21,8,134
3228,2009,4,2009-04-18 19:10:00,Saturday,St Kilda,Fremantle,Docklands,N,17,9,111,4,4,28
3227,2009,4,2009-04-18 14:10:00,Saturday,Hawthorn,Port Adelaide,M.C.G.,D,12,13,85,17,13,115
3226,2009,4,2009-04-18 14:10:00,Saturday,Sydney,Carlton,S.C.G.,D,12,12,84,9,13,67
3225,2009,4,2009-04-17 19:40:00,Friday,Brisbane Lions,Collingwood,Gabba,N,10,13,73,13,12,90
3224,2009,3,2009-04-13 14:10:00,Monday,Western Bulldogs,Richmond,Docklands,D,16,14,110,8,15,63
3223,2009,3,2009-04-12 16:40:00,Sunday,Fremantle,Adelaide,Subiaco,D,11,14,80,15,14,104
3222,2009,3,2009-04-12 14:10:00,Sunday,North Melbourne,Hawthorn,Docklands,D,10,9,69,19,9,123
3221,2009,3,2009-04-12 13:10:00,Sunday,Port Adelaide,Melbourne,Football Park,D,22,15,147,14,6,90
3220,2009,3,2009-04-11 19:10:00,Saturday,Carlton,Essendon,M.C.G.,N,16,16,112,17,14,116
3219,2009,3,2009-04-11 19:10:00,Saturday,Brisbane Lions,Sydney,Gabba,N,15,10,100,9,13,67
3218,2009,3,2009-04-11 14:10:00,Saturday,St Kilda,West Coast,Docklands,D,25,11,161,9,10,64
3217,2009,3,2009-04-09 19:40:00,Thursday,Geelong,Collingwood,M.C.G.,N,18,14,122,13,17,95
3216,2009,2,2009-04-05 16:40:00,Sunday,West Coast,Port Adelaide,Subiaco,D,19,11,125,10,15,75
3215,2009,2,2009-04-05 14:10:00,Sunday,Western Bulldogs,North Melbourne,M.C.G.,D,11,14,80,9,11,65
3214,2009,2,2009-04-05 13:10:00,Sunday,Essendon,Fremantle,Docklands,D,16,13,109,10,11,71
3213,2009,2,2009-04-04 19:10:00,Saturday,Sydney,Hawthorn,Stadium Australia,N,22,11,143,15,15,105
3212,2009,2,2009-04-04 19:10:00,Saturday,Carlton,Brisbane Lions,Docklands,N,18,11,119,15,10,100
3211,2009,2,2009-04-04 14:10:00,Saturday,Collingwood,Melbourne,M.C.G.,D,17,15,117,10,4,64
3210,2009,2,2009-04-04 14:10:00,Saturday,Geelong,Richmond,Kardinia Park,D,15,15,105,13,7,85
3209,2009,2,2009-04-03 20:10:00,Friday,Adelaide,St Kilda,Football Park,N,10,9,69,15,11,101
3208,2009,1,2009-03-29 19:10:00,Sunday,Fremantle,Western Bulldogs,Subiaco,T,13,16,94,25,7,157
3207,2009,1,2009-03-29 15:10:00,Sunday,Port Adelaide,Essendon,Football Park,D,15,17,107,9,12,66
3206,2009,1,2009-03-29 13:10:00,Sunday,Melbourne,North Melbourne,M.C.G.,D,10,7,67,15,11,101
3205,2009,1,2009-03-28 19:10:00,Saturday,St Kilda,Sydney,Docklands,N,12,8,80,9,11,65
3204,2009,1,2009-03-28 19:10:00,Saturday,Brisbane Lions,West Coast,Gabba,N,14,11,95,13,8,86
3203,2009,1,2009-03-28 14:10:00,Saturday,Collingwood,Adelaide,M.C.G.,D,13,8,86,13,12,90
3202,2009,1,2009-03-27 19:40:00,Friday,Hawthorn,Geelong,M.C.G.,N,16,7,103,15,21,111
3201,2009,1,2009-03-26 19:40:00,Thursday,Richmond,Carlton,M.C.G.,N,9,13,67,23,12,150
3180,2004,GF,2004-09-25 14:30:00,Saturday,Port Adelaide,Brisbane Lions,M.C.G.,D,17,11,113,10,13,73
3179,2004,PF,2004-09-17 20:30:00,Friday,Port Adelaide,St Kilda,Football Park,N,14,10,94,13,10,88
3178,2004,PF,2004-09-18 19:30:00,Saturday,Brisbane Lions,Geelong,M.C.G.,N,12,12,84,10,15,75
3177,2004,SF,2004-09-10 19:30:00,Friday,St Kilda,Sydney,M.C.G.,N,16,11,107,8,8,56
3176,2004,SF,2004-09-11 19:30:00,Saturday,Geelong,Essendon,M.C.G.,N,10,14,74,9,10,64
3175,2004,EF,2004-09-04 19:30:00,Saturday,Sydney,West Coast,Stadium Australia,N,11,9,75,4,10,34
3174,2004,QF,2004-09-03 19:30:00,Friday,Brisbane Lions,St Kilda,Gabba,N,23,11,149,10,9,69
3173,2004,QF,2004-09-05 14:30:00,Sunday,Port Adelaide,Geelong,Football Park,D,18,9,117,9,8,62
3172,2004,EF,2004-09-04 14:30:00,Saturday,Melbourne,Essendon,M.C.G.,D,15,9,99,15,14,104
3171,2004,22,2004-08-27 19:40:00,Friday,Collingwood,Carlton,M.C.G.,N,16,11,107,17,6,108
3170,2004,22,2004-08-28 19:10:00,Saturday,Brisbane Lions,North Melbourne,Gabba,N,26,14,170,9,3,57
3169,2004,22,2004-08-28 19:10:00,Saturday,St Kilda,Fremantle,Docklands,N,17,10,112,12,11,83
3168,2004,22,2004-08-28 16:10:00,Saturday,West Coast,Melbourne,Subiaco,D,15,17,107,10,7,67
3167,2004,22,2004-08-29 14:10:00,Sunday,Essendon,Western Bulldogs,Docklands,D,17,11,113,14,12,96
3166,2004,22,2004-08-28 14:10:00,Saturday,Richmond,Sydney,M.C.G.,D,6,8,44,16,12,108
3165,2004,22,2004-08-29 14:10:00,Sunday,Geelong,Hawthorn,Kardinia Park,D,17,21,123,9,4,58
3164,2004,22,2004-08-29 13:10:00,Sunday,Adelaide,Port Adelaide,Football Park,D,9,6,60,12,13,85
3163,2004,21,2004-08-20 19:40:00,Friday,Collingwood,Port Adelaide,M.C.G.,N,9,16,70,16,11,107
3162,2004,21,2004-08-21 19:20:00,Saturday,Sydney,Essendon,Stadium Australia,N,17,8,110,12,18,90
3161,2004,21,2004-08-21 19:10:00,Saturday,Western Bulldogs,North Melbourne,Docklands,N,21,10,136,15,16,106
3160,2004,21,2004-08-22 16:10:00,Sunday,Fremantle,West Coast,Subiaco,D,6,9,45,13,15,93
3159,2004,21,2004-08-21 14:40:00,Saturday,Adelaide,Geelong,Football Park,D,15,19,109,12,15,87
3158,2004,21,2004-08-22 14:10:00,Sunday,Hawthorn,Richmond,M.C.G.,D,16,13,109,13,8,86
3157,2004,21,2004-08-21 14:10:00,Saturday,Carlton,Melbourne,Princes Park,D,14,9,93,8,14,62
3156,2004,21,2004-08-22 13:10:00,Sunday,Brisbane Lions,St Kilda,Gabba,D,20,10,130,13,7,85
3155,2004,20,2004-08-14 20:10:00,Saturday,Western Bulldogs,Port Adelaide,Marrara Oval,N,9,7,61,23,9,147
3154,2004,20,2004-08-13 19:40:00,Friday,Essendon,Collingwood,M.C.G.,N,18,13,121,13,9,87
3153,2004,20,2004-08-14 19:10:00,Saturday,Melbourne,Sydney,Docklands,N,7,4,46,10,7,67
3152,2004,20,2004-08-15 16:10:00,Sunday,West Coast,Carlton,Subiaco,D,15,21,111,6,13,49
3151,2004,20,2004-08-15 14:10:00,Sunday,North Melbourne,St Kilda,Docklands,D,15,6,96,23,9,147
3150,2004,20,2004-08-14 14:10:00,Saturday,Geelong,Fremantle,Kardinia Park,D,9,21,75,3,7,25
3149,2004,20,2004-08-14 14:10:00,Saturday,Hawthorn,Brisbane Lions,M.C.G.,D,6,7,43,8,18,66
3148,2004,20,2004-08-15 13:10:00,Sunday,Adelaide,Richmond,Football Park,D,21,12,138,13,8,86
3147,2004,19,2004-08-06 20:40:00,Friday,Fremantle,Collingwood,Subiaco,N,11,7,73,14,22,106
3146,2004,19,2004-08-07 19:10:00,Saturday,Sydney,North Melbourne,S.C.G.,N,18,4,112,17,16,118
3145,2004,19,2004-08-07 19:10:00,Saturday,Western Bulldogs,Hawthorn,Docklands,N,16,13,109,19,6,120
3144,2004,19,2004-08-08 15:10:00,Sunday,Port Adelaide,Melbourne,Football Park,D,18,17,125,6,16,52
3143,2004,19,2004-08-08 14:10:00,Sunday,Richmond,Geelong,M.C.G.,D,11,17,83,16,18,114
3142,2004,19,2004-08-07 14:10:00,Saturday,Essendon,Carlton,M.C.G.,D,8,9,57,10,14,74
3141,2004,19,2004-08-08 13:10:00,Sunday,Brisbane Lions,West Coast,Gabba,D,10,13,73,12,15,87
3140,2004,19,2004-08-07 13:10:00,Saturday,St Kilda,Adelaide,York Park,D,14,7,91,10,8,68
3139,2004,18,2004-07-30 20:40:00,Friday,Adelaide,North Melbourne,Football Park,N,5,19,49,5,12,42
3138,2004,18,2004-07-31 19:10:00,Saturday,Essendon,Port Adelaide,Docklands,N,18,11,119,11,13,79
3137,2004,18,2004-07-31 19:10:00,Saturday,Sydney,Brisbane Lions,S.C.G.,N,12,11,83,7,9,51
3136,2004,18,2004-08-01 16:10:00,Sunday,West Coast,Western Bulldogs,Subiaco,D,15,16,106,8,9,57
3135,2004,18,2004-07-31 14:10:00,Saturday,Collingwood,Richmond,M.C.G.,D,15,13,103,14,14,98
3134,2004,18,2004-08-01 14:10:00,Sunday,Melbourne,Hawthorn,M.C.G.,D,15,17,107,9,9,63
3133,2004,18,2004-07-31 14:10:00,Saturday,Carlton,Fremantle,Princes Park,D,9,9,63,16,15,111
3132,2004,18,2004-08-01 13:10:00,Sunday,Geelong,St Kilda,Kardinia Park,D,15,11,101,15,4,94
3131,2004,17,2004-07-23 19:40:00,Friday,St Kilda,Essendon,Docklands,N,20,7,127,14,8,92
3130,2004,17,2004-07-24 19:10:00,Saturday,Western Bulldogs,Collingwood,Docklands,N,8,18,66,17,13,115
3129,2004,17,2004-07-24 19:10:00,Saturday,Brisbane Lions,Adelaide,Gabba,N,29,15,189,6,12,48
3128,2004,17,2004-07-24 16:10:00,Saturday,Fremantle,Sydney,Subiaco,D,18,10,118,14,7,91
3127,2004,17,2004-07-25 14:10:00,Sunday,Richmond,Melbourne,M.C.G.,D,10,10,70,19,12,126
3126,2004,17,2004-07-24 14:10:00,Saturday,North Melbourne,Hawthorn,M.C.G.,D,22,11,143,9,9,63
3125,2004,17,2004-07-25 14:10:00,Sunday,Geelong,Carlton,Docklands,D,18,23,131,11,8,74
3124,2004,17,2004-07-25 13:10:00,Sunday,Port Adelaide,West Coast,Football Park,D,16,6,102,9,22,76
3123,2004,16,2004-07-16 20:40:00,Friday,West Coast,Essendon,Subiaco,N,18,9,117,10,13,73
3122,2004,16,2004-07-17 19:40:00,Saturday,Adelaide,Fremantle,Football Park,N,12,8,80,14,8,92
3121,2004,16,2004-07-17 19:10:00,Saturday,Collingwood,Brisbane Lions,M.C.G.,N,11,7,73,16,13,109
3120,2004,16,2004-07-18 14:10:00,Sunday,Melbourne,Western Bulldogs,Docklands,D,12,21,93,7,13,55
3119,2004,16,2004-07-17 14:10:00,Saturday,Richmond,St Kilda,Docklands,D,9,7,61,16,9,105
3118,2004,16,2004-07-18 14:10:00,Sunday,Hawthorn,Port Adelaide,M.C.G.,D,7,11,53,15,15,105
3117,2004,16,2004-07-17 14:10:00,Saturday,Carlton,North Melbourne,Princes Park,D,9,16,70,9,8,62
3116,2004,16,2004-07-18 13:10:00,Sunday,Geelong,Sydney,Kardinia Park,D,11,11,77,9,8,62
3115,2004,15,2004-07-10 19:40:00,Saturday,Fremantle,North Melbourne,Subiaco,T,12,7,79,14,12,96
3114,2004,15,2004-07-09 19:40:00,Friday,Collingwood,Geelong,Docklands,N,9,11,65,12,22,94
3113,2004,15,2004-07-10 19:10:00,Saturday,Sydney,Adelaide,S.C.G.,N,8,10,58,6,9,45
3112,2004,15,2004-07-11 15:10:00,Sunday,Port Adelaide,Carlton,Football Park,D,18,15,123,5,10,40
3111,2004,15,2004-07-11 14:10:00,Sunday,Melbourne,St Kilda,M.C.G.,D,23,8,146,13,11,89
3110,2004,15,2004-07-10 14:10:00,Saturday,Richmond,Essendon,M.C.G.,D,11,11,77,24,11,155
3109,2004,15,2004-07-10 13:10:00,Saturday,Hawthorn,West Coast,York Park,D,12,10,82,12,14,86
3108,2004,15,2004-07-11 13:10:00,Sunday,Brisbane Lions,Western Bulldogs,Gabba,D,20,16,136,10,8,68
3107,2004,14,2004-07-03 19:40:00,Saturday,Brisbane Lions,Richmond,Gabba,N,17,12,114,14,12,96
3106,2004,14,2004-07-02 19:40:00,Friday,Essendon,North Melbourne,Docklands,N,12,7,79,14,16,100
3105,2004,14,2004-07-03 19:40:00,Saturday,West Coast,Geelong,Subiaco,T,7,9,51,7,7,49
3104,2004,14,2004-07-04 15:10:00,Sunday,Adelaide,Melbourne,Football Park,D,22,13,145,10,13,73
3103,2004,14,2004-07-03 14:10:00,Saturday,Carlton,Sydney,Princes Park,D,12,12,84,15,5,95
3102,2004,14,2004-07-03 14:10:00,Saturday,Collingwood,Hawthorn,M.C.G.,D,20,20,140,11,9,75
3101,2004,14,2004-07-04 14:10:00,Sunday,Western Bulldogs,Fremantle,Docklands,D,10,16,76,18,9,117
3100,2004,14,2004-07-04 13:10:00,Sunday,St Kilda,Port Adelaide,York Park,D,7,5,47,14,9,93
3099,2004,13,2004-06-19 20:40:00,Saturday,Fremantle,Port Adelaide,Subiaco,N,16,6,102,17,10,112
3098,2004,13,2004-06-18 19:40:00,Friday,St Kilda,Hawthorn,Docklands,N,19,13,127,9,7,61
3097,2004,13,2004-06-26 19:20:00,Saturday,Sydney,Collingwood,Stadium Australia,N,13,7,85,11,13,79
3096,2004,13,2004-06-19 19:10:00,Saturday,Richmond,Carlton,Docklands,N,14,9,93,18,16,124
3095,2004,13,2004-06-20 15:10:00,Sunday,Adelaide,Western Bulldogs,Football Park,D,20,13,133,15,11,101
3094,2004,13,2004-06-20 14:10:00,Sunday,Essendon,Melbourne,M.C.G.,D,10,9,69,13,17,95
3093,2004,13,2004-06-19 14:10:00,Saturday,Geelong,Brisbane Lions,Kardinia Park,D,13,14,92,9,11,65
3092,2004,13,2004-06-20 13:10:00,Sunday,North Melbourne,West Coast,Manuka Oval,D,16,12,108,11,9,75
3091,2004,12,2004-06-12 20:40:00,Saturday,West Coast,Adelaide,Subiaco,N,15,18,108,11,10,76
3090,2004,12,2004-06-11 19:40:00,Friday,Carlton,Hawthorn,Docklands,N,15,10,100,14,4,88
3089,2004,12,2004-06-12 19:10:00,Saturday,Essendon,Brisbane Lions,Docklands,N,14,12,96,25,12,162
3088,2004,12,2004-06-12 14:10:00,Saturday,Western Bulldogs,St Kilda,M.C.G.,D,15,13,103,11,14,80
3087,2004,12,2004-06-13 14:10:00,Sunday,Geelong,North Melbourne,Kardinia Park,D,14,10,94,12,12,84
3086,2004,12,2004-06-13 14:10:00,Sunday,Richmond,Fremantle,M.C.G.,D,10,11,71,12,9,81
3085,2004,12,2004-06-14 14:10:00,Monday,Melbourne,Collingwood,M.C.G.,D,12,10,82,11,7,73
3084,2004,12,2004-06-12 13:10:00,Saturday,Port Adelaide,Sydney,Football Park,D,20,12,132,8,12,60
3083,2004,11,2004-06-04 19:40:00,Friday,Collingwood,West Coast,Docklands,N,14,9,93,11,9,75
3082,2004,11,2004-06-05 19:40:00,Saturday,Brisbane Lions,Port Adelaide,Gabba,N,18,15,123,12,14,86
3081,2004,11,2004-06-05 19:10:00,Saturday,North Melbourne,Richmond,Docklands,N,24,10,154,12,8,80
3080,2004,11,2004-06-06 16:10:00,Sunday,Fremantle,Melbourne,Subiaco,D,9,8,62,13,15,93
3079,2004,11,2004-06-05 14:40:00,Saturday,Adelaide,Carlton,Football Park,D,12,15,87,14,7,91
3078,2004,11,2004-06-06 14:10:00,Sunday,Western Bulldogs,Geelong,Docklands,D,10,7,67,17,11,113
3077,2004,11,2004-06-05 14:10:00,Saturday,Hawthorn,Essendon,M.C.G.,D,12,8,80,24,10,154
3076,2004,11,2004-06-06 13:10:00,Sunday,Sydney,St Kilda,S.C.G.,D,17,10,112,11,10,76
3075,2004,10,2004-05-28 19:40:00,Friday,Essendon,Fremantle,Docklands,N,17,13,115,12,13,85
3074,2004,10,2004-05-29 19:10:00,Saturday,Western Bulldogs,Sydney,S.C.G.,N,10,7,67,12,21,93
3073,2004,10,2004-05-29 19:10:00,Saturday,North Melbourne,Collingwood,Docklands,N,9,11,65,13,14,92
3072,2004,10,2004-05-29 16:10:00,Saturday,West Coast,Richmond,Subiaco,D,14,16,100,9,9,63
3071,2004,10,2004-05-30 14:40:00,Sunday,Port Adelaide,Geelong,Football Park,D,18,8,116,17,10,112
3070,2004,10,2004-05-30 14:10:00,Sunday,Carlton,St Kilda,Docklands,D,13,10,88,31,10,196
3069,2004,10,2004-05-29 14:10:00,Saturday,Hawthorn,Adelaide,M.C.G.,D,6,11,47,20,13,133
3068,2004,10,2004-05-30 13:10:00,Sunday,Melbourne,Brisbane Lions,Gabba,D,12,11,83,18,15,123
3067,2004,9,2004-05-22 19:40:00,Saturday,Port Adelaide,Richmond,Football Park,N,19,14,128,7,8,50
3066,2004,9,2004-05-21 19:40:00,Friday,Collingwood,Adelaide,Docklands,N,9,14,68,9,11,65
3065,2004,9,2004-05-22 19:10:00,Saturday,Geelong,Essendon,Docklands,N,18,12,120,14,13,97
3064,2004,9,2004-05-22 16:10:00,Saturday,Fremantle,Brisbane Lions,Subiaco,D,20,17,137,11,12,78
3063,2004,9,2004-05-23 14:10:00,Sunday,St Kilda,West Coast,Docklands,D,26,13,169,9,14,68
3062,2004,9,2004-05-23 14:10:00,Sunday,Carlton,Western Bulldogs,Princes Park,D,12,7,79,16,8,104
3061,2004,9,2004-05-22 14:10:00,Saturday,Melbourne,North Melbourne,M.C.G.,D,13,18,96,11,12,78
3060,2004,9,2004-05-23 13:10:00,Sunday,Sydney,Hawthorn,S.C.G.,D,11,14,80,12,7,79
3059,2004,8,2004-05-14 20:40:00,Friday,Adelaide,Essendon,Football Park,N,12,12,84,20,15,135
3058,2004,8,2004-05-15 19:10:00,Saturday,St Kilda,Collingwood,Docklands,N,21,12,138,13,13,91
3057,2004,8,2004-05-15 19:10:00,Saturday,Brisbane Lions,Carlton,Gabba,N,21,14,140,16,6,102
3056,2004,8,2004-05-15 16:10:00,Saturday,West Coast,Sydney,Subiaco,D,18,16,124,15,7,97
3055,2004,8,2004-05-15 14:10:00,Saturday,Richmond,Western Bulldogs,M.C.G.,D,15,15,105,10,22,82
3054,2004,8,2004-05-16 14:10:00,Sunday,North Melbourne,Port Adelaide,Docklands,D,21,14,140,7,6,48
3053,2004,8,2004-05-16 14:10:00,Sunday,Geelong,Melbourne,Kardinia Park,D,15,11,101,12,15,87
3052,2004,8,2004-05-16 13:10:00,Sunday,Hawthorn,Fremantle,York Park,D,10,10,70,8,13,61
3051,2004,7,2004-05-07 19:40:00,Friday,Western Bulldogs,Essendon,Docklands,N,14,11,95,18,13,121
3050,2004,7,2004-05-08 19:40:00,Saturday,Port Adelaide,Adelaide,Football Park,N,13,9,87,17,17,119
3049,2004,7,2004-05-08 19:10:00,Saturday,North Melbourne,Brisbane Lions,Docklands,N,11,10,76,18,12,120
3048,2004,7,2004-05-09 17:10:00,Sunday,Hawthorn,Geelong,Docklands,T,8,4,52,15,18,108
3047,2004,7,2004-05-08 16:10:00,Saturday,Fremantle,St Kilda,Subiaco,D,11,6,72,14,11,95
3046,2004,7,2004-05-09 14:10:00,Sunday,Melbourne,West Coast,M.C.G.,D,18,14,122,11,7,73
3045,2004,7,2004-05-08 14:10:00,Saturday,Carlton,Collingwood,M.C.G.,D,13,11,89,11,14,80
3044,2004,7,2004-05-09 13:10:00,Sunday,Sydney,Richmond,S.C.G.,D,8,6,54,10,7,67
3043,2004,6,2004-05-01 20:40:00,Saturday,West Coast,Fremantle,Subiaco,N,11,7,73,12,11,83
3042,2004,6,2004-04-30 19:40:00,Friday,Richmond,Hawthorn,Docklands,N,12,12,84,13,5,83
3041,2004,6,2004-05-01 19:10:00,Saturday,St Kilda,Brisbane Lions,Docklands,N,13,14,92,14,7,91
3040,2004,6,2004-05-02 16:10:00,Sunday,Port Adelaide,Collingwood,Football Park,T,14,17,101,12,12,84
3039,2004,6,2004-05-01 14:10:00,Saturday,North Melbourne,Western Bulldogs,Manuka Oval,D,18,11,119,19,6,120
3038,2004,6,2004-05-01 14:10:00,Saturday,Essendon,Sydney,M.C.G.,D,16,12,108,15,8,98
3037,2004,6,2004-05-02 14:10:00,Sunday,Melbourne,Carlton,M.C.G.,D,25,10,160,8,7,55
3036,2004,6,2004-05-02 13:10:00,Sunday,Geelong,Adelaide,Kardinia Park,D,15,11,101,8,10,58
3035,2004,5,2004-04-24 19:40:00,Saturday,Brisbane Lions,Hawthorn,Gabba,N,14,26,110,9,8,62
3034,2004,5,2004-04-23 19:40:00,Friday,Richmond,Adelaide,Docklands,N,9,5,59,21,8,134
3033,2004,5,2004-04-24 19:10:00,Saturday,Sydney,Melbourne,Stadium Australia,N,15,9,99,17,9,111
3032,2004,5,2004-04-25 16:15:00,Sunday,Fremantle,Geelong,Subiaco,D,18,9,117,14,7,91
3031,2004,5,2004-04-25 15:15:00,Sunday,Port Adelaide,Western Bulldogs,Football Park,D,17,17,119,7,22,64
3030,2004,5,2004-04-24 14:10:00,Saturday,Carlton,West Coast,Princes Park,D,14,8,92,6,7,43
3029,2004,5,2004-04-24 14:10:00,Saturday,St Kilda,North Melbourne,Docklands,D,20,10,130,8,17,65
3028,2004,5,2004-04-25 13:15:00,Sunday,Collingwood,Essendon,M.C.G.,D,11,13,79,17,10,112
3027,2004,4,2004-04-17 19:40:00,Saturday,Adelaide,St Kilda,Football Park,N,15,8,98,18,5,113
3026,2004,4,2004-04-16 19:40:00,Friday,Carlton,Essendon,M.C.G.,N,12,8,80,17,15,117
3025,2004,4,2004-04-17 19:10:00,Saturday,Geelong,Richmond,Docklands,N,19,13,127,11,12,78
3024,2004,4,2004-04-17 15:40:00,Saturday,West Coast,Brisbane Lions,Subiaco,D,12,7,79,10,16,76
3023,2004,4,2004-04-18 14:10:00,Sunday,Hawthorn,Western Bulldogs,M.C.G.,D,14,13,97,16,13,109
3022,2004,4,2004-04-17 14:10:00,Saturday,Melbourne,Port Adelaide,M.C.G.,D,18,16,124,10,11,71
3021,2004,4,2004-04-18 14:10:00,Sunday,Collingwood,Fremantle,Docklands,D,7,12,54,12,16,88
3020,2004,4,2004-04-18 13:10:00,Sunday,North Melbourne,Sydney,Manuka Oval,D,10,10,70,18,13,121
3019,2004,3,2004-04-08 19:40:00,Thursday,Brisbane Lions,Collingwood,Gabba,N,21,11,137,12,5,77
3018,2004,3,2004-04-10 19:10:00,Saturday,Essendon,West Coast,Docklands,N,22,5,137,20,11,131
3017,2004,3,2004-04-10 19:10:00,Saturday,Sydney,Geelong,S.C.G.,N,10,13,73,10,7,67
3016,2004,3,2004-04-11 15:40:00,Sunday,Fremantle,Adelaide,Subiaco,D,10,13,73,8,16,64
3015,2004,3,2004-04-12 14:10:00,Monday,St Kilda,Richmond,Docklands,D,16,18,114,10,9,69
3014,2004,3,2004-04-11 14:10:00,Sunday,Western Bulldogs,Melbourne,M.C.G.,D,12,15,87,12,25,97
3013,2004,3,2004-04-10 14:10:00,Saturday,North Melbourne,Carlton,M.C.G.,D,17,9,111,16,10,106
3012,2004,3,2004-04-11 13:10:00,Sunday,Port Adelaide,Hawthorn,Football Park,D,26,15,171,13,12,90
3011,2004,2,2004-04-03 20:40:00,Saturday,West Coast,Port Adelaide,Subiaco,N,17,13,115,18,10,118
3010,2004,2,2004-04-02 19:40:00,Friday,Melbourne,Richmond,M.C.G.,N,20,15,135,12,4,76
3009,2004,2,2004-04-03 19:10:00,Saturday,Essendon,St Kilda,Docklands,N,8,12,60,13,16,94
3008,2004,2,2004-04-03 14:40:00,Saturday,Adelaide,Brisbane Lions,Football Park,D,11,17,83,15,14,104
3007,2004,2,2004-04-03 14:10:00,Saturday,Collingwood,Western Bulldogs,M.C.G.,D,15,16,106,13,19,97
3006,2004,2,2004-04-04 14:10:00,Sunday,Hawthorn,North Melbourne,M.C.G.,D,11,8,74,15,13,103
3005,2004,2,2004-04-04 14:10:00,Sunday,Carlton,Geelong,Princes Park,D,16,8,104,6,14,50
3004,2004,2,2004-04-04 13:10:00,Sunday,Sydney,Fremantle,S.C.G.,D,15,12,102,10,11,71
3003,2004,1,2004-03-26 19:45:00,Friday,Richmond,Collingwood,M.C.G.,N,14,13,97,8,9,57
3002,2004,1,2004-03-27 19:15:00,Saturday,Brisbane Lions,Sydney,Gabba,N,11,14,80,11,12,78
3001,2004,1,2004-03-27 19:15:00,Saturday,St Kilda,Geelong,Docklands,N,19,8,122,9,7,61
3000,2004,1,2004-03-27 15:45:00,Saturday,Fremantle,Carlton,Subiaco,D,15,17,107,8,12,60
2999,2004,1,2004-03-28 14:15:00,Sunday,Western Bulldogs,West Coast,Docklands,D,20,17,137,22,12,144
2998,2004,1,2004-03-27 14:15:00,Saturday,Hawthorn,Melbourne,M.C.G.,D,17,17,119,10,10,70
2997,2004,1,2004-03-28 14:15:00,Sunday,North Melbourne,Adelaide,M.C.G.,D,23,11,149,10,14,74
2996,2004,1,2004-03-28 13:15:00,Sunday,Port Adelaide,Essendon,Football Park,D,23,20,158,8,14,62
2995,2003,GF,2003-09-27 14:30:00,Saturday,Brisbane Lions,Collingwood,M.C.G.,D,20,14,134,12,12,84
2994,2003,PF,2003-09-20 19:30:00,Saturday,Sydney,Brisbane Lions,Stadium Australia,N,8,8,56,14,16,100
2993,2003,PF,2003-09-20 14:30:00,Saturday,Collingwood,Port Adelaide,M.C.G.,D,17,10,112,9,14,68
2992,2003,SF,2003-09-13 20:00:00,Saturday,Port Adelaide,Essendon,Football Park,N,12,11,83,6,8,44
2991,2003,SF,2003-09-12 19:30:00,Friday,Brisbane Lions,Adelaide,Gabba,N,18,16,124,12,10,82
2990,2003,EF,2003-09-05 20:40:00,Friday,Fremantle,Essendon,Subiaco,N,8,9,57,15,11,101
2989,2003,QF,2003-09-06 19:30:00,Saturday,Collingwood,Brisbane Lions,M.C.G.,N,9,12,66,7,9,51
2988,2003,EF,2003-09-06 15:00:00,Saturday,Adelaide,West Coast,Football Park,D,16,17,113,8,9,57
2987,2003,QF,2003-09-07 15:00:00,Sunday,Port Adelaide,Sydney,Football Park,D,13,10,88,15,10,100
2986,2003,22,2003-08-30 20:40:00,Saturday,West Coast,Fremantle,Subiaco,N,11,16,82,14,12,96
2985,2003,22,2003-08-29 19:40:00,Friday,Collingwood,Essendon,M.C.G.,N,12,11,83,9,13,67
2984,2003,22,2003-08-30 19:10:00,Saturday,Western Bulldogs,Brisbane Lions,Docklands,N,13,8,86,26,14,170
2983,2003,22,2003-08-31 14:15:00,Sunday,Richmond,Hawthorn,M.C.G.,D,11,8,74,11,12,78
2982,2003,22,2003-08-30 14:10:00,Saturday,Melbourne,Sydney,M.C.G.,D,9,6,60,14,10,94
2981,2003,22,2003-08-30 14:10:00,Saturday,Geelong,St Kilda,Kardinia Park,D,12,12,84,9,11,65
2980,2003,22,2003-08-31 14:10:00,Sunday,Carlton,North Melbourne,Docklands,D,9,9,63,28,19,187
2979,2003,22,2003-08-31 13:10:00,Sunday,Port Adelaide,Adelaide,Football Park,D,14,10,94,12,6,78
2978,2003,21,2003-08-22 19:40:00,Friday,Hawthorn,Carlton,M.C.G.,N,20,18,138,10,4,64
2977,2003,21,2003-08-23 19:20:00,Saturday,Sydney,Collingwood,Stadium Australia,N,12,9,81,14,15,99
2976,2003,21,2003-08-23 19:10:00,Saturday,Brisbane Lions,Geelong,Gabba,N,19,9,123,13,8,86
2975,2003,21,2003-08-24 15:40:00,Sunday,West Coast,Melbourne,Subiaco,D,21,17,143,14,7,91
2974,2003,21,2003-08-23 14:40:00,Saturday,Adelaide,North Melbourne,Football Park,D,10,4,64,9,20,74
2973,2003,21,2003-08-24 14:10:00,Sunday,Richmond,Port Adelaide,Docklands,D,16,8,104,18,16,124
2972,2003,21,2003-08-23 14:10:00,Saturday,Essendon,Fremantle,Docklands,D,20,13,133,11,7,73
2971,2003,21,2003-08-24 13:10:00,Sunday,St Kilda,Western Bulldogs,York Park,D,13,17,95,3,12,30
2970,2003,20,2003-08-16 19:40:00,Saturday,Port Adelaide,Melbourne,Football Park,N,17,10,112,15,8,98
2969,2003,20,2003-08-15 19:40:00,Friday,Collingwood,Adelaide,Docklands,N,15,18,108,11,5,71
2968,2003,20,2003-08-16 19:10:00,Saturday,North Melbourne,Hawthorn,Docklands,N,14,12,96,16,14,110
2967,2003,20,2003-08-17 15:40:00,Sunday,Fremantle,Western Bulldogs,Subiaco,D,18,25,133,12,5,77
2966,2003,20,2003-08-16 14:10:00,Saturday,Geelong,West Coast,Kardinia Park,D,9,9,63,9,9,63
2965,2003,20,2003-08-16 14:10:00,Saturday,Carlton,St Kilda,Princes Park,D,11,9,75,26,10,166
2964,2003,20,2003-08-17 14:10:00,Sunday,Essendon,Richmond,M.C.G.,D,13,14,92,7,11,53
2963,2003,20,2003-08-17 13:10:00,Sunday,Brisbane Lions,Sydney,Gabba,D,10,16,76,14,6,90
2962,2003,19,2003-08-08 19:40:00,Friday,Melbourne,Geelong,M.C.G.,N,6,9,45,11,18,84
2961,2003,19,2003-08-09 19:10:00,Saturday,Richmond,St Kilda,Docklands,N,7,8,50,20,10,130
2960,2003,19,2003-08-09 19:10:00,Saturday,Sydney,Hawthorn,S.C.G.,N,14,9,93,17,8,110
2959,2003,19,2003-08-09 15:40:00,Saturday,West Coast,Adelaide,Subiaco,D,10,7,67,13,13,91
2958,2003,19,2003-08-10 14:10:00,Sunday,Essendon,Western Bulldogs,Docklands,D,22,15,147,12,8,80
2957,2003,19,2003-08-10 14:10:00,Sunday,North Melbourne,Fremantle,M.C.G.,D,15,8,98,15,9,99
2956,2003,19,2003-08-09 14:10:00,Saturday,Collingwood,Brisbane Lions,M.C.G.,D,8,14,62,15,11,101
2955,2003,19,2003-08-10 13:10:00,Sunday,Port Adelaide,Carlton,Football Park,D,18,17,125,12,9,81
2954,2003,18,2003-08-01 19:40:00,Friday,Western Bulldogs,Melbourne,Docklands,N,14,17,101,12,8,80
2953,2003,18,2003-08-02 19:10:00,Saturday,Brisbane Lions,North Melbourne,Gabba,N,20,17,137,11,17,83
2952,2003,18,2003-08-02 19:10:00,Saturday,Geelong,Collingwood,Docklands,N,10,13,73,14,13,97
2951,2003,18,2003-08-02 15:40:00,Saturday,Fremantle,Richmond,Subiaco,D,15,14,104,11,15,81
2950,2003,18,2003-08-03 14:10:00,Sunday,St Kilda,West Coast,Docklands,D,19,14,128,9,13,67
2949,2003,18,2003-08-03 14:10:00,Sunday,Hawthorn,Port Adelaide,M.C.G.,D,11,14,80,12,12,84
2948,2003,18,2003-08-02 14:10:00,Saturday,Carlton,Essendon,M.C.G.,D,7,14,56,13,12,90
2947,2003,18,2003-08-03 13:10:00,Sunday,Adelaide,Sydney,Football Park,D,14,13,97,14,9,93
2946,2003,17,2003-07-25 20:40:00,Friday,West Coast,Hawthorn,Subiaco,N,14,14,98,5,12,42
2945,2003,17,2003-07-26 19:10:00,Saturday,Western Bulldogs,Richmond,Docklands,N,14,11,95,24,11,155
2944,2003,17,2003-07-26 19:10:00,Saturday,Brisbane Lions,Port Adelaide,Gabba,N,15,13,103,15,14,104
2943,2003,17,2003-07-27 14:40:00,Sunday,Adelaide,St Kilda,Football Park,D,22,11,143,13,8,86
2942,2003,17,2003-07-26 14:10:00,Saturday,Melbourne,Essendon,M.C.G.,D,10,11,71,13,10,88
2941,2003,17,2003-07-27 14:10:00,Sunday,Collingwood,Carlton,M.C.G.,D,20,15,135,8,14,62
2940,2003,17,2003-07-26 13:10:00,Saturday,North Melbourne,Geelong,Manuka Oval,D,16,8,104,12,14,86
2939,2003,17,2003-07-27 13:10:00,Sunday,Sydney,Fremantle,S.C.G.,D,17,9,111,14,13,97
2938,2003,16,2003-07-19 19:40:00,Saturday,Port Adelaide,West Coast,Football Park,N,17,12,114,7,8,50
2937,2003,16,2003-07-18 19:40:00,Friday,Richmond,Collingwood,M.C.G.,N,9,8,62,20,11,131
2936,2003,16,2003-07-19 19:10:00,Saturday,Essendon,Brisbane Lions,Docklands,N,14,10,94,12,14,86
2935,2003,16,2003-07-20 15:40:00,Sunday,Fremantle,Adelaide,Subiaco,D,13,13,91,13,12,90
2934,2003,16,2003-07-19 14:10:00,Saturday,Carlton,Sydney,Princes Park,D,12,12,84,18,7,115
2933,2003,16,2003-07-20 14:10:00,Sunday,St Kilda,North Melbourne,Docklands,D,21,6,132,19,13,127
2932,2003,16,2003-07-19 14:10:00,Saturday,Hawthorn,Melbourne,M.C.G.,D,17,11,113,15,16,106
2931,2003,16,2003-07-20 13:10:00,Sunday,Geelong,Western Bulldogs,Kardinia Park,D,11,15,81,15,9,99
2930,2003,15,2003-07-12 21:10:00,Saturday,West Coast,Carlton,Subiaco,N,28,19,187,10,11,71
2929,2003,15,2003-07-11 20:40:00,Friday,Adelaide,Essendon,Football Park,N,13,12,90,7,7,49
2928,2003,15,2003-07-12 19:10:00,Saturday,Sydney,St Kilda,S.C.G.,N,15,22,112,9,7,61
2927,2003,15,2003-07-13 14:10:00,Sunday,Western Bulldogs,Port Adelaide,Docklands,D,14,9,93,15,18,108
2926,2003,15,2003-07-13 14:10:00,Sunday,North Melbourne,Melbourne,M.C.G.,D,15,11,101,14,10,94
2925,2003,15,2003-07-12 14:10:00,Saturday,Richmond,Geelong,Docklands,D,15,7,97,15,11,101
2924,2003,15,2003-07-12 14:10:00,Saturday,Collingwood,Fremantle,M.C.G.,D,15,9,99,7,16,58
2923,2003,15,2003-07-13 13:10:00,Sunday,Brisbane Lions,Hawthorn,Gabba,D,14,9,93,11,15,81
2922,2003,14,2003-07-05 19:40:00,Saturday,Adelaide,Richmond,Football Park,N,10,12,72,6,8,44
2921,2003,14,2003-07-04 19:40:00,Friday,St Kilda,Essendon,Docklands,N,7,9,51,17,17,119
2920,2003,14,2003-07-05 19:10:00,Saturday,North Melbourne,Collingwood,Docklands,N,7,8,50,19,12,126
2919,2003,14,2003-07-05 15:40:00,Saturday,Fremantle,Brisbane Lions,Subiaco,D,10,15,75,10,12,72
2918,2003,14,2003-07-05 14:10:00,Saturday,Hawthorn,Western Bulldogs,M.C.G.,D,23,16,154,12,11,83
2917,2003,14,2003-07-06 14:10:00,Sunday,Geelong,Port Adelaide,Kardinia Park,D,10,10,70,10,9,69
2916,2003,14,2003-07-06 14:10:00,Sunday,Carlton,Melbourne,Princes Park,D,14,6,90,14,13,97
2915,2003,14,2003-07-06 13:10:00,Sunday,Sydney,West Coast,S.C.G.,D,13,14,92,12,12,84
2914,2003,13,2003-06-27 19:40:00,Friday,Essendon,Geelong,Docklands,N,20,9,129,15,3,93
2913,2003,13,2003-06-28 19:10:00,Saturday,Brisbane Lions,Richmond,Gabba,N,15,14,104,9,7,61
2912,2003,13,2003-06-28 19:10:00,Saturday,Western Bulldogs,Collingwood,Docklands,N,12,13,85,18,20,128
2911,2003,13,2003-06-29 15:40:00,Sunday,West Coast,North Melbourne,Subiaco,D,11,10,76,10,7,67
2910,2003,13,2003-06-28 15:10:00,Saturday,Port Adelaide,Sydney,Football Park,D,14,15,99,8,12,60
2909,2003,13,2003-06-28 14:10:00,Saturday,Melbourne,St Kilda,M.C.G.,D,21,10,136,14,10,94
2908,2003,13,2003-06-29 14:10:00,Sunday,Carlton,Adelaide,Princes Park,D,7,8,50,13,14,92
2907,2003,13,2003-06-29 13:10:00,Sunday,Hawthorn,Fremantle,York Park,D,15,8,98,10,8,68
2906,2003,12,2003-06-14 21:10:00,Saturday,Fremantle,Geelong,Subiaco,N,13,10,88,10,12,72
2905,2003,12,2003-06-13 19:40:00,Friday,Essendon,North Melbourne,Docklands,N,13,10,88,14,12,96
2904,2003,12,2003-06-14 19:10:00,Saturday,Western Bulldogs,Sydney,S.C.G.,N,9,9,63,19,13,127
2903,2003,12,2003-06-15 14:40:00,Sunday,Adelaide,Melbourne,Football Park,D,21,12,138,10,5,65
2902,2003,12,2003-06-15 14:10:00,Sunday,Collingwood,Hawthorn,M.C.G.,D,6,15,51,12,12,84
2901,2003,12,2003-06-14 14:10:00,Saturday,Richmond,Carlton,M.C.G.,D,12,14,86,14,9,93
2900,2003,12,2003-06-15 13:10:00,Sunday,Brisbane Lions,West Coast,Gabba,D,13,13,91,24,16,160
2899,2003,12,2003-06-14 13:10:00,Saturday,St Kilda,Port Adelaide,York Park,D,7,15,57,15,9,99
2898,2003,11,2003-06-06 19:40:00,Friday,North Melbourne,Richmond,Docklands,N,13,14,92,13,11,89
2897,2003,11,2003-06-07 19:20:00,Saturday,Sydney,Essendon,Stadium Australia,N,21,7,133,12,7,79
2896,2003,11,2003-06-07 19:10:00,Saturday,St Kilda,Brisbane Lions,Docklands,N,13,12,90,13,7,85
2895,2003,11,2003-06-08 15:40:00,Sunday,West Coast,Western Bulldogs,Subiaco,D,19,10,124,19,10,124
2894,2003,11,2003-06-07 14:15:00,Saturday,Hawthorn,Adelaide,M.C.G.,D,11,9,75,10,10,70
2893,2003,11,2003-06-09 14:10:00,Monday,Melbourne,Collingwood,M.C.G.,D,10,17,77,20,13,133
2892,2003,11,2003-06-08 14:10:00,Sunday,Geelong,Carlton,Docklands,D,17,13,115,12,3,75
2891,2003,11,2003-06-08 13:10:00,Sunday,Port Adelaide,Fremantle,Football Park,D,16,16,112,9,9,63
2890,2003,10,2003-05-30 20:10:00,Friday,Port Adelaide,Collingwood,Football Park,N,14,14,98,10,13,73
2889,2003,10,2003-05-31 19:10:00,Saturday,Richmond,Sydney,M.C.G.,N,10,12,72,16,8,104
2888,2003,10,2003-05-31 19:10:00,Saturday,Melbourne,Brisbane Lions,Gabba,N,9,9,63,18,15,123
2887,2003,10,2003-05-31 15:40:00,Saturday,Fremantle,Carlton,Subiaco,D,19,13,127,15,9,99
2886,2003,10,2003-06-01 14:10:00,Sunday,Essendon,West Coast,Docklands,D,19,14,128,16,10,106
2885,2003,10,2003-05-31 14:10:00,Saturday,Western Bulldogs,North Melbourne,Docklands,D,22,13,145,24,12,156
2884,2003,10,2003-06-01 14:10:00,Sunday,St Kilda,Hawthorn,M.C.G.,D,17,16,118,14,6,90
2883,2003,10,2003-06-01 13:10:00,Sunday,Geelong,Adelaide,Kardinia Park,D,8,11,59,11,10,76
2882,2003,9,2003-05-23 19:40:00,Friday,Essendon,Port Adelaide,Docklands,N,14,12,96,23,8,146
2881,2003,9,2003-05-24 19:10:00,Saturday,Collingwood,St Kilda,Docklands,N,22,17,149,12,12,84
2880,2003,9,2003-05-24 18:40:00,Saturday,West Coast,Richmond,Subiaco,T,18,16,124,11,6,72
2879,2003,9,2003-05-25 15:20:00,Sunday,Adelaide,Western Bulldogs,Football Park,D,16,13,109,14,9,93
2878,2003,9,2003-05-25 14:10:00,Sunday,Geelong,Hawthorn,Docklands,D,16,13,109,11,9,75
2877,2003,9,2003-05-24 14:10:00,Saturday,Melbourne,Fremantle,M.C.G.,D,10,11,71,16,5,101
2876,2003,9,2003-05-24 14:10:00,Saturday,Carlton,Brisbane Lions,Princes Park,D,11,10,76,23,15,153
2875,2003,9,2003-05-25 12:40:00,Sunday,North Melbourne,Sydney,Manuka Oval,D,12,12,84,8,11,59
2874,2003,8,2003-05-16 19:40:00,Friday,Hawthorn,Essendon,M.C.G.,N,8,5,53,15,16,106
2873,2003,8,2003-05-17 19:10:00,Saturday,Richmond,Melbourne,M.C.G.,N,17,10,112,16,7,103
2872,2003,8,2003-05-17 19:10:00,Saturday,Brisbane Lions,Adelaide,Gabba,N,16,11,107,12,17,89
2871,2003,8,2003-05-18 15:40:00,Sunday,Fremantle,St Kilda,Subiaco,D,18,15,123,11,16,82
2870,2003,8,2003-05-17 14:40:00,Saturday,Port Adelaide,North Melbourne,Football Park,D,15,13,103,7,7,49
2869,2003,8,2003-05-17 14:10:00,Saturday,Collingwood,West Coast,Docklands,D,15,13,103,18,11,119
2868,2003,8,2003-05-18 14:10:00,Sunday,Carlton,Western Bulldogs,Princes Park,D,15,17,107,14,16,100
2867,2003,8,2003-05-18 13:10:00,Sunday,Sydney,Geelong,S.C.G.,D,17,10,112,11,7,73
2866,2003,7,2003-05-09 19:40:00,Friday,Hawthorn,North Melbourne,Docklands,N,13,11,89,18,9,117
2865,2003,7,2003-05-10 19:40:00,Saturday,Adelaide,Collingwood,Football Park,N,16,13,109,18,6,114
2864,2003,7,2003-05-10 19:10:00,Saturday,St Kilda,Carlton,Docklands,N,16,17,113,15,11,101
2863,2003,7,2003-05-10 15:40:00,Saturday,West Coast,Geelong,Subiaco,D,17,11,113,14,13,97
2862,2003,7,2003-05-11 14:10:00,Sunday,Melbourne,Port Adelaide,M.C.G.,D,16,15,111,12,12,84
2861,2003,7,2003-05-11 14:10:00,Sunday,Western Bulldogs,Fremantle,Docklands,D,10,12,72,23,17,155
2860,2003,7,2003-05-10 14:10:00,Saturday,Richmond,Essendon,M.C.G.,D,11,18,84,5,12,42
2859,2003,7,2003-05-11 13:10:00,Sunday,Sydney,Brisbane Lions,S.C.G.,D,15,8,98,11,13,79
2858,2003,6,2003-05-03 19:40:00,Saturday,Port Adelaide,Richmond,Football Park,N,12,12,84,8,9,57
2857,2003,6,2003-05-02 19:40:00,Friday,North Melbourne,Adelaide,Docklands,N,9,16,70,19,10,124
2856,2003,6,2003-05-03 19:10:00,Saturday,Collingwood,Sydney,Docklands,N,13,11,89,17,7,109
2855,2003,6,2003-05-04 15:20:00,Sunday,Fremantle,Essendon,Subiaco,D,20,11,131,15,10,100
2854,2003,6,2003-05-03 14:10:00,Saturday,Melbourne,West Coast,M.C.G.,D,14,10,94,19,13,127
2853,2003,6,2003-05-04 14:10:00,Sunday,Western Bulldogs,St Kilda,Docklands,D,12,13,85,15,10,100
2852,2003,6,2003-05-03 14:10:00,Saturday,Carlton,Hawthorn,Princes Park,D,9,9,63,11,8,74
2851,2003,6,2003-05-04 12:40:00,Sunday,Geelong,Brisbane Lions,Kardinia Park,D,12,6,78,13,14,92
2850,2003,5,2003-04-26 19:40:00,Saturday,Adelaide,Port Adelaide,Football Park,N,9,12,66,12,6,78
2849,2003,5,2003-04-26 19:10:00,Saturday,North Melbourne,Carlton,Docklands,N,16,17,113,18,14,122
2848,2003,5,2003-04-25 18:45:00,Friday,Sydney,Melbourne,S.C.G.,N,17,7,109,13,7,85
2847,2003,5,2003-04-27 15:40:00,Sunday,Fremantle,West Coast,Subiaco,D,10,13,73,16,12,108
2846,2003,5,2003-04-25 14:40:00,Friday,Essendon,Collingwood,M.C.G.,D,23,9,147,12,9,81
2845,2003,5,2003-04-26 14:10:00,Saturday,Hawthorn,Richmond,M.C.G.,D,14,11,95,18,7,115
2844,2003,5,2003-04-27 14:10:00,Sunday,St Kilda,Geelong,Docklands,D,18,11,119,11,8,74
2843,2003,5,2003-04-27 13:15:00,Sunday,Brisbane Lions,Western Bulldogs,Gabba,D,15,16,106,12,7,79
2842,2003,4,2003-04-17 19:40:00,Thursday,Brisbane Lions,Collingwood,Gabba,N,14,11,95,11,15,81
2841,2003,4,2003-04-19 19:10:00,Saturday,Hawthorn,Sydney,M.C.G.,N,17,8,110,10,8,68
2840,2003,4,2003-04-19 19:10:00,Saturday,Western Bulldogs,Essendon,Docklands,N,16,14,110,20,9,129
2839,2003,4,2003-04-20 15:40:00,Sunday,Fremantle,North Melbourne,Subiaco,D,25,17,167,19,8,122
2838,2003,4,2003-04-21 14:10:00,Monday,St Kilda,Richmond,Docklands,D,11,15,81,17,5,107
2837,2003,4,2003-04-20 14:10:00,Sunday,Carlton,Port Adelaide,Princes Park,D,12,12,84,17,12,114
2836,2003,4,2003-04-19 14:10:00,Saturday,Geelong,Melbourne,Kardinia Park,D,13,12,90,6,8,44
2835,2003,4,2003-04-20 13:10:00,Sunday,Adelaide,West Coast,Football Park,D,15,16,106,10,13,73
2834,2003,3,2003-04-12 19:40:00,Saturday,Port Adelaide,Hawthorn,Football Park,N,19,14,128,11,5,71
2833,2003,3,2003-04-11 19:40:00,Friday,Essendon,Carlton,M.C.G.,N,13,16,94,15,15,105
2832,2003,3,2003-04-12 19:10:00,Saturday,North Melbourne,Brisbane Lions,Docklands,N,16,13,109,16,13,109
2831,2003,3,2003-04-12 15:40:00,Saturday,West Coast,St Kilda,Subiaco,D,21,18,144,11,8,74
2830,2003,3,2003-04-13 14:10:00,Sunday,Melbourne,Western Bulldogs,Docklands,D,20,7,127,14,11,95
2829,2003,3,2003-04-12 14:10:00,Saturday,Collingwood,Geelong,M.C.G.,D,18,8,116,10,9,69
2828,2003,3,2003-04-13 14:10:00,Sunday,Richmond,Fremantle,M.C.G.,D,14,10,94,6,10,46
2827,2003,3,2003-04-13 13:10:00,Sunday,Sydney,Adelaide,S.C.G.,D,11,10,76,15,13,103
2826,2003,2,2003-04-05 19:40:00,Saturday,Fremantle,Sydney,Subiaco,T,12,14,86,8,12,60
2825,2003,2,2003-04-04 19:40:00,Friday,Carlton,Collingwood,M.C.G.,N,13,13,91,16,11,107
2824,2003,2,2003-04-05 19:40:00,Saturday,Port Adelaide,Brisbane Lions,Football Park,N,10,16,76,13,8,86
2823,2003,2,2003-04-06 14:10:00,Sunday,Richmond,Western Bulldogs,Docklands,D,16,15,111,13,11,89
2822,2003,2,2003-04-06 14:10:00,Sunday,Geelong,North Melbourne,Kardinia Park,D,9,17,71,13,16,94
2821,2003,2,2003-04-05 14:10:00,Saturday,Essendon,Melbourne,M.C.G.,D,17,10,112,10,15,75
2820,2003,2,2003-04-05 14:10:00,Saturday,St Kilda,Adelaide,Docklands,D,15,9,99,13,13,91
2819,2003,2,2003-04-06 13:10:00,Sunday,Hawthorn,West Coast,York Park,D,13,13,91,14,5,89
2818,2003,1,2003-03-28 19:40:00,Friday,Collingwood,Richmond,M.C.G.,N,13,16,94,8,18,66
2817,2003,1,2003-03-29 19:20:00,Saturday,Sydney,Carlton,Stadium Australia,N,22,14,146,10,12,72
2816,2003,1,2003-03-29 19:10:00,Saturday,Brisbane Lions,Essendon,Gabba,N,14,20,104,8,13,61
2815,2003,1,2003-03-29 15:10:00,Saturday,West Coast,Port Adelaide,Subiaco,D,17,20,122,11,8,74
2814,2003,1,2003-03-29 14:10:00,Saturday,North Melbourne,St Kilda,M.C.G.,D,14,12,96,10,10,70
2813,2003,1,2003-03-30 14:10:00,Sunday,Melbourne,Hawthorn,M.C.G.,D,16,10,106,15,10,100
2812,2003,1,2003-03-30 14:10:00,Sunday,Western Bulldogs,Geelong,Docklands,D,19,16,130,13,13,91
2811,2003,1,2003-03-30 13:10:00,Sunday,Adelaide,Fremantle,Football Park,D,22,13,145,13,11,89
2810,2002,GF,2002-09-28 14:10:00,Saturday,Collingwood,Brisbane Lions,M.C.G.,D,9,12,66,10,15,75
2809,2002,PF,2002-09-21 19:30:00,Saturday,Brisbane Lions,Port Adelaide,Gabba,N,21,12,138,12,10,82
2808,2002,PF,2002-09-21 14:10:00,Saturday,Collingwood,Adelaide,M.C.G.,D,13,13,91,9,9,63
2807,2002,SF,2002-09-13 20:00:00,Friday,Port Adelaide,Essendon,Football Park,N,11,17,83,8,11,59
2806,2002,SF,2002-09-14 19:30:00,Saturday,Adelaide,Melbourne,M.C.G.,N,20,10,130,17,16,118
2805,2002,QF,2002-09-06 20:00:00,Friday,Port Adelaide,Collingwood,Football Park,N,14,11,95,16,12,108
2804,2002,QF,2002-09-07 19:30:00,Saturday,Brisbane Lions,Adelaide,Gabba,N,17,13,115,5,14,44
2803,2002,EF,2002-09-07 14:10:00,Saturday,Essendon,West Coast,Docklands,D,17,9,111,11,12,78
2802,2002,EF,2002-09-08 14:10:00,Sunday,Melbourne,North Melbourne,M.C.G.,D,18,14,122,11,18,84
2801,2002,22,2002-08-30 19:45:00,Friday,Geelong,Hawthorn,Docklands,N,8,9,57,11,9,75
2800,2002,22,2002-08-31 19:30:00,Saturday,Sydney,Richmond,Stadium Australia,N,17,14,116,11,10,76
2799,2002,22,2002-08-31 19:10:00,Saturday,St Kilda,Melbourne,Docklands,N,18,9,117,20,15,135
2798,2002,22,2002-09-01 16:10:00,Sunday,Fremantle,Adelaide,Subiaco,D,12,8,80,17,18,120
2797,2002,22,2002-08-31 14:40:00,Saturday,Port Adelaide,Brisbane Lions,Football Park,D,13,12,90,13,6,84
2796,2002,22,2002-09-01 14:10:00,Sunday,North Melbourne,West Coast,Manuka Oval,D,18,18,126,22,11,143
2795,2002,22,2002-08-31 14:10:00,Saturday,Collingwood,Western Bulldogs,M.C.G.,D,10,13,73,17,12,114
2794,2002,22,2002-09-01 14:10:00,Sunday,Carlton,Essendon,M.C.G.,D,5,7,37,12,20,92
2793,2002,21,2002-08-23 19:45:00,Friday,Hawthorn,North Melbourne,M.C.G.,N,16,8,104,17,17,119
2792,2002,21,2002-08-24 19:40:00,Saturday,West Coast,Port Adelaide,Subiaco,T,10,5,65,14,19,103
2791,2002,21,2002-08-24 19:10:00,Saturday,Western Bulldogs,Carlton,Docklands,N,14,13,97,15,9,99
2790,2002,21,2002-08-25 14:40:00,Sunday,Adelaide,Richmond,Football Park,D,13,9,87,9,11,65
2789,2002,21,2002-08-24 14:10:00,Saturday,Melbourne,Sydney,M.C.G.,D,11,11,77,23,7,145
2788,2002,21,2002-08-25 14:10:00,Sunday,Collingwood,St Kilda,M.C.G.,D,11,11,77,9,12,66
2787,2002,21,2002-08-25 14:10:00,Sunday,Essendon,Fremantle,Docklands,D,13,15,93,10,12,72
2786,2002,21,2002-08-24 14:10:00,Saturday,Geelong,Brisbane Lions,Kardinia Park,D,7,13,55,16,14,110
2785,2002,20,2002-08-16 19:45:00,Friday,Richmond,Hawthorn,M.C.G.,N,16,11,107,13,15,93
2784,2002,20,2002-08-17 19:10:00,Saturday,Brisbane Lions,West Coast,Gabba,N,20,16,136,13,11,89
2783,2002,20,2002-08-17 19:10:00,Saturday,Essendon,Collingwood,M.C.G.,N,19,12,126,10,11,71
2782,2002,20,2002-08-17 16:10:00,Saturday,Fremantle,Geelong,Subiaco,D,17,15,117,11,6,72
2781,2002,20,2002-08-18 14:40:00,Sunday,Port Adelaide,Adelaide,Football Park,D,12,12,84,11,10,76
2780,2002,20,2002-08-18 14:10:00,Sunday,Melbourne,Western Bulldogs,M.C.G.,D,15,17,107,14,11,95
2779,2002,20,2002-08-18 14:10:00,Sunday,Sydney,St Kilda,S.C.G.,D,12,15,87,12,8,80
2778,2002,20,2002-08-17 14:10:00,Saturday,North Melbourne,Carlton,Docklands,D,17,12,114,15,5,95
2777,2002,19,2002-08-09 19:45:00,Friday,Hawthorn,Collingwood,M.C.G.,N,15,15,105,14,13,97
2776,2002,19,2002-08-10 19:10:00,Saturday,Brisbane Lions,Western Bulldogs,Gabba,N,14,21,105,9,13,67
2775,2002,19,2002-08-10 19:10:00,Saturday,North Melbourne,Sydney,S.C.G.,N,15,7,97,22,12,144
2774,2002,19,2002-08-11 16:10:00,Sunday,West Coast,Melbourne,Subiaco,D,15,10,100,15,16,106
2773,2002,19,2002-08-11 15:15:00,Sunday,St Kilda,Geelong,Docklands,D,15,11,101,16,6,102
2772,2002,19,2002-08-11 14:40:00,Sunday,Adelaide,Essendon,Football Park,D,18,16,124,11,10,76
2771,2002,19,2002-08-10 14:10:00,Saturday,Carlton,Port Adelaide,Princes Park,D,5,15,45,7,12,54
2770,2002,19,2002-08-10 14:10:00,Saturday,Richmond,Fremantle,M.C.G.,D,18,14,122,10,12,72
2769,2002,18,2002-08-02 19:45:00,Friday,Collingwood,Carlton,M.C.G.,N,21,15,141,4,9,33
2768,2002,18,2002-08-03 19:40:00,Saturday,Port Adelaide,St Kilda,Football Park,N,16,9,105,9,9,63
2767,2002,18,2002-08-03 19:10:00,Saturday,Essendon,Brisbane Lions,Docklands,N,11,5,71,16,12,108
2766,2002,18,2002-08-03 16:10:00,Saturday,Fremantle,Hawthorn,Subiaco,D,14,12,96,4,11,35
2765,2002,18,2002-08-04 14:10:00,Sunday,Western Bulldogs,West Coast,Princes Park,D,22,10,142,14,7,91
2764,2002,18,2002-08-04 14:10:00,Sunday,Melbourne,Richmond,M.C.G.,D,14,10,94,14,15,99
2763,2002,18,2002-08-03 14:10:00,Saturday,Geelong,North Melbourne,Kardinia Park,D,7,9,51,17,13,115
2762,2002,18,2002-08-04 14:10:00,Sunday,Sydney,Adelaide,S.C.G.,D,15,8,98,17,14,116
2761,2002,17,2002-07-26 19:45:00,Friday,Richmond,Essendon,M.C.G.,N,7,11,53,7,12,54
2760,2002,17,2002-07-27 19:40:00,Saturday,Port Adelaide,Melbourne,Football Park,N,17,14,116,17,10,112
2759,2002,17,2002-07-27 19:20:00,Saturday,Sydney,Carlton,Stadium Australia,N,13,14,92,10,9,69
2758,2002,17,2002-07-27 16:10:00,Saturday,West Coast,Collingwood,Subiaco,D,17,12,114,8,8,56
2757,2002,17,2002-07-28 14:10:00,Sunday,Western Bulldogs,North Melbourne,Docklands,D,21,13,139,16,9,105
2756,2002,17,2002-07-28 14:10:00,Sunday,St Kilda,Fremantle,Princes Park,D,18,10,118,11,13,79
2755,2002,17,2002-07-27 14:10:00,Saturday,Hawthorn,Brisbane Lions,M.C.G.,D,10,8,68,18,16,124
2754,2002,17,2002-07-28 14:10:00,Sunday,Geelong,Adelaide,Kardinia Park,D,12,18,90,15,3,93
2753,2002,16,2002-07-19 19:45:00,Friday,Collingwood,Richmond,M.C.G.,N,13,11,89,7,7,49
2752,2002,16,2002-07-20 19:40:00,Saturday,Fremantle,West Coast,Subiaco,T,15,10,100,11,4,70
2751,2002,16,2002-07-20 19:10:00,Saturday,Essendon,Geelong,Docklands,N,8,8,56,14,11,95
2750,2002,16,2002-07-21 14:40:00,Sunday,Adelaide,Western Bulldogs,Football Park,D,21,12,138,14,11,95
2749,2002,16,2002-07-21 14:10:00,Sunday,Brisbane Lions,Sydney,Gabba,D,17,15,117,12,7,79
2748,2002,16,2002-07-21 14:10:00,Sunday,Carlton,St Kilda,Docklands,D,14,13,97,22,8,140
2747,2002,16,2002-07-20 14:10:00,Saturday,North Melbourne,Port Adelaide,Princes Park,D,14,15,99,10,10,70
2746,2002,16,2002-07-20 14:10:00,Saturday,Melbourne,Hawthorn,M.C.G.,D,9,13,67,14,9,93
2745,2002,15,2002-07-12 19:45:00,Friday,Hawthorn,Western Bulldogs,Docklands,N,17,14,116,14,9,93
2744,2002,15,2002-07-13 19:40:00,Saturday,Adelaide,St Kilda,Football Park,N,15,9,99,12,9,81
2743,2002,15,2002-07-13 19:10:00,Saturday,Richmond,Brisbane Lions,Docklands,N,7,13,55,18,10,118
2742,2002,15,2002-07-14 16:10:00,Sunday,West Coast,Essendon,Subiaco,D,13,12,90,8,15,63
2741,2002,15,2002-07-14 14:10:00,Sunday,Sydney,Port Adelaide,S.C.G.,D,13,14,92,14,10,94
2740,2002,15,2002-07-14 14:10:00,Sunday,Carlton,Melbourne,Docklands,D,14,11,95,21,13,139
2739,2002,15,2002-07-13 14:10:00,Saturday,Collingwood,Geelong,M.C.G.,D,15,9,99,19,13,127
2738,2002,15,2002-07-13 14:10:00,Saturday,North Melbourne,Fremantle,Manuka Oval,D,12,11,83,12,10,82
2737,2002,14,2002-07-05 19:45:00,Friday,Carlton,Richmond,M.C.G.,N,13,8,86,12,13,85
2736,2002,14,2002-07-06 19:40:00,Saturday,Fremantle,Port Adelaide,Subiaco,T,9,9,63,22,15,147
2735,2002,14,2002-07-06 19:10:00,Saturday,Western Bulldogs,Essendon,Docklands,N,18,10,118,17,16,118
2734,2002,14,2002-07-07 14:40:00,Sunday,Adelaide,Collingwood,Football Park,D,17,14,116,21,12,138
2733,2002,14,2002-07-06 14:10:00,Saturday,Geelong,West Coast,Kardinia Park,D,8,17,65,4,9,33
2732,2002,14,2002-07-06 14:10:00,Saturday,Hawthorn,Sydney,M.C.G.,D,11,8,74,9,10,64
2731,2002,14,2002-07-07 14:10:00,Sunday,St Kilda,North Melbourne,Docklands,D,13,6,84,20,8,128
2730,2002,14,2002-07-07 14:10:00,Sunday,Melbourne,Brisbane Lions,Gabba,D,20,11,131,16,14,110
2729,2002,13,2002-06-28 19:45:00,Friday,Essendon,Melbourne,Docklands,N,18,12,120,16,12,108
2728,2002,13,2002-06-29 19:10:00,Saturday,Collingwood,North Melbourne,Docklands,N,13,15,93,8,12,60
2727,2002,13,2002-06-29 19:10:00,Saturday,Brisbane Lions,Carlton,Gabba,N,19,10,124,16,13,109
2726,2002,13,2002-06-30 16:10:00,Sunday,West Coast,Adelaide,Subiaco,D,20,15,135,18,9,117
2725,2002,13,2002-06-29 14:40:00,Saturday,Port Adelaide,Western Bulldogs,Football Park,D,25,11,161,18,7,115
2724,2002,13,2002-06-30 14:10:00,Sunday,St Kilda,Hawthorn,Docklands,D,11,12,78,13,9,87
2723,2002,13,2002-06-29 14:10:00,Saturday,Richmond,Geelong,M.C.G.,D,7,12,54,14,12,96
2722,2002,13,2002-06-30 14:10:00,Sunday,Sydney,Fremantle,S.C.G.,D,20,19,139,9,8,62
2721,2002,12,2002-06-21 19:45:00,Friday,Western Bulldogs,St Kilda,Docklands,N,19,19,133,13,8,86
2720,2002,12,2002-06-14 19:45:00,Friday,Essendon,Hawthorn,M.C.G.,N,10,12,72,10,5,65
2719,2002,12,2002-06-22 19:10:00,Saturday,Brisbane Lions,North Melbourne,Gabba,N,20,18,138,19,9,123
2718,2002,12,2002-06-15 19:10:00,Saturday,Sydney,Geelong,S.C.G.,N,15,9,99,15,11,101
2717,2002,12,2002-06-16 16:10:00,Sunday,Fremantle,Collingwood,Subiaco,D,12,18,90,12,7,79
2716,2002,12,2002-06-23 14:40:00,Sunday,Port Adelaide,Richmond,Football Park,D,23,16,154,10,10,70
2715,2002,12,2002-06-15 14:10:00,Saturday,Carlton,West Coast,Princes Park,D,12,16,88,12,17,89
2714,2002,12,2002-06-22 14:10:00,Saturday,Melbourne,Adelaide,Princes Park,D,14,14,98,10,13,73
2713,2002,11,2002-06-08 19:40:00,Saturday,West Coast,Sydney,Subiaco,T,15,12,102,13,11,89
2712,2002,11,2002-06-08 19:10:00,Saturday,Essendon,Port Adelaide,Docklands,N,7,7,49,16,12,108
2711,2002,11,2002-06-07 18:45:00,Friday,North Melbourne,Richmond,Docklands,N,14,11,95,11,18,84
2710,2002,11,2002-06-08 14:40:00,Saturday,Adelaide,Hawthorn,Football Park,D,14,18,102,8,10,58
2709,2002,11,2002-06-09 14:10:00,Sunday,Brisbane Lions,St Kilda,Gabba,D,16,17,113,7,10,52
2708,2002,11,2002-06-09 14:10:00,Sunday,Western Bulldogs,Fremantle,Princes Park,D,22,13,145,12,8,80
2707,2002,11,2002-06-10 14:10:00,Monday,Melbourne,Collingwood,M.C.G.,D,10,15,75,19,12,126
2706,2002,11,2002-06-09 14:10:00,Sunday,Geelong,Carlton,Docklands,D,15,10,100,14,12,96
2705,2002,10,2002-05-31 19:45:00,Friday,North Melbourne,Essendon,M.C.G.,N,12,20,92,12,12,84
2704,2002,10,2002-06-01 19:40:00,Saturday,Adelaide,Brisbane Lions,Football Park,N,15,11,101,14,10,94
2703,2002,10,2002-06-01 19:10:00,Saturday,Collingwood,Sydney,Docklands,N,14,11,95,12,12,84
2702,2002,10,2002-06-02 16:10:00,Sunday,Fremantle,Carlton,Subiaco,D,14,12,96,10,8,68
2701,2002,10,2002-06-02 14:10:00,Sunday,St Kilda,West Coast,Docklands,D,20,7,127,11,11,77
2700,2002,10,2002-06-01 14:10:00,Saturday,Richmond,Western Bulldogs,M.C.G.,D,14,14,98,17,15,117
2699,2002,10,2002-06-02 14:10:00,Sunday,Hawthorn,Port Adelaide,York Park,D,12,5,77,17,15,117
2698,2002,10,2002-06-01 14:10:00,Saturday,Geelong,Melbourne,Kardinia Park,D,12,17,89,9,9,63
2697,2002,9,2002-05-24 20:40:00,Friday,Port Adelaide,Collingwood,Football Park,N,14,7,91,12,14,86
2696,2002,9,2002-05-25 19:25:00,Saturday,Sydney,Essendon,Stadium Australia,N,11,17,83,12,13,85
2695,2002,9,2002-05-25 19:10:00,Saturday,St Kilda,Richmond,Docklands,N,10,12,72,9,9,63
2694,2002,9,2002-05-26 16:10:00,Sunday,West Coast,Hawthorn,Subiaco,D,19,12,126,14,4,88
2693,2002,9,2002-05-25 14:10:00,Saturday,Geelong,Western Bulldogs,Kardinia Park,D,17,3,105,18,9,117
2692,2002,9,2002-05-25 14:10:00,Saturday,Melbourne,North Melbourne,M.C.G.,D,17,9,111,15,17,107
2691,2002,9,2002-05-26 14:10:00,Sunday,Brisbane Lions,Fremantle,Gabba,D,16,13,109,11,13,79
2690,2002,9,2002-05-26 14:10:00,Sunday,Carlton,Adelaide,Princes Park,D,11,9,75,20,11,131
2689,2002,8,2002-05-17 19:45:00,Friday,Hawthorn,Carlton,M.C.G.,N,12,17,89,12,8,80
2688,2002,8,2002-05-18 19:40:00,Saturday,Fremantle,Melbourne,Subiaco,T,14,10,94,13,11,89
2687,2002,8,2002-05-18 19:10:00,Saturday,Collingwood,Brisbane Lions,Docklands,N,17,12,114,16,15,111
2686,2002,8,2002-05-18 14:40:00,Saturday,Port Adelaide,Geelong,Football Park,D,20,9,129,7,12,54
2685,2002,8,2002-05-18 14:10:00,Saturday,Richmond,West Coast,M.C.G.,D,13,16,94,10,13,73
2684,2002,8,2002-05-19 14:10:00,Sunday,Western Bulldogs,Sydney,S.C.G.,D,24,15,159,11,24,90
2683,2002,8,2002-05-19 14:10:00,Sunday,Essendon,St Kilda,Docklands,D,26,15,171,11,6,72
2682,2002,8,2002-05-19 14:10:00,Sunday,North Melbourne,Adelaide,Manuka Oval,D,16,14,110,14,9,93
2681,2002,7,2002-05-10 19:45:00,Friday,Essendon,Carlton,M.C.G.,N,12,15,87,9,8,62
2680,2002,7,2002-05-11 19:40:00,Saturday,Adelaide,Fremantle,Football Park,N,18,10,118,13,11,89
2679,2002,7,2002-05-11 19:10:00,Saturday,Richmond,Sydney,Docklands,N,13,10,88,12,10,82
2678,2002,7,2002-05-11 16:10:00,Saturday,West Coast,North Melbourne,Subiaco,D,21,13,139,13,12,90
2677,2002,7,2002-05-12 14:10:00,Sunday,Melbourne,St Kilda,M.C.G.,D,15,15,105,15,12,102
2676,2002,7,2002-05-12 14:10:00,Sunday,Brisbane Lions,Port Adelaide,Gabba,D,19,15,129,11,6,72
2675,2002,7,2002-05-11 14:10:00,Saturday,Hawthorn,Geelong,M.C.G.,D,20,10,130,11,12,78
2674,2002,7,2002-05-12 14:10:00,Sunday,Western Bulldogs,Collingwood,Docklands,D,8,15,63,11,7,73
2673,2002,6,2002-05-03 19:45:00,Friday,St Kilda,Collingwood,Docklands,N,3,10,28,16,15,111
2672,2002,6,2002-05-04 19:10:00,Saturday,Carlton,Western Bulldogs,Docklands,N,9,14,68,14,12,96
2671,2002,6,2002-05-04 19:10:00,Saturday,Brisbane Lions,Geelong,Gabba,N,21,20,146,13,11,89
2670,2002,6,2002-05-04 16:10:00,Saturday,Fremantle,Essendon,Subiaco,D,13,11,89,9,8,62
2669,2002,6,2002-05-05 14:40:00,Sunday,Port Adelaide,West Coast,Football Park,D,20,13,133,11,13,79
2668,2002,6,2002-05-05 14:10:00,Sunday,Sydney,Melbourne,S.C.G.,D,15,9,99,10,11,71
2667,2002,6,2002-05-04 14:10:00,Saturday,North Melbourne,Hawthorn,M.C.G.,D,13,9,87,24,11,155
2666,2002,6,2002-05-05 14:10:00,Sunday,Richmond,Adelaide,Docklands,D,11,7,73,14,21,105
2665,2002,5,2002-04-26 19:45:00,Friday,Western Bulldogs,Melbourne,Docklands,N,10,21,81,15,14,104
2664,2002,5,2002-04-27 19:40:00,Saturday,Adelaide,Port Adelaide,Football Park,N,12,10,82,14,6,90
2663,2002,5,2002-04-27 19:10:00,Saturday,St Kilda,Sydney,Docklands,N,8,8,56,8,8,56
2662,2002,5,2002-04-27 16:10:00,Saturday,West Coast,Brisbane Lions,Subiaco,D,18,13,121,10,15,75
2661,2002,5,2002-04-27 14:10:00,Saturday,Hawthorn,Richmond,M.C.G.,D,19,11,125,12,11,83
2660,2002,5,2002-04-28 14:10:00,Sunday,Carlton,North Melbourne,Docklands,D,17,10,112,19,17,131
2659,2002,5,2002-04-28 14:10:00,Sunday,Geelong,Fremantle,Kardinia Park,D,17,9,111,6,13,49
2658,2002,5,2002-04-25 14:10:00,Thursday,Collingwood,Essendon,M.C.G.,D,9,12,66,4,9,33
2657,2002,4,2002-04-19 19:40:00,Friday,Essendon,Adelaide,Docklands,N,19,8,122,11,15,81
2656,2002,4,2002-04-20 19:10:00,Saturday,Western Bulldogs,Brisbane Lions,Docklands,N,12,6,78,14,10,94
2655,2002,4,2002-04-20 18:30:00,Saturday,Sydney,North Melbourne,S.C.G.,N,15,13,103,14,16,100
2654,2002,4,2002-04-21 16:10:00,Sunday,Fremantle,Richmond,Subiaco,D,21,12,138,11,6,72
2653,2002,4,2002-04-21 14:40:00,Sunday,Port Adelaide,Carlton,Football Park,D,23,10,148,14,11,95
2652,2002,4,2002-04-20 14:10:00,Saturday,Melbourne,West Coast,Princes Park,D,21,11,137,15,13,103
2651,2002,4,2002-04-21 14:10:00,Sunday,Geelong,St Kilda,Kardinia Park,D,26,10,166,6,8,44
2650,2002,4,2002-04-20 14:10:00,Saturday,Collingwood,Hawthorn,M.C.G.,D,15,14,104,9,9,63
2649,2002,3,2002-04-12 19:40:00,Friday,Carlton,Collingwood,M.C.G.,N,11,9,75,7,13,55
2648,2002,3,2002-04-13 19:10:00,Saturday,North Melbourne,Geelong,Docklands,N,10,7,67,11,9,75
2647,2002,3,2002-04-13 19:10:00,Saturday,Brisbane Lions,Essendon,Gabba,N,17,15,117,9,13,67
2646,2002,3,2002-04-14 16:10:00,Sunday,West Coast,Western Bulldogs,Subiaco,D,17,11,113,11,15,81
2645,2002,3,2002-04-13 14:40:00,Saturday,Adelaide,Sydney,Football Park,D,17,12,114,13,6,84
2644,2002,3,2002-04-14 14:10:00,Sunday,St Kilda,Port Adelaide,Docklands,D,8,8,56,20,19,139
2643,2002,3,2002-04-13 14:10:00,Saturday,Richmond,Melbourne,M.C.G.,D,13,18,96,11,10,76
2642,2002,3,2002-04-14 14:10:00,Sunday,Hawthorn,Fremantle,York Park,D,13,11,89,11,13,79
2641,2002,2,2002-04-05 19:40:00,Friday,Essendon,Richmond,M.C.G.,N,16,16,112,8,12,60
2640,2002,2,2002-04-06 19:40:00,Saturday,Adelaide,Geelong,Football Park,N,16,14,110,12,7,79
2639,2002,2,2002-04-06 19:10:00,Saturday,North Melbourne,Western Bulldogs,Docklands,N,16,14,110,14,13,97
2638,2002,2,2002-04-07 16:10:00,Sunday,Fremantle,St Kilda,Subiaco,D,10,16,76,11,7,73
2637,2002,2,2002-04-06 14:10:00,Saturday,Collingwood,West Coast,M.C.G.,D,17,18,120,18,11,119
2636,2002,2,2002-04-06 14:10:00,Saturday,Carlton,Sydney,Princes Park,D,4,9,33,17,9,111
2635,2002,2,2002-04-07 14:10:00,Sunday,Melbourne,Port Adelaide,M.C.G.,D,16,13,109,11,16,82
2634,2002,2,2002-04-07 14:10:00,Sunday,Brisbane Lions,Hawthorn,Gabba,D,21,22,148,6,10,46
2633,2002,1,2002-03-30 19:40:00,Saturday,Port Adelaide,North Melbourne,Football Park,N,11,7,73,12,11,83
2632,2002,1,2002-03-28 19:40:00,Thursday,Richmond,Collingwood,M.C.G.,N,24,11,155,18,10,118
2631,2002,1,2002-03-30 19:10:00,Saturday,Geelong,Essendon,M.C.G.,N,11,10,76,18,18,126
2630,2002,1,2002-03-31 16:10:00,Sunday,West Coast,Fremantle,Subiaco,D,21,11,137,18,10,118
2629,2002,1,2002-04-01 14:10:00,Monday,Hawthorn,Melbourne,M.C.G.,D,15,13,103,20,9,129
2628,2002,1,2002-03-30 14:10:00,Saturday,St Kilda,Carlton,Docklands,D,14,5,89,10,5,65
2627,2002,1,2002-03-31 14:10:00,Sunday,Sydney,Brisbane Lions,S.C.G.,D,12,15,87,17,8,110
2626,2002,1,2002-03-31 14:10:00,Sunday,Western Bulldogs,Adelaide,Docklands,D,12,21,93,16,16,112
2625,2001,GF,2001-09-29 14:10:00,Saturday,Essendon,Brisbane Lions,M.C.G.,D,12,10,82,15,18,108
2624,2001,PF,2001-09-22 19:45:00,Saturday,Brisbane Lions,Richmond,Gabba,N,20,16,136,10,8,68
2623,2001,PF,2001-09-22 14:10:00,Saturday,Essendon,Hawthorn,M.C.G.,D,11,10,76,9,13,67
2622,2001,SF,2001-09-15 20:15:00,Saturday,Port Adelaide,Hawthorn,Football Park,N,10,9,69,10,12,72
2621,2001,SF,2001-09-15 14:10:00,Saturday,Richmond,Carlton,M.C.G.,D,10,7,67,7,14,56
2620,2001,QF,2001-09-07 19:45:00,Friday,Essendon,Richmond,M.C.G.,N,17,11,113,5,13,43
2619,2001,QF,2001-09-08 19:45:00,Saturday,Brisbane Lions,Port Adelaide,Gabba,N,12,16,88,8,8,56
2618,2001,EF,2001-09-09 14:10:00,Sunday,Hawthorn,Sydney,Docklands,D,19,15,129,11,8,74
2617,2001,EF,2001-09-08 14:10:00,Saturday,Carlton,Adelaide,M.C.G.,D,17,16,118,6,14,50
2616,2001,22,2001-09-01 20:40:00,Saturday,Fremantle,Adelaide,Subiaco,N,17,18,120,11,17,83
2615,2001,22,2001-09-01 19:40:00,Saturday,Brisbane Lions,Sydney,Gabba,N,13,15,93,9,8,62
2614,2001,22,2001-08-31 19:40:00,Friday,Essendon,Richmond,M.C.G.,N,12,11,83,17,5,107
2613,2001,22,2001-09-01 19:00:00,Saturday,Hawthorn,St Kilda,M.C.G.,N,13,9,87,13,11,89
2612,2001,22,2001-09-02 14:40:00,Sunday,Port Adelaide,West Coast,Football Park,D,24,19,163,7,9,51
2611,2001,22,2001-09-02 14:10:00,Sunday,Western Bulldogs,Melbourne,Docklands,D,19,9,123,21,7,133
2610,2001,22,2001-09-01 14:10:00,Saturday,Carlton,Geelong,Princes Park,D,13,19,97,3,9,27
2609,2001,22,2001-09-02 14:10:00,Sunday,North Melbourne,Collingwood,Manuka Oval,D,11,17,83,19,12,126
2608,2001,21,2001-08-25 19:40:00,Saturday,Western Bulldogs,Port Adelaide,Docklands,N,10,13,73,22,18,150
2607,2001,21,2001-08-24 19:40:00,Friday,Richmond,North Melbourne,M.C.G.,N,13,14,92,13,10,88
2606,2001,21,2001-08-25 19:40:00,Saturday,West Coast,Essendon,Subiaco,T,6,11,47,21,10,136
2605,2001,21,2001-08-26 14:40:00,Sunday,Adelaide,Hawthorn,Football Park,D,13,13,91,8,5,53
2604,2001,21,2001-08-26 14:10:00,Sunday,Sydney,St Kilda,S.C.G.,D,21,16,142,8,7,55
2603,2001,21,2001-08-26 14:10:00,Sunday,Melbourne,Fremantle,Docklands,D,16,18,114,12,7,79
2602,2001,21,2001-08-25 14:10:00,Saturday,Carlton,Collingwood,M.C.G.,D,20,10,130,9,8,62
2601,2001,21,2001-08-26 14:10:00,Sunday,Geelong,Brisbane Lions,Kardinia Park,D,9,13,67,16,14,110
2600,2001,20,2001-08-18 19:40:00,Saturday,Port Adelaide,Geelong,Football Park,N,14,15,99,10,9,69
2599,2001,20,2001-08-18 19:40:00,Saturday,Collingwood,Essendon,M.C.G.,N,13,9,87,15,17,107
2598,2001,20,2001-08-17 19:40:00,Friday,North Melbourne,Adelaide,Docklands,N,15,10,100,25,12,162
2597,2001,20,2001-08-19 16:10:00,Sunday,Fremantle,Brisbane Lions,Subiaco,D,12,15,87,21,12,138
2596,2001,20,2001-08-18 14:10:00,Saturday,Richmond,West Coast,Docklands,D,20,18,138,10,13,73
2595,2001,20,2001-08-19 14:10:00,Sunday,Hawthorn,Western Bulldogs,M.C.G.,D,12,7,79,17,23,125
2594,2001,20,2001-08-19 14:10:00,Sunday,Sydney,Melbourne,S.C.G.,D,14,14,98,19,17,131
2593,2001,20,2001-08-19 14:10:00,Sunday,St Kilda,Carlton,Docklands,D,16,8,104,22,16,148
2592,2001,19,2001-08-10 19:40:00,Friday,North Melbourne,Geelong,Docklands,N,21,5,131,12,10,82
2591,2001,19,2001-08-11 19:40:00,Saturday,Adelaide,Carlton,Football Park,N,16,10,106,8,5,53
2590,2001,19,2001-08-11 19:00:00,Saturday,Melbourne,Hawthorn,M.C.G.,N,10,11,71,24,12,156
2589,2001,19,2001-08-12 16:10:00,Sunday,West Coast,Fremantle,Subiaco,D,14,14,98,9,10,64
2588,2001,19,2001-08-12 14:10:00,Sunday,Collingwood,Western Bulldogs,M.C.G.,D,17,17,119,11,11,77
2587,2001,19,2001-08-12 14:10:00,Sunday,Essendon,Sydney,Docklands,D,11,13,79,11,11,77
2586,2001,19,2001-08-12 14:10:00,Sunday,Brisbane Lions,Richmond,Gabba,D,19,14,128,15,7,97
2585,2001,19,2001-08-11 14:10:00,Saturday,St Kilda,Port Adelaide,Docklands,D,16,18,114,19,11,125
2584,2001,18,2001-08-04 19:40:00,Saturday,Sydney,North Melbourne,S.C.G.,N,22,11,143,3,18,36
2583,2001,18,2001-08-03 19:40:00,Friday,Richmond,Collingwood,M.C.G.,N,10,11,71,6,15,51
2582,2001,18,2001-08-05 16:10:00,Sunday,West Coast,St Kilda,Subiaco,D,26,15,171,12,7,79
2581,2001,18,2001-08-05 14:40:00,Sunday,Port Adelaide,Adelaide,Football Park,D,16,11,107,15,9,99
2580,2001,18,2001-08-05 14:10:00,Sunday,Brisbane Lions,Western Bulldogs,Gabba,D,19,22,136,15,13,103
2579,2001,18,2001-08-04 14:10:00,Saturday,Geelong,Melbourne,M.C.G.,D,15,10,100,16,7,103
2578,2001,18,2001-08-04 14:10:00,Saturday,Hawthorn,Fremantle,Docklands,D,13,12,90,16,10,106
2577,2001,18,2001-08-05 14:10:00,Sunday,Essendon,Carlton,M.C.G.,D,14,11,95,16,6,102
2576,2001,17,2001-07-27 19:40:00,Friday,Western Bulldogs,Richmond,Docklands,N,15,10,100,15,12,102
2575,2001,17,2001-07-28 19:40:00,Saturday,Fremantle,Collingwood,Subiaco,T,13,12,90,19,5,119
2574,2001,17,2001-07-28 19:00:00,Saturday,North Melbourne,Brisbane Lions,Docklands,N,18,7,115,21,10,136
2573,2001,17,2001-07-29 14:40:00,Sunday,Port Adelaide,Essendon,Football Park,D,15,14,104,14,13,97
2572,2001,17,2001-07-29 14:10:00,Sunday,Sydney,West Coast,S.C.G.,D,11,17,83,6,12,48
2571,2001,17,2001-07-28 14:10:00,Saturday,Geelong,St Kilda,Kardinia Park,D,12,6,78,10,6,66
2570,2001,17,2001-07-29 14:10:00,Sunday,Hawthorn,Carlton,M.C.G.,D,15,6,96,13,15,93
2569,2001,17,2001-07-28 14:10:00,Saturday,Melbourne,Adelaide,M.C.G.,D,12,12,84,15,10,100
2568,2001,16,2001-07-21 19:40:00,Saturday,Brisbane Lions,Port Adelaide,Gabba,N,13,16,94,8,12,60
2567,2001,16,2001-07-20 19:40:00,Friday,Richmond,Melbourne,M.C.G.,N,19,13,127,12,14,86
2566,2001,16,2001-07-21 19:00:00,Saturday,St Kilda,Western Bulldogs,Docklands,N,12,6,78,16,16,112
2565,2001,16,2001-07-22 16:10:00,Sunday,West Coast,Geelong,Subiaco,D,12,8,80,22,18,150
2564,2001,16,2001-07-22 14:40:00,Sunday,Adelaide,Sydney,Football Park,D,7,14,56,16,9,105
2563,2001,16,2001-07-22 14:10:00,Sunday,Essendon,North Melbourne,M.C.G.,D,27,9,171,25,9,159
2562,2001,16,2001-07-21 14:10:00,Saturday,Collingwood,Hawthorn,M.C.G.,D,14,5,89,21,18,144
2561,2001,16,2001-07-21 14:10:00,Saturday,Carlton,Fremantle,Princes Park,D,19,17,131,8,8,56
2560,2001,15,2001-07-14 19:40:00,Saturday,Port Adelaide,Richmond,Football Park,N,14,12,96,7,10,52
2559,2001,15,2001-07-13 19:40:00,Friday,St Kilda,Adelaide,Docklands,N,9,5,59,23,18,156
2558,2001,15,2001-07-15 16:10:00,Sunday,West Coast,North Melbourne,Subiaco,D,17,8,110,24,10,154
2557,2001,15,2001-07-14 14:10:00,Saturday,Hawthorn,Sydney,M.C.G.,D,11,11,77,14,14,98
2556,2001,15,2001-07-14 14:10:00,Saturday,Carlton,Melbourne,Princes Park,D,16,15,111,18,9,117
2555,2001,15,2001-07-15 14:10:00,Sunday,Essendon,Geelong,Docklands,D,19,13,127,17,10,112
2554,2001,15,2001-07-14 14:10:00,Saturday,Western Bulldogs,Fremantle,Docklands,D,16,23,119,11,19,85
2553,2001,15,2001-07-15 14:10:00,Sunday,Collingwood,Brisbane Lions,M.C.G.,D,16,7,103,19,15,129
2552,2001,14,2001-07-07 19:40:00,Saturday,Adelaide,West Coast,Football Park,N,8,16,64,7,9,51
2551,2001,14,2001-07-07 19:40:00,Saturday,Brisbane Lions,St Kilda,Gabba,N,17,17,119,9,8,62
2550,2001,14,2001-07-06 19:40:00,Friday,Western Bulldogs,Essendon,Docklands,N,11,10,76,24,10,154
2549,2001,14,2001-07-08 16:10:00,Sunday,Fremantle,Port Adelaide,Subiaco,D,11,5,71,25,13,163
2548,2001,14,2001-07-08 14:10:00,Sunday,Melbourne,North Melbourne,M.C.G.,D,13,15,93,18,13,121
2547,2001,14,2001-07-07 14:10:00,Saturday,Richmond,Hawthorn,M.C.G.,D,10,11,71,20,9,129
2546,2001,14,2001-07-07 14:10:00,Saturday,Geelong,Collingwood,Docklands,D,16,15,111,14,9,93
2545,2001,14,2001-07-08 14:10:00,Sunday,Sydney,Carlton,S.C.G.,D,12,19,91,12,9,81
2544,2001,13,2001-06-29 19:40:00,Friday,Brisbane Lions,Hawthorn,Gabba,N,20,20,140,8,5,53
2543,2001,13,2001-06-30 19:40:00,Saturday,Adelaide,Collingwood,Football Park,N,14,13,97,15,9,99
2542,2001,13,2001-07-01 16:10:00,Sunday,West Coast,Melbourne,Subiaco,D,15,5,95,13,10,88
2541,2001,13,2001-06-30 14:10:00,Saturday,Carlton,Western Bulldogs,Princes Park,D,23,15,153,13,14,92
2540,2001,13,2001-07-01 14:10:00,Sunday,St Kilda,Richmond,Docklands,D,13,9,87,19,12,126
2539,2001,13,2001-06-30 14:10:00,Saturday,North Melbourne,Port Adelaide,Manuka Oval,D,14,11,95,10,13,73
2538,2001,13,2001-07-01 14:10:00,Sunday,Sydney,Geelong,S.C.G.,D,9,11,65,12,12,84
2537,2001,13,2001-06-30 14:10:00,Saturday,Essendon,Fremantle,Docklands,D,18,10,118,10,12,72
2536,2001,12,2001-06-22 19:40:00,Friday,Collingwood,West Coast,Docklands,N,26,17,173,14,8,92
2535,2001,12,2001-06-16 19:40:00,Saturday,Fremantle,St Kilda,Subiaco,T,11,14,80,12,18,90
2534,2001,12,2001-06-15 19:40:00,Friday,Essendon,Adelaide,Docklands,N,18,14,122,11,7,73
2533,2001,12,2001-06-23 19:00:00,Saturday,Richmond,Sydney,Docklands,N,12,14,86,8,12,60
2532,2001,12,2001-06-24 14:40:00,Sunday,Port Adelaide,Carlton,Football Park,D,10,10,70,15,14,104
2531,2001,12,2001-06-16 14:10:00,Saturday,Geelong,Western Bulldogs,Kardinia Park,D,13,9,87,15,4,94
2530,2001,12,2001-06-23 14:10:00,Saturday,Hawthorn,North Melbourne,M.C.G.,D,15,11,101,14,14,98
2529,2001,12,2001-06-17 14:10:00,Sunday,Melbourne,Brisbane Lions,Gabba,D,14,15,99,23,10,148
2528,2001,11,2001-06-09 19:40:00,Saturday,Adelaide,Western Bulldogs,Football Park,N,14,13,97,19,13,127
2527,2001,11,2001-06-08 19:40:00,Friday,St Kilda,Essendon,Docklands,N,13,8,86,19,14,128
2526,2001,11,2001-06-09 19:40:00,Saturday,West Coast,Brisbane Lions,Subiaco,T,9,8,62,11,18,84
2525,2001,11,2001-06-10 14:10:00,Sunday,Sydney,Port Adelaide,S.C.G.,D,18,17,125,10,18,78
2524,2001,11,2001-06-09 14:10:00,Saturday,Geelong,Hawthorn,Docklands,D,14,9,93,13,12,90
2523,2001,11,2001-06-10 14:10:00,Sunday,North Melbourne,Fremantle,Docklands,D,23,16,154,10,8,68
2522,2001,11,2001-06-11 14:10:00,Monday,Melbourne,Collingwood,M.C.G.,D,8,9,57,19,20,134
2521,2001,11,2001-06-10 14:10:00,Sunday,Richmond,Carlton,M.C.G.,D,13,10,88,8,13,61
2520,2001,10,2001-06-01 19:40:00,Friday,Western Bulldogs,North Melbourne,Docklands,N,11,13,79,19,11,125
2519,2001,10,2001-06-02 19:40:00,Saturday,Brisbane Lions,Essendon,Gabba,N,15,12,102,10,14,74
2518,2001,10,2001-06-02 19:00:00,Saturday,St Kilda,Melbourne,Docklands,N,17,11,113,22,12,144
2517,2001,10,2001-06-03 16:10:00,Sunday,Fremantle,Richmond,Subiaco,D,6,10,46,12,12,84
2516,2001,10,2001-06-03 14:40:00,Sunday,Adelaide,Geelong,Football Park,D,9,12,66,8,7,55
2515,2001,10,2001-06-02 14:10:00,Saturday,Carlton,West Coast,Princes Park,D,21,23,149,3,12,30
2514,2001,10,2001-06-03 14:10:00,Sunday,Collingwood,Sydney,Docklands,D,7,13,55,11,7,73
2513,2001,10,2001-06-02 14:10:00,Saturday,Hawthorn,Port Adelaide,M.C.G.,D,10,13,73,17,14,116
2512,2001,9,2001-05-26 19:40:00,Saturday,West Coast,Western Bulldogs,Subiaco,T,11,11,77,18,17,125
2511,2001,9,2001-05-26 19:40:00,Saturday,Essendon,Hawthorn,Docklands,N,18,14,122,8,9,57
2510,2001,9,2001-05-25 19:40:00,Friday,North Melbourne,Carlton,M.C.G.,N,10,9,69,12,10,82
2509,2001,9,2001-05-26 19:40:00,Saturday,Brisbane Lions,Adelaide,Gabba,N,18,14,122,19,13,127
2508,2001,9,2001-05-27 14:40:00,Sunday,Port Adelaide,Melbourne,Football Park,D,13,10,88,9,14,68
2507,2001,9,2001-05-26 14:10:00,Saturday,Collingwood,St Kilda,M.C.G.,D,14,14,98,12,8,80
2506,2001,9,2001-05-27 14:10:00,Sunday,Geelong,Richmond,Kardinia Park,D,17,16,118,11,10,76
2505,2001,9,2001-05-27 14:10:00,Sunday,Sydney,Fremantle,S.C.G.,D,12,12,84,10,5,65
2504,2001,8,2001-05-19 19:40:00,Saturday,Port Adelaide,Collingwood,Football Park,N,16,14,110,18,11,119
2503,2001,8,2001-05-18 19:40:00,Friday,Richmond,Adelaide,M.C.G.,N,14,8,92,17,18,120
2502,2001,8,2001-05-20 16:10:00,Sunday,Fremantle,Geelong,Subiaco,D,10,13,73,14,11,95
2501,2001,8,2001-05-19 14:10:00,Saturday,Hawthorn,West Coast,M.C.G.,D,21,12,138,8,10,58
2500,2001,8,2001-05-20 14:10:00,Sunday,Western Bulldogs,Sydney,S.C.G.,D,18,14,122,15,11,101
2499,2001,8,2001-05-19 14:10:00,Saturday,North Melbourne,St Kilda,Manuka Oval,D,19,24,138,13,11,89
2498,2001,8,2001-05-20 14:10:00,Sunday,Melbourne,Essendon,M.C.G.,D,11,13,79,12,13,85
2497,2001,8,2001-05-19 14:10:00,Saturday,Carlton,Brisbane Lions,Princes Park,D,21,16,142,9,14,68
2496,2001,7,2001-05-11 19:40:00,Friday,Melbourne,Western Bulldogs,M.C.G.,N,12,5,77,15,17,107
2495,2001,7,2001-05-12 19:40:00,Saturday,Adelaide,Fremantle,Football Park,N,14,19,103,12,11,83
2494,2001,7,2001-05-12 19:00:00,Saturday,St Kilda,Hawthorn,Docklands,N,15,9,99,16,14,110
2493,2001,7,2001-05-13 16:10:00,Sunday,West Coast,Port Adelaide,Subiaco,D,7,8,50,17,19,121
2492,2001,7,2001-05-13 14:10:00,Sunday,Collingwood,North Melbourne,Docklands,D,14,13,97,15,9,99
2491,2001,7,2001-05-12 14:10:00,Saturday,Richmond,Essendon,M.C.G.,D,10,14,74,16,24,120
2490,2001,7,2001-05-13 14:10:00,Sunday,Geelong,Carlton,M.C.G.,D,9,14,68,17,6,108
2489,2001,7,2001-05-13 14:10:00,Sunday,Sydney,Brisbane Lions,S.C.G.,D,12,8,80,15,22,112
2488,2001,6,2001-05-05 19:40:00,Saturday,Port Adelaide,Western Bulldogs,Football Park,N,20,9,129,13,8,86
2487,2001,6,2001-05-04 19:40:00,Friday,North Melbourne,Richmond,Docklands,N,12,6,78,19,15,129
2486,2001,6,2001-05-05 19:40:00,Saturday,Fremantle,Melbourne,Subiaco,T,9,20,74,18,11,119
2485,2001,6,2001-05-05 19:40:00,Saturday,Brisbane Lions,Geelong,Gabba,N,17,14,116,8,13,61
2484,2001,6,2001-05-06 14:10:00,Sunday,Essendon,West Coast,Docklands,D,24,14,158,10,10,70
2483,2001,6,2001-05-05 14:10:00,Saturday,St Kilda,Sydney,Docklands,D,18,12,120,14,10,94
2482,2001,6,2001-05-06 14:10:00,Sunday,Collingwood,Carlton,M.C.G.,D,15,13,103,14,11,95
2481,2001,6,2001-05-06 14:10:00,Sunday,Hawthorn,Adelaide,York Park,D,16,8,104,12,19,91
2480,2001,5,2001-04-27 20:40:00,Friday,West Coast,Richmond,Subiaco,N,11,4,70,17,7,109
2479,2001,5,2001-04-28 19:40:00,Saturday,Adelaide,North Melbourne,Football Park,N,12,18,90,10,15,75
2478,2001,5,2001-04-29 14:10:00,Sunday,Melbourne,Sydney,M.C.G.,D,18,11,119,15,14,104
2477,2001,5,2001-04-28 14:10:00,Saturday,Carlton,St Kilda,Princes Park,D,17,23,125,14,8,92
2476,2001,5,2001-04-29 14:10:00,Sunday,Geelong,Port Adelaide,Kardinia Park,D,15,12,102,23,10,148
2475,2001,5,2001-04-28 14:10:00,Saturday,Western Bulldogs,Hawthorn,Docklands,D,19,12,126,24,11,155
2474,2001,5,2001-04-29 14:10:00,Sunday,Brisbane Lions,Fremantle,Gabba,D,25,21,171,19,8,122
2473,2001,5,2001-04-25 14:10:00,Wednesday,Essendon,Collingwood,M.C.G.,D,15,13,103,14,11,95
2472,2001,4,2001-04-21 20:40:00,Saturday,Fremantle,West Coast,Subiaco,N,13,10,88,16,16,112
2471,2001,4,2001-04-21 19:40:00,Saturday,Port Adelaide,St Kilda,Football Park,N,17,12,114,7,8,50
2470,2001,4,2001-04-20 19:40:00,Friday,Collingwood,Richmond,M.C.G.,N,10,11,71,13,8,86
2469,2001,4,2001-04-20 19:40:00,Friday,Sydney,Essendon,S.C.G.,N,6,19,55,15,12,102
2468,2001,4,2001-04-22 14:10:00,Sunday,Geelong,North Melbourne,Kardinia Park,D,4,9,33,7,11,53
2467,2001,4,2001-04-22 14:10:00,Sunday,Hawthorn,Melbourne,M.C.G.,D,11,17,83,5,14,44
2466,2001,4,2001-04-21 14:10:00,Saturday,Western Bulldogs,Brisbane Lions,Docklands,D,21,14,140,12,15,87
2465,2001,4,2001-04-21 14:10:00,Saturday,Carlton,Adelaide,Princes Park,D,8,5,53,9,8,62
2464,2001,3,2001-04-14 19:40:00,Saturday,North Melbourne,Sydney,S.C.G.,N,11,5,71,23,13,151
2463,2001,3,2001-04-12 19:40:00,Thursday,Carlton,Essendon,M.C.G.,N,14,9,93,11,10,76
2462,2001,3,2001-04-14 19:00:00,Saturday,Western Bulldogs,Collingwood,Docklands,N,12,9,81,23,15,153
2461,2001,3,2001-04-15 16:10:00,Sunday,Fremantle,Hawthorn,Subiaco,D,8,11,59,11,16,82
2460,2001,3,2001-04-15 14:40:00,Sunday,Adelaide,Port Adelaide,Football Park,D,13,10,88,23,15,153
2459,2001,3,2001-04-15 14:10:00,Sunday,St Kilda,West Coast,Docklands,D,16,11,107,19,11,125
2458,2001,3,2001-04-16 14:10:00,Monday,Melbourne,Geelong,M.C.G.,D,18,16,124,15,14,104
2457,2001,3,2001-04-14 14:10:00,Saturday,Richmond,Brisbane Lions,M.C.G.,D,17,14,116,14,10,94
2456,2001,2,2001-04-06 19:40:00,Friday,Essendon,Port Adelaide,Docklands,N,23,7,145,16,11,107
2455,2001,2,2001-04-07 19:40:00,Saturday,Adelaide,Melbourne,Football Park,N,11,14,80,12,11,83
2454,2001,2,2001-04-07 19:00:00,Saturday,Collingwood,Fremantle,Docklands,N,15,15,105,13,10,88
2453,2001,2,2001-04-08 16:10:00,Sunday,West Coast,Sydney,Subiaco,D,13,11,89,15,14,104
2452,2001,2,2001-04-07 14:10:00,Saturday,Richmond,Western Bulldogs,M.C.G.,D,9,15,69,17,9,111
2451,2001,2,2001-04-08 14:10:00,Sunday,Brisbane Lions,North Melbourne,Gabba,D,17,16,118,8,10,58
2450,2001,2,2001-04-07 14:10:00,Saturday,Carlton,Hawthorn,Princes Park,D,11,15,81,16,11,107
2449,2001,2,2001-04-08 14:10:00,Sunday,St Kilda,Geelong,Docklands,D,13,8,86,17,13,115
2448,2001,1,2001-03-30 19:40:00,Friday,North Melbourne,Essendon,M.C.G.,N,9,7,61,23,8,146
2447,2001,1,2001-03-31 19:40:00,Saturday,Fremantle,Carlton,Subiaco,T,18,10,118,18,11,119
2446,2001,1,2001-03-31 19:40:00,Saturday,Port Adelaide,Brisbane Lions,Football Park,N,14,15,99,14,9,93
2445,2001,1,2001-03-31 19:00:00,Saturday,Western Bulldogs,St Kilda,Docklands,N,16,11,107,16,16,112
2444,2001,1,2001-04-01 14:10:00,Sunday,Geelong,West Coast,Kardinia Park,D,17,13,115,7,7,49
2443,2001,1,2001-04-01 14:10:00,Sunday,Melbourne,Richmond,M.C.G.,D,15,13,103,20,14,134
2442,2001,1,2001-03-31 14:10:00,Saturday,Hawthorn,Collingwood,M.C.G.,D,13,7,85,11,15,81
2441,2001,1,2001-04-01 14:10:00,Sunday,Sydney,Adelaide,S.C.G.,D,19,12,126,10,14,74
2440,2000,GF,2000-09-02 14:10:00,Saturday,Essendon,Melbourne,M.C.G.,D,19,21,135,11,9,75
2439,2000,PF,2000-08-25 19:45:00,Friday,Melbourne,North Melbourne,M.C.G.,N,23,18,156,17,4,106
2438,2000,PF,2000-08-26 14:10:00,Saturday,Essendon,Carlton,M.C.G.,D,18,17,125,12,8,80
2437,2000,SF,2000-08-18 19:45:00,Friday,North Melbourne,Hawthorn,M.C.G.,N,16,14,110,15,10,100
2436,2000,SF,2000-08-19 14:10:00,Saturday,Carlton,Brisbane Lions,M.C.G.,D,23,13,151,10,9,69
2435,2000,EF,2000-08-12 19:45:00,Saturday,Brisbane Lions,Western Bulldogs,Gabba,N,15,20,110,10,16,76
2434,2000,EF,2000-08-11 19:45:00,Friday,Geelong,Hawthorn,Docklands,N,12,11,83,14,8,92
2433,2000,QF,2000-08-12 14:10:00,Saturday,Essendon,North Melbourne,M.C.G.,D,31,12,198,11,7,73
2432,2000,QF,2000-08-13 14:10:00,Sunday,Carlton,Melbourne,M.C.G.,D,12,15,87,15,6,96
2431,2000,22,2000-08-05 19:40:00,Saturday,North Melbourne,St Kilda,Docklands,N,18,12,120,10,17,77
2430,2000,22,2000-08-04 19:40:00,Friday,Western Bulldogs,Hawthorn,Docklands,N,9,12,66,11,15,81
2429,2000,22,2000-08-05 19:40:00,Saturday,Brisbane Lions,Fremantle,Gabba,N,23,18,156,7,7,49
2428,2000,22,2000-08-06 16:10:00,Sunday,West Coast,Melbourne,Subiaco,D,15,10,100,26,14,170
2427,2000,22,2000-08-06 14:40:00,Sunday,Adelaide,Port Adelaide,Football Park,D,14,8,92,20,19,139
2426,2000,22,2000-08-05 14:10:00,Saturday,Geelong,Sydney,Kardinia Park,D,18,16,124,18,12,120
2425,2000,22,2000-08-06 14:10:00,Sunday,Carlton,Richmond,M.C.G.,D,19,11,125,7,10,52
2424,2000,22,2000-08-05 14:10:00,Saturday,Essendon,Collingwood,M.C.G.,D,13,19,97,11,12,78
2423,2000,21,2000-07-28 19:40:00,Friday,Essendon,Western Bulldogs,Docklands,N,12,9,81,14,8,92
2422,2000,21,2000-07-29 19:40:00,Saturday,Brisbane Lions,St Kilda,Gabba,N,23,15,153,8,15,63
2421,2000,21,2000-07-30 16:10:00,Sunday,Fremantle,West Coast,Subiaco,D,15,11,101,15,10,100
2420,2000,21,2000-07-30 14:40:00,Sunday,Port Adelaide,Carlton,Football Park,D,12,16,88,12,11,83
2419,2000,21,2000-07-29 14:10:00,Saturday,Richmond,Sydney,Docklands,D,12,11,83,12,12,84
2418,2000,21,2000-07-30 14:10:00,Sunday,Melbourne,Geelong,M.C.G.,D,18,18,126,17,6,108
2417,2000,21,2000-07-30 14:10:00,Sunday,North Melbourne,Collingwood,Docklands,D,11,14,80,14,14,98
2416,2000,21,2000-07-29 14:10:00,Saturday,Hawthorn,Adelaide,M.C.G.,D,15,8,98,9,13,67
2415,2000,20,2000-07-22 20:40:00,Saturday,West Coast,Geelong,Subiaco,N,12,6,78,14,24,108
2414,2000,20,2000-07-22 19:40:00,Saturday,Collingwood,Western Bulldogs,Docklands,N,13,13,91,15,10,100
2413,2000,20,2000-07-22 19:40:00,Saturday,Sydney,North Melbourne,S.C.G.,N,21,19,145,14,7,91
2412,2000,20,2000-07-21 19:40:00,Friday,Carlton,Essendon,M.C.G.,N,12,11,83,16,13,109
2411,2000,20,2000-07-23 14:40:00,Sunday,Adelaide,Brisbane Lions,Football Park,D,11,12,78,17,13,115
2410,2000,20,2000-07-23 14:10:00,Sunday,Richmond,St Kilda,M.C.G.,D,18,11,119,12,7,79
2409,2000,20,2000-07-22 14:10:00,Saturday,Hawthorn,Port Adelaide,M.C.G.,D,15,11,101,12,8,80
2408,2000,20,2000-07-23 14:10:00,Sunday,Melbourne,Fremantle,Docklands,D,25,10,160,11,11,77
2407,2000,19,2000-07-14 20:40:00,Friday,Adelaide,West Coast,Football Park,N,15,17,107,13,12,90
2406,2000,19,2000-07-14 19:40:00,Friday,Geelong,North Melbourne,Docklands,N,13,7,85,18,16,124
2405,2000,19,2000-07-15 19:40:00,Saturday,Essendon,Hawthorn,Docklands,N,25,15,165,13,4,82
2404,2000,19,2000-07-16 16:10:00,Sunday,Fremantle,Richmond,W.A.C.A.,D,12,7,79,15,16,106
2403,2000,19,2000-07-15 14:10:00,Saturday,Carlton,Western Bulldogs,Princes Park,D,11,6,72,11,9,75
2402,2000,19,2000-07-16 14:10:00,Sunday,Collingwood,Sydney,M.C.G.,D,12,12,84,15,14,104
2401,2000,19,2000-07-16 14:10:00,Sunday,Brisbane Lions,Port Adelaide,Gabba,D,18,12,120,7,11,53
2400,2000,19,2000-07-16 14:10:00,Sunday,St Kilda,Melbourne,Docklands,D,14,14,98,17,14,116
2399,2000,18,2000-07-08 21:10:00,Saturday,West Coast,St Kilda,W.A.C.A.,N,17,13,115,4,5,29
2398,2000,18,2000-07-08 19:40:00,Saturday,North Melbourne,Richmond,S.C.G.,N,20,14,134,7,14,56
2397,2000,18,2000-07-07 19:40:00,Friday,Essendon,Fremantle,Docklands,N,24,15,159,11,6,72
2396,2000,18,2000-07-09 14:40:00,Sunday,Port Adelaide,Western Bulldogs,Football Park,D,23,11,149,16,10,106
2395,2000,18,2000-07-08 14:10:00,Saturday,Melbourne,Sydney,M.C.G.,D,19,11,125,15,9,99
2394,2000,18,2000-07-09 14:10:00,Sunday,Brisbane Lions,Hawthorn,Gabba,D,16,10,106,18,16,124
2393,2000,18,2000-07-09 14:10:00,Sunday,Carlton,Collingwood,Princes Park,D,28,12,180,10,9,69
2392,2000,18,2000-07-08 14:10:00,Saturday,Geelong,Adelaide,Kardinia Park,D,17,7,109,14,18,102
2391,2000,17,2000-07-01 20:40:00,Saturday,Fremantle,Port Adelaide,W.A.C.A.,N,12,10,82,8,16,64
2390,2000,17,2000-07-01 19:40:00,Saturday,North Melbourne,Melbourne,Docklands,N,14,19,103,14,18,102
2389,2000,17,2000-06-30 19:40:00,Friday,St Kilda,Geelong,Docklands,N,16,13,109,13,7,85
2388,2000,17,2000-07-02 14:40:00,Sunday,Adelaide,Collingwood,Football Park,D,22,15,147,16,13,109
2387,2000,17,2000-07-02 14:10:00,Sunday,Sydney,West Coast,S.C.G.,D,22,19,151,12,8,80
2386,2000,17,2000-07-02 14:10:00,Sunday,Brisbane Lions,Western Bulldogs,Gabba,D,20,18,138,11,15,81
2385,2000,17,2000-07-01 14:10:00,Saturday,Richmond,Essendon,M.C.G.,D,10,6,66,24,23,167
2384,2000,17,2000-07-02 14:10:00,Sunday,Hawthorn,Carlton,M.C.G.,D,9,9,63,18,12,120
2383,2000,16,2000-06-24 20:40:00,Saturday,Port Adelaide,Essendon,Football Park,N,7,16,58,12,17,89
2382,2000,16,2000-06-24 19:40:00,Saturday,Sydney,St Kilda,S.C.G.,N,14,9,93,10,5,65
2381,2000,16,2000-06-23 19:40:00,Friday,Collingwood,Hawthorn,Docklands,N,10,8,68,19,11,125
2380,2000,16,2000-06-25 16:10:00,Sunday,West Coast,North Melbourne,Subiaco,D,7,10,52,16,17,113
2379,2000,16,2000-06-24 14:10:00,Saturday,Melbourne,Richmond,M.C.G.,D,16,14,110,14,16,100
2378,2000,16,2000-06-24 14:10:00,Saturday,Geelong,Fremantle,Kardinia Park,D,12,18,90,12,12,84
2377,2000,16,2000-06-25 14:10:00,Sunday,Brisbane Lions,Carlton,Gabba,D,17,10,112,23,18,156
2376,2000,16,2000-06-25 14:10:00,Sunday,Western Bulldogs,Adelaide,Docklands,D,21,9,135,10,14,74
2375,2000,15,2000-06-17 19:40:00,Saturday,Essendon,West Coast,Docklands,N,15,18,108,11,10,76
2374,2000,15,2000-06-16 19:40:00,Friday,Collingwood,St Kilda,M.C.G.,N,17,13,115,13,4,82
2373,2000,15,2000-06-18 16:10:00,Sunday,Fremantle,Sydney,Subiaco,D,20,3,123,14,12,96
2372,2000,15,2000-06-18 14:40:00,Sunday,Port Adelaide,Richmond,Football Park,D,15,13,103,11,9,75
2371,2000,15,2000-06-18 14:10:00,Sunday,Western Bulldogs,North Melbourne,Docklands,D,16,10,106,15,12,102
2370,2000,15,2000-06-17 14:10:00,Saturday,Hawthorn,Melbourne,M.C.G.,D,10,12,72,22,9,141
2369,2000,15,2000-06-17 14:10:00,Saturday,Geelong,Brisbane Lions,Kardinia Park,D,7,17,59,20,8,128
2368,2000,15,2000-06-17 14:10:00,Saturday,Carlton,Adelaide,Princes Park,D,19,6,120,14,12,96
2367,2000,14,2000-06-10 20:40:00,Saturday,West Coast,Port Adelaide,Subiaco,N,10,11,71,16,11,107
2366,2000,14,2000-06-11 20:40:00,Sunday,Adelaide,Fremantle,Football Park,N,22,13,145,11,6,72
2365,2000,14,2000-06-09 19:40:00,Friday,North Melbourne,Brisbane Lions,Docklands,N,17,14,116,17,10,112
2364,2000,14,2000-06-12 14:10:00,Monday,Richmond,Western Bulldogs,M.C.G.,D,12,15,87,7,10,52
2363,2000,14,2000-06-11 14:10:00,Sunday,St Kilda,Hawthorn,M.C.G.,D,13,8,86,27,9,171
2362,2000,14,2000-06-11 14:10:00,Sunday,Carlton,Geelong,Princes Park,D,15,17,107,15,7,97
2361,2000,14,2000-06-11 14:10:00,Sunday,Sydney,Essendon,S.C.G.,D,11,10,76,12,17,89
2360,2000,14,2000-06-10 14:10:00,Saturday,Melbourne,Collingwood,M.C.G.,D,22,11,143,12,6,78
2359,2000,13,2000-06-03 19:40:00,Saturday,Brisbane Lions,West Coast,Gabba,N,27,11,173,13,11,89
2358,2000,13,2000-06-03 19:40:00,Saturday,Port Adelaide,Collingwood,Football Park,N,12,17,89,11,9,75
2357,2000,13,2000-06-02 19:40:00,Friday,Richmond,Adelaide,Docklands,N,17,10,112,17,19,121
2356,2000,13,2000-06-04 16:10:00,Sunday,Fremantle,St Kilda,Subiaco,D,14,16,100,8,8,56
2355,2000,13,2000-06-04 14:10:00,Sunday,Geelong,Western Bulldogs,Docklands,D,19,12,126,18,11,119
2354,2000,13,2000-06-04 14:10:00,Sunday,Essendon,North Melbourne,M.C.G.,D,17,17,119,11,4,70
2353,2000,13,2000-06-04 14:10:00,Sunday,Sydney,Hawthorn,S.C.G.,D,16,13,109,11,12,78
2352,2000,13,2000-06-03 14:10:00,Saturday,Melbourne,Carlton,M.C.G.,D,9,7,61,25,9,159
2351,2000,12,2000-05-27 19:40:00,Saturday,Adelaide,Sydney,Football Park,N,14,14,98,7,6,48
2350,2000,12,2000-05-26 19:40:00,Friday,Essendon,St Kilda,Docklands,N,25,19,169,13,5,83
2349,2000,12,2000-05-27 19:40:00,Saturday,Brisbane Lions,Richmond,Gabba,N,14,15,99,17,9,111
2348,2000,12,2000-05-27 19:40:00,Saturday,Hawthorn,Fremantle,Docklands,N,19,7,121,8,14,62
2347,2000,12,2000-05-28 16:10:00,Sunday,West Coast,Carlton,Subiaco,D,11,12,78,20,8,128
2346,2000,12,2000-05-28 14:10:00,Sunday,North Melbourne,Port Adelaide,S.C.G.,D,10,16,76,8,11,59
2345,2000,12,2000-05-28 14:10:00,Sunday,Western Bulldogs,Melbourne,Docklands,D,16,12,108,13,5,83
2344,2000,12,2000-05-27 14:10:00,Saturday,Collingwood,Geelong,M.C.G.,D,9,13,67,10,11,71
2343,2000,11,2000-05-20 20:40:00,Saturday,Fremantle,Western Bulldogs,Subiaco,N,12,9,81,27,12,174
2342,2000,11,2000-05-19 19:40:00,Friday,St Kilda,Port Adelaide,Docklands,N,17,15,117,8,7,55
2341,2000,11,2000-05-20 19:40:00,Saturday,Geelong,Essendon,Docklands,N,13,9,87,22,13,145
2340,2000,11,2000-05-21 14:40:00,Sunday,Adelaide,Melbourne,Football Park,D,15,15,105,8,22,70
2339,2000,11,2000-05-21 14:10:00,Sunday,Collingwood,West Coast,Docklands,D,13,14,92,18,20,128
2338,2000,11,2000-05-20 14:10:00,Saturday,Hawthorn,Richmond,M.C.G.,D,11,11,77,11,14,80
2337,2000,11,2000-05-20 14:10:00,Saturday,Carlton,North Melbourne,Princes Park,D,20,9,129,15,9,99
2336,2000,11,2000-05-21 14:10:00,Sunday,Sydney,Brisbane Lions,S.C.G.,D,15,17,107,16,14,110
2335,2000,10,2000-05-12 20:40:00,Friday,West Coast,Hawthorn,Subiaco,N,17,16,118,13,10,88
2334,2000,10,2000-05-13 19:40:00,Saturday,Port Adelaide,Geelong,Football Park,N,10,18,78,12,6,78
2333,2000,10,2000-05-13 19:40:00,Saturday,St Kilda,Carlton,Docklands,N,11,16,82,15,19,109
2332,2000,10,2000-05-15 19:00:00,Monday,Melbourne,Brisbane Lions,Docklands,N,15,12,102,11,18,84
2331,2000,10,2000-05-14 14:10:00,Sunday,Western Bulldogs,Sydney,S.C.G.,D,21,11,137,12,7,79
2330,2000,10,2000-05-14 14:10:00,Sunday,North Melbourne,Fremantle,M.C.G.,D,22,16,148,8,12,60
2329,2000,10,2000-05-13 14:10:00,Saturday,Richmond,Collingwood,M.C.G.,D,15,12,102,7,12,54
2328,2000,10,2000-05-14 14:10:00,Sunday,Essendon,Adelaide,Docklands,D,20,12,132,12,12,84
2327,2000,9,2000-05-06 19:40:00,Saturday,Richmond,West Coast,Docklands,N,11,13,79,9,16,70
2326,2000,9,2000-05-05 19:40:00,Friday,Western Bulldogs,St Kilda,Docklands,N,16,9,105,16,8,104
2325,2000,9,2000-05-06 19:40:00,Saturday,Adelaide,North Melbourne,Football Park,N,19,11,125,19,14,128
2324,2000,9,2000-05-07 16:10:00,Sunday,Fremantle,Carlton,Subiaco,D,13,4,82,21,21,147
2323,2000,9,2000-05-07 14:10:00,Sunday,Sydney,Port Adelaide,S.C.G.,D,16,15,111,11,19,85
2322,2000,9,2000-05-06 14:10:00,Saturday,Hawthorn,Geelong,M.C.G.,D,14,14,98,10,13,73
2321,2000,9,2000-05-07 14:10:00,Sunday,Melbourne,Essendon,M.C.G.,D,13,15,93,15,16,106
2320,2000,9,2000-05-07 14:10:00,Sunday,Brisbane Lions,Collingwood,Gabba,D,22,14,146,18,9,117
2319,2000,8,2000-04-29 20:40:00,Saturday,West Coast,Western Bulldogs,W.A.C.A.,N,15,18,108,15,12,102
2318,2000,8,2000-04-28 19:40:00,Friday,North Melbourne,Hawthorn,M.C.G.,N,9,13,67,18,20,128
2317,2000,8,2000-05-01 19:40:00,Monday,Brisbane Lions,Essendon,Gabba,N,9,9,63,19,13,127
2316,2000,8,2000-05-01 19:00:00,Monday,Collingwood,Fremantle,Docklands,N,12,13,85,15,17,107
2315,2000,8,2000-04-30 14:40:00,Sunday,Port Adelaide,Melbourne,Football Park,D,12,14,86,17,9,111
2314,2000,8,2000-04-30 14:10:00,Sunday,Carlton,Sydney,Princes Park,D,16,13,109,9,10,64
2313,2000,8,2000-04-30 14:10:00,Sunday,Geelong,Richmond,Docklands,D,11,11,77,23,9,147
2312,2000,8,2000-04-29 14:10:00,Saturday,St Kilda,Adelaide,Docklands,D,10,8,68,14,24,108
2311,2000,7,2000-04-22 19:40:00,Saturday,St Kilda,North Melbourne,Docklands,N,18,9,117,19,15,129
2310,2000,7,2000-04-22 19:40:00,Saturday,Sydney,Geelong,S.C.G.,N,15,9,99,17,6,108
2309,2000,7,2000-04-25 16:10:00,Tuesday,Fremantle,Brisbane Lions,Subiaco,D,17,9,111,15,10,100
2308,2000,7,2000-04-23 14:40:00,Sunday,Port Adelaide,Adelaide,Football Park,D,13,13,91,14,14,98
2307,2000,7,2000-04-23 14:10:00,Sunday,Melbourne,West Coast,Docklands,D,20,18,138,12,5,77
2306,2000,7,2000-04-22 14:10:00,Saturday,Hawthorn,Western Bulldogs,M.C.G.,D,19,9,123,14,8,92
2305,2000,7,2000-04-25 14:10:00,Tuesday,Collingwood,Essendon,M.C.G.,D,15,10,100,21,14,140
2304,2000,7,2000-04-24 14:10:00,Monday,Richmond,Carlton,M.C.G.,D,10,9,69,18,12,120
2303,2000,6,2000-04-15 20:40:00,Saturday,West Coast,Fremantle,Subiaco,N,28,10,178,9,7,61
2302,2000,6,2000-04-14 19:40:00,Friday,Western Bulldogs,Essendon,Docklands,N,12,9,81,22,12,144
2301,2000,6,2000-04-15 19:40:00,Saturday,St Kilda,Brisbane Lions,Docklands,N,9,12,66,15,15,105
2300,2000,6,2000-04-16 14:40:00,Sunday,Adelaide,Hawthorn,Football Park,D,22,11,143,8,9,57
2299,2000,6,2000-04-16 14:10:00,Sunday,Sydney,Richmond,S.C.G.,D,16,10,106,17,10,112
2298,2000,6,2000-04-15 14:10:00,Saturday,Carlton,Port Adelaide,Princes Park,D,26,13,169,12,6,78
2297,2000,6,2000-04-15 14:10:00,Saturday,Collingwood,North Melbourne,M.C.G.,D,11,16,82,17,12,114
2296,2000,6,2000-04-16 14:10:00,Sunday,Geelong,Melbourne,Kardinia Park,D,15,19,109,12,12,84
2295,2000,5,2000-04-08 10:10:00,Saturday,Fremantle,Melbourne,W.A.C.A.,D,10,15,75,14,22,106
2294,2000,5,2000-04-09 20:40:00,Sunday,Port Adelaide,Hawthorn,Football Park,N,10,14,74,16,17,113
2293,2000,5,2000-04-07 19:40:00,Friday,Western Bulldogs,Collingwood,Docklands,N,16,14,110,17,16,118
2292,2000,5,2000-04-08 19:40:00,Saturday,Brisbane Lions,Adelaide,Gabba,N,17,20,122,13,14,92
2291,2000,5,2000-04-09 14:10:00,Sunday,Geelong,West Coast,Kardinia Park,D,24,18,162,11,15,81
2290,2000,5,2000-04-09 14:10:00,Sunday,North Melbourne,Sydney,S.C.G.,D,19,14,128,18,12,120
2289,2000,5,2000-04-09 14:10:00,Sunday,St Kilda,Richmond,Docklands,D,11,18,84,17,8,110
2288,2000,5,2000-04-08 14:10:00,Saturday,Essendon,Carlton,M.C.G.,D,18,15,123,15,9,99
2287,2000,4,2000-04-01 10:10:00,Saturday,West Coast,Adelaide,W.A.C.A.,D,29,13,187,10,13,73
2286,2000,4,2000-03-31 19:40:00,Friday,North Melbourne,Geelong,Docklands,N,15,14,104,15,9,99
2285,2000,4,2000-04-01 19:40:00,Saturday,Sydney,Collingwood,S.C.G.,N,15,11,101,15,16,106
2284,2000,4,2000-04-02 14:40:00,Sunday,Port Adelaide,Brisbane Lions,Football Park,D,23,11,149,15,16,106
2283,2000,4,2000-04-02 14:10:00,Sunday,Melbourne,St Kilda,M.C.G.,D,25,15,165,11,9,75
2282,2000,4,2000-04-02 14:10:00,Sunday,Richmond,Fremantle,Docklands,D,13,9,87,12,16,88
2281,2000,4,2000-04-01 14:10:00,Saturday,Hawthorn,Essendon,M.C.G.,D,14,6,90,20,17,137
2280,2000,4,2000-04-01 14:10:00,Saturday,Western Bulldogs,Carlton,Docklands,D,14,14,98,8,11,59
2279,2000,3,2000-03-26 20:40:00,Sunday,Fremantle,Essendon,Subiaco,N,12,16,88,19,10,124
2278,2000,3,2000-03-25 19:40:00,Saturday,St Kilda,West Coast,Docklands,N,18,8,116,17,14,116
2277,2000,3,2000-03-24 19:40:00,Friday,Richmond,North Melbourne,M.C.G.,N,20,14,134,27,8,170
2276,2000,3,2000-03-25 19:40:00,Saturday,Adelaide,Geelong,Football Park,N,14,16,100,17,9,111
2275,2000,3,2000-03-26 14:10:00,Sunday,Western Bulldogs,Port Adelaide,Docklands,D,22,9,141,14,10,94
2274,2000,3,2000-03-26 14:10:00,Sunday,Sydney,Melbourne,S.C.G.,D,19,12,126,17,12,114
2273,2000,3,2000-03-26 14:10:00,Sunday,Collingwood,Carlton,M.C.G.,D,24,16,160,11,21,87
2272,2000,3,2000-03-25 14:10:00,Saturday,Hawthorn,Brisbane Lions,M.C.G.,D,16,14,110,15,13,103
2271,2000,2,2000-03-19 19:40:00,Sunday,West Coast,Sydney,Subiaco,T,10,10,70,12,10,82
2270,2000,2,2000-03-16 19:40:00,Thursday,Essendon,Richmond,M.C.G.,N,20,10,130,12,15,87
2269,2000,2,2000-03-17 19:40:00,Friday,Melbourne,North Melbourne,M.C.G.,N,23,7,145,17,18,120
2268,2000,2,2000-03-18 19:40:00,Saturday,Port Adelaide,Fremantle,Football Park,N,12,15,87,19,11,125
2267,2000,2,2000-03-19 19:40:00,Sunday,Western Bulldogs,Brisbane Lions,Docklands,N,17,8,110,21,13,139
2266,2000,2,2000-03-18 14:10:00,Saturday,Geelong,St Kilda,Kardinia Park,D,21,13,139,15,9,99
2265,2000,2,2000-03-19 14:10:00,Sunday,Carlton,Hawthorn,Princes Park,D,22,22,154,18,4,112
2264,2000,2,2000-03-19 14:10:00,Sunday,Collingwood,Adelaide,M.C.G.,D,14,19,103,13,14,92
2263,2000,1,2000-03-09 20:15:00,Thursday,Essendon,Port Adelaide,Docklands,N,24,12,156,8,14,62
2262,2000,1,2000-03-10 19:40:00,Friday,North Melbourne,West Coast,M.C.G.,N,16,15,111,24,10,154
2261,2000,1,2000-03-12 19:40:00,Sunday,St Kilda,Sydney,Docklands,N,15,10,100,21,8,134
2260,2000,1,2000-03-08 19:40:00,Wednesday,Richmond,Melbourne,M.C.G.,N,14,10,94,13,14,92
2259,2000,1,2000-03-11 19:40:00,Saturday,Fremantle,Geelong,Subiaco,T,16,11,107,19,15,129
2258,2000,1,2000-03-11 14:40:00,Saturday,Adelaide,Western Bulldogs,Football Park,D,15,18,108,19,17,131
2257,2000,1,2000-03-13 14:10:00,Monday,Hawthorn,Collingwood,M.C.G.,D,13,8,86,20,20,140
2256,2000,1,2000-03-13 14:10:00,Monday,Carlton,Brisbane Lions,Princes Park,D,22,20,152,16,16,112
2255,1999,GF,1999-09-25 15:00:00,Saturday,North Melbourne,Carlton,M.C.G.,D,19,10,124,12,17,89
2254,1999,PF,1999-09-17 19:45:00,Friday,North Melbourne,Brisbane Lions,M.C.G.,N,19,9,123,11,12,78
2253,1999,PF,1999-09-18 14:00:00,Saturday,Essendon,Carlton,M.C.G.,D,14,19,103,16,8,104
2252,1999,SF,1999-09-11 19:45:00,Saturday,Brisbane Lions,Western Bulldogs,Gabba,N,19,12,126,10,13,73
2251,1999,SF,1999-09-11 14:00:00,Saturday,West Coast,Carlton,M.C.G.,D,10,10,70,18,16,124
2250,1999,QF,1999-09-04 19:45:00,Saturday,Brisbane Lions,Carlton,Gabba,N,20,18,138,8,17,65
2249,1999,QF,1999-09-03 19:05:00,Friday,Western Bulldogs,West Coast,M.C.G.,N,8,12,60,9,11,65
2248,1999,QF,1999-09-05 14:00:00,Sunday,Essendon,Sydney,M.C.G.,D,18,15,123,7,12,54
2247,1999,QF,1999-09-04 14:00:00,Saturday,North Melbourne,Port Adelaide,M.C.G.,D,15,10,100,8,8,56
2246,1999,22,1999-08-28 20:00:00,Saturday,West Coast,St Kilda,W.A.C.A.,N,12,8,80,18,13,121
2245,1999,22,1999-08-27 19:00:00,Friday,Richmond,Carlton,M.C.G.,N,13,12,90,11,13,79
2244,1999,22,1999-08-28 14:10:00,Saturday,Collingwood,Brisbane Lions,Victoria Park,D,8,4,52,13,16,94
2243,1999,22,1999-08-29 14:00:00,Sunday,Hawthorn,Sydney,Waverley,D,23,15,153,11,2,68
2242,1999,22,1999-08-28 14:00:00,Saturday,Western Bulldogs,Port Adelaide,Princes Park,D,22,13,145,11,12,78
2241,1999,22,1999-08-28 14:00:00,Saturday,Essendon,Melbourne,M.C.G.,D,17,14,116,15,9,99
2240,1999,22,1999-08-29 14:00:00,Sunday,Geelong,Fremantle,Kardinia Park,D,21,13,139,13,10,88
2239,1999,22,1999-08-29 13:30:00,Sunday,Adelaide,North Melbourne,Football Park,D,8,18,66,22,10,142
2238,1999,21,1999-08-21 10:10:00,Saturday,Fremantle,Sydney,W.A.C.A.,D,10,16,76,15,19,109
2237,1999,21,1999-08-20 19:00:00,Friday,Essendon,Richmond,M.C.G.,N,22,15,147,13,11,89
2236,1999,21,1999-08-21 19:00:00,Saturday,Hawthorn,Geelong,Waverley,N,15,13,103,15,11,101
2235,1999,21,1999-08-22 14:00:00,Sunday,Western Bulldogs,West Coast,Princes Park,D,16,10,106,16,8,104
2234,1999,21,1999-08-21 14:00:00,Saturday,Carlton,St Kilda,Princes Park,D,15,16,106,7,3,45
2233,1999,21,1999-08-22 14:00:00,Sunday,North Melbourne,Collingwood,M.C.G.,D,16,17,113,15,10,100
2232,1999,21,1999-08-21 14:00:00,Saturday,Melbourne,Brisbane Lions,M.C.G.,D,15,14,104,25,9,159
2231,1999,21,1999-08-22 13:30:00,Sunday,Port Adelaide,Adelaide,Football Park,D,13,14,92,9,14,68
2230,1999,20,1999-08-14 10:10:00,Saturday,West Coast,Hawthorn,W.A.C.A.,D,11,16,82,12,12,84
2229,1999,20,1999-08-14 19:30:00,Saturday,Port Adelaide,Melbourne,Football Park,N,8,15,63,6,10,46
2228,1999,20,1999-08-13 19:00:00,Friday,Collingwood,Essendon,M.C.G.,N,10,5,65,12,15,87
2227,1999,20,1999-08-14 14:00:00,Saturday,Richmond,Western Bulldogs,M.C.G.,D,12,7,79,17,13,115
2226,1999,20,1999-08-14 14:00:00,Saturday,St Kilda,North Melbourne,Waverley,D,13,11,89,16,18,114
2225,1999,20,1999-08-15 14:00:00,Sunday,Brisbane Lions,Fremantle,Gabba,D,28,13,181,9,13,67
2224,1999,20,1999-08-15 14:00:00,Sunday,Geelong,Carlton,M.C.G.,D,17,11,113,15,14,104
2223,1999,20,1999-08-15 14:00:00,Sunday,Sydney,Adelaide,S.C.G.,D,25,9,159,5,11,41
2222,1999,19,1999-08-07 10:10:00,Saturday,Fremantle,Carlton,W.A.C.A.,D,8,9,57,19,12,126
2221,1999,19,1999-08-06 19:00:00,Friday,Essendon,West Coast,M.C.G.,N,23,15,153,15,3,93
2220,1999,19,1999-08-07 19:00:00,Saturday,North Melbourne,Sydney,S.C.G.,N,17,9,111,15,11,101
2219,1999,19,1999-08-08 14:00:00,Sunday,Western Bulldogs,St Kilda,Princes Park,D,18,7,115,13,13,91
2218,1999,19,1999-08-07 14:00:00,Saturday,Geelong,Port Adelaide,Kardinia Park,D,18,10,118,12,14,86
2217,1999,19,1999-08-08 14:00:00,Sunday,Hawthorn,Melbourne,Waverley,D,18,14,122,8,6,54
2216,1999,19,1999-08-07 14:00:00,Saturday,Richmond,Collingwood,M.C.G.,D,10,19,79,16,16,112
2215,1999,19,1999-08-08 13:30:00,Sunday,Adelaide,Brisbane Lions,Football Park,D,6,8,44,11,17,83
2214,1999,18,1999-07-31 10:10:00,Saturday,West Coast,Collingwood,W.A.C.A.,D,16,12,108,10,12,72
2213,1999,18,1999-07-30 19:00:00,Friday,North Melbourne,Richmond,M.C.G.,N,15,11,101,11,13,79
2212,1999,18,1999-07-31 19:00:00,Saturday,Sydney,Essendon,S.C.G.,N,11,13,79,15,3,93
2211,1999,18,1999-08-01 14:00:00,Sunday,Carlton,Western Bulldogs,Princes Park,D,14,15,99,14,10,94
2210,1999,18,1999-07-31 14:00:00,Saturday,Melbourne,Geelong,M.C.G.,D,12,8,80,15,11,101
2209,1999,18,1999-08-01 14:00:00,Sunday,Hawthorn,Fremantle,Waverley,D,15,12,102,9,23,77
2208,1999,18,1999-07-31 14:00:00,Saturday,St Kilda,Adelaide,Waverley,D,9,12,66,15,9,99
2207,1999,18,1999-08-01 13:30:00,Sunday,Port Adelaide,Brisbane Lions,Football Park,D,9,12,66,17,16,118
2206,1999,17,1999-07-24 10:10:00,Saturday,Fremantle,Port Adelaide,W.A.C.A.,D,13,11,89,14,12,96
2205,1999,17,1999-07-23 19:00:00,Friday,Melbourne,St Kilda,M.C.G.,N,11,13,79,14,14,98
2204,1999,17,1999-07-24 19:00:00,Saturday,Sydney,Richmond,S.C.G.,N,14,12,96,8,7,55
2203,1999,17,1999-07-25 14:00:00,Sunday,Brisbane Lions,West Coast,Gabba,D,25,16,166,9,12,66
2202,1999,17,1999-07-24 14:00:00,Saturday,Geelong,Western Bulldogs,Kardinia Park,D,13,13,91,14,14,98
2201,1999,17,1999-07-24 14:00:00,Saturday,Essendon,North Melbourne,M.C.G.,D,24,14,158,20,12,132
2200,1999,17,1999-07-25 14:00:00,Sunday,Collingwood,Carlton,M.C.G.,D,14,12,96,23,15,153
2199,1999,17,1999-07-25 13:30:00,Sunday,Adelaide,Hawthorn,Football Park,D,18,17,125,11,10,76
2198,1999,16,1999-07-16 19:00:00,Friday,Richmond,Melbourne,M.C.G.,N,15,17,107,13,4,82
2197,1999,16,1999-07-17 19:00:00,Saturday,North Melbourne,Geelong,S.C.G.,N,22,11,143,13,10,88
2196,1999,16,1999-07-18 16:00:00,Sunday,West Coast,Fremantle,Subiaco,D,11,6,72,17,17,119
2195,1999,16,1999-07-18 14:00:00,Sunday,Carlton,Essendon,M.C.G.,D,9,16,70,23,8,146
2194,1999,16,1999-07-18 14:00:00,Sunday,Hawthorn,Collingwood,Waverley,D,14,8,92,18,16,124
2193,1999,16,1999-07-17 14:00:00,Saturday,St Kilda,Brisbane Lions,Waverley,D,10,8,68,16,11,107
2192,1999,16,1999-07-17 14:00:00,Saturday,Western Bulldogs,Adelaide,M.C.G.,D,14,15,99,14,13,97
2191,1999,16,1999-07-18 13:30:00,Sunday,Port Adelaide,Sydney,Football Park,D,10,12,72,9,10,64
2190,1999,15,1999-07-10 21:00:00,Saturday,Fremantle,St Kilda,Subiaco,N,16,11,107,12,12,84
2189,1999,15,1999-07-09 19:00:00,Friday,Richmond,West Coast,M.C.G.,N,16,8,104,11,9,75
2188,1999,15,1999-07-10 19:00:00,Saturday,Brisbane Lions,Hawthorn,Gabba,N,13,14,92,9,7,61
2187,1999,15,1999-07-10 14:00:00,Saturday,Melbourne,Sydney,M.C.G.,D,10,14,74,18,17,125
2186,1999,15,1999-07-11 14:00:00,Sunday,Western Bulldogs,North Melbourne,M.C.G.,D,23,12,150,16,12,108
2185,1999,15,1999-07-10 14:00:00,Saturday,Geelong,Collingwood,Kardinia Park,D,19,14,128,19,11,125
2184,1999,15,1999-07-10 14:00:00,Saturday,Carlton,Adelaide,Princes Park,D,20,16,136,13,10,88
2183,1999,15,1999-07-11 13:30:00,Sunday,Port Adelaide,Essendon,Football Park,D,14,15,99,9,8,62
2182,1999,14,1999-07-03 20:00:00,Saturday,West Coast,Melbourne,Subiaco,N,16,16,112,11,11,77
2181,1999,14,1999-07-02 19:00:00,Friday,Collingwood,Port Adelaide,M.C.G.,N,13,9,87,12,16,88
2180,1999,14,1999-07-04 14:30:00,Sunday,Adelaide,Geelong,Football Park,D,25,9,159,14,12,96
2179,1999,14,1999-07-04 14:10:00,Sunday,Sydney,Western Bulldogs,S.C.G.,D,14,17,101,18,15,123
2178,1999,14,1999-07-03 14:00:00,Saturday,St Kilda,Richmond,Waverley,D,13,18,96,8,7,55
2177,1999,14,1999-07-04 14:00:00,Sunday,Essendon,Fremantle,M.C.G.,D,16,12,108,10,12,72
2176,1999,14,1999-07-04 14:00:00,Sunday,Hawthorn,Carlton,Waverley,D,7,13,55,13,11,89
2175,1999,14,1999-07-03 14:00:00,Saturday,North Melbourne,Brisbane Lions,M.C.G.,D,15,12,102,15,10,100
2174,1999,13,1999-06-26 19:30:00,Saturday,Port Adelaide,Hawthorn,Football Park,N,8,17,65,6,9,45
2173,1999,13,1999-06-25 19:00:00,Friday,Essendon,Western Bulldogs,M.C.G.,N,10,20,80,11,10,76
2172,1999,13,1999-06-26 19:00:00,Saturday,North Melbourne,Carlton,M.C.G.,N,13,11,89,8,5,53
2171,1999,13,1999-06-27 15:00:00,Sunday,Fremantle,Richmond,Subiaco,D,19,12,126,19,13,127
2170,1999,13,1999-06-27 14:10:00,Sunday,Sydney,Brisbane Lions,S.C.G.,D,15,8,98,20,13,133
2169,1999,13,1999-06-26 14:00:00,Saturday,Geelong,West Coast,Kardinia Park,D,9,14,68,16,16,112
2168,1999,13,1999-06-26 14:00:00,Saturday,St Kilda,Collingwood,Waverley,D,11,16,82,15,13,103
2167,1999,13,1999-06-27 14:00:00,Sunday,Melbourne,Adelaide,M.C.G.,D,16,13,109,13,13,91
2166,1999,12,1999-06-19 20:30:00,Saturday,Adelaide,Collingwood,Football Park,N,14,15,99,14,10,94
2165,1999,12,1999-06-18 19:00:00,Friday,Richmond,Geelong,M.C.G.,N,15,11,101,9,12,66
2164,1999,12,1999-06-19 19:00:00,Saturday,Brisbane Lions,Essendon,Gabba,N,9,17,71,13,11,89
2163,1999,12,1999-06-20 16:10:00,Sunday,West Coast,Port Adelaide,Subiaco,D,21,11,137,11,6,72
2162,1999,12,1999-06-20 14:00:00,Sunday,Carlton,Sydney,Princes Park,D,8,13,61,12,16,88
2161,1999,12,1999-06-19 14:00:00,Saturday,Hawthorn,St Kilda,Waverley,D,17,7,109,14,12,96
2160,1999,12,1999-06-20 14:00:00,Sunday,Melbourne,North Melbourne,M.C.G.,D,14,8,92,12,21,93
2159,1999,12,1999-06-19 14:00:00,Saturday,Western Bulldogs,Fremantle,Princes Park,D,17,13,115,11,13,79
2158,1999,11,1999-06-12 20:30:00,Saturday,Port Adelaide,Richmond,Football Park,N,4,8,32,3,12,30
2157,1999,11,1999-06-11 19:00:00,Friday,Essendon,Geelong,M.C.G.,N,21,11,137,15,14,104
2156,1999,11,1999-06-13 16:10:00,Sunday,Fremantle,Adelaide,Subiaco,D,18,14,122,12,11,83
2155,1999,11,1999-06-14 14:10:00,Monday,North Melbourne,West Coast,S.C.G.,D,12,12,84,9,10,64
2154,1999,11,1999-06-12 14:00:00,Saturday,St Kilda,Sydney,Waverley,D,10,13,73,15,12,102
2153,1999,11,1999-06-14 14:00:00,Monday,Collingwood,Melbourne,M.C.G.,D,11,12,78,13,11,89
2152,1999,11,1999-06-13 14:00:00,Sunday,Western Bulldogs,Hawthorn,Princes Park,D,10,16,76,11,10,76
2151,1999,11,1999-06-12 14:00:00,Saturday,Carlton,Brisbane Lions,Princes Park,D,12,6,78,13,16,94
2150,1999,10,1999-06-04 20:30:00,Friday,Adelaide,Essendon,Football Park,N,8,13,61,16,13,109
2149,1999,10,1999-06-05 19:00:00,Saturday,Brisbane Lions,Western Bulldogs,Gabba,N,6,8,44,9,12,66
2148,1999,10,1999-06-04 19:00:00,Friday,Melbourne,Fremantle,M.C.G.,N,13,12,90,22,12,144
2147,1999,10,1999-06-06 15:00:00,Sunday,West Coast,Carlton,Subiaco,D,12,12,84,15,11,101
2146,1999,10,1999-06-06 14:10:00,Sunday,Sydney,Collingwood,S.C.G.,D,22,13,145,14,10,94
2145,1999,10,1999-06-05 14:00:00,Saturday,Geelong,St Kilda,Kardinia Park,D,16,12,108,18,10,118
2144,1999,10,1999-06-06 14:00:00,Sunday,North Melbourne,Port Adelaide,M.C.G.,D,20,13,133,18,18,126
2143,1999,10,1999-06-05 14:00:00,Saturday,Richmond,Hawthorn,M.C.G.,D,11,15,81,12,15,87
2142,1999,9,1999-05-22 21:00:00,Saturday,Fremantle,North Melbourne,Subiaco,N,12,14,86,17,14,116
2141,1999,9,1999-05-22 19:30:00,Saturday,Adelaide,Richmond,Football Park,N,9,13,67,12,6,78
2140,1999,9,1999-05-21 19:00:00,Friday,Collingwood,Western Bulldogs,M.C.G.,N,12,16,88,19,12,126
2139,1999,9,1999-05-23 15:00:00,Sunday,Sydney,West Coast,S.C.G.,D,11,15,81,14,10,94
2138,1999,9,1999-05-23 14:10:00,Sunday,Brisbane Lions,Geelong,Gabba,D,22,12,144,11,21,87
2137,1999,9,1999-05-23 14:00:00,Sunday,St Kilda,Port Adelaide,Waverley,D,18,11,119,7,15,57
2136,1999,9,1999-05-22 14:00:00,Saturday,Carlton,Melbourne,Princes Park,D,15,7,97,9,10,64
2135,1999,9,1999-05-22 14:00:00,Saturday,Hawthorn,Essendon,Waverley,D,7,5,47,15,17,107
2134,1999,8,1999-05-15 19:30:00,Saturday,Port Adelaide,Carlton,Football Park,N,19,11,125,13,8,86
2133,1999,8,1999-05-14 19:00:00,Friday,Essendon,St Kilda,M.C.G.,N,7,9,51,13,16,94
2132,1999,8,1999-05-15 19:00:00,Saturday,Hawthorn,North Melbourne,Waverley,N,7,7,49,15,11,101
2131,1999,8,1999-05-16 15:00:00,Sunday,West Coast,Adelaide,Subiaco,D,19,12,126,11,6,72
2130,1999,8,1999-05-16 14:00:00,Sunday,Geelong,Sydney,Kardinia Park,D,14,16,100,21,15,141
2129,1999,8,1999-05-15 14:00:00,Saturday,Western Bulldogs,Melbourne,Princes Park,D,17,15,117,7,11,53
2128,1999,8,1999-05-15 14:00:00,Saturday,Collingwood,Fremantle,M.C.G.,D,14,15,99,8,11,59
2127,1999,8,1999-05-16 14:00:00,Sunday,Richmond,Brisbane Lions,M.C.G.,D,21,9,135,17,17,119
2126,1999,7,1999-05-08 20:30:00,Saturday,Port Adelaide,Western Bulldogs,Football Park,N,10,15,75,18,12,120
2125,1999,7,1999-05-07 19:00:00,Friday,Carlton,Richmond,M.C.G.,N,18,10,118,14,14,98
2124,1999,7,1999-05-08 19:00:00,Saturday,Brisbane Lions,Collingwood,Gabba,N,13,18,96,9,8,62
2123,1999,7,1999-05-09 15:00:00,Sunday,Fremantle,Geelong,Subiaco,D,16,20,116,15,9,99
2122,1999,7,1999-05-09 14:10:00,Sunday,Sydney,Hawthorn,S.C.G.,D,20,11,131,16,7,103
2121,1999,7,1999-05-08 14:00:00,Saturday,St Kilda,West Coast,Waverley,D,9,14,68,7,6,48
2120,1999,7,1999-05-08 14:00:00,Saturday,Melbourne,Essendon,M.C.G.,D,20,14,134,17,11,113
2119,1999,7,1999-05-09 14:00:00,Sunday,North Melbourne,Adelaide,M.C.G.,D,22,9,141,12,13,85
2118,1999,6,1999-05-01 21:00:00,Saturday,West Coast,Western Bulldogs,Subiaco,N,18,16,124,7,10,52
2117,1999,6,1999-05-01 19:00:00,Saturday,Brisbane Lions,Melbourne,Gabba,N,14,9,93,10,10,70
2116,1999,6,1999-04-30 19:00:00,Friday,St Kilda,Carlton,M.C.G.,N,14,15,99,7,16,58
2115,1999,6,1999-05-02 14:00:00,Sunday,Collingwood,North Melbourne,M.C.G.,D,16,13,109,21,11,137
2114,1999,6,1999-05-01 14:00:00,Saturday,Geelong,Hawthorn,Kardinia Park,D,14,14,98,14,16,100
2113,1999,6,1999-05-02 14:00:00,Sunday,Sydney,Fremantle,S.C.G.,D,15,10,100,11,9,75
2112,1999,6,1999-05-01 14:00:00,Saturday,Richmond,Essendon,M.C.G.,D,11,12,78,17,11,113
2111,1999,6,1999-05-02 13:30:00,Sunday,Adelaide,Port Adelaide,Football Park,D,18,7,115,12,15,87
2110,1999,5,1999-04-25 21:00:00,Sunday,Fremantle,Brisbane Lions,Subiaco,N,7,11,53,15,18,108
2109,1999,5,1999-04-24 19:00:00,Saturday,North Melbourne,St Kilda,S.C.G.,N,14,8,92,13,12,90
2108,1999,5,1999-04-23 19:00:00,Friday,Western Bulldogs,Richmond,M.C.G.,N,21,17,143,12,9,81
2107,1999,5,1999-04-24 14:00:00,Saturday,Hawthorn,West Coast,Waverley,D,9,14,68,14,10,94
2106,1999,5,1999-04-24 14:00:00,Saturday,Melbourne,Port Adelaide,M.C.G.,D,13,12,90,9,12,66
2105,1999,5,1999-04-24 14:00:00,Saturday,Carlton,Geelong,Princes Park,D,9,11,65,17,13,115
2104,1999,5,1999-04-25 14:00:00,Sunday,Essendon,Collingwood,M.C.G.,D,15,18,108,15,10,100
2103,1999,5,1999-04-25 13:30:00,Sunday,Adelaide,Sydney,Football Park,D,23,17,155,11,8,74
2102,1999,4,1999-04-17 19:00:00,Saturday,Sydney,North Melbourne,S.C.G.,N,10,12,72,10,10,70
2101,1999,4,1999-04-16 19:00:00,Friday,Melbourne,Hawthorn,M.C.G.,N,12,13,85,12,12,84
2100,1999,4,1999-04-17 19:00:00,Saturday,Brisbane Lions,Adelaide,Gabba,N,17,13,115,8,6,54
2099,1999,4,1999-04-18 16:00:00,Sunday,West Coast,Essendon,Subiaco,D,15,7,97,3,5,23
2098,1999,4,1999-04-17 14:00:00,Saturday,St Kilda,Western Bulldogs,Waverley,D,16,11,107,15,9,99
2097,1999,4,1999-04-17 14:00:00,Saturday,Collingwood,Richmond,M.C.G.,D,14,12,96,22,14,146
2096,1999,4,1999-04-17 14:00:00,Saturday,Carlton,Fremantle,Princes Park,D,19,7,121,14,8,92
2095,1999,4,1999-04-18 13:30:00,Sunday,Port Adelaide,Geelong,Football Park,D,10,14,74,17,13,115
2094,1999,3,1999-04-11 20:30:00,Sunday,Adelaide,St Kilda,Football Park,N,14,12,96,11,15,81
2093,1999,3,1999-04-10 20:00:00,Saturday,Fremantle,Hawthorn,Subiaco,N,11,12,78,16,16,112
2092,1999,3,1999-04-10 19:00:00,Saturday,Brisbane Lions,Port Adelaide,Gabba,N,11,14,80,15,13,103
2091,1999,3,1999-04-09 19:00:00,Friday,Richmond,North Melbourne,M.C.G.,N,13,12,90,15,10,100
2090,1999,3,1999-04-11 14:00:00,Sunday,Collingwood,West Coast,Victoria Park,D,11,9,75,16,15,111
2089,1999,3,1999-04-10 14:00:00,Saturday,Essendon,Sydney,M.C.G.,D,22,17,149,9,14,68
2088,1999,3,1999-04-10 14:00:00,Saturday,Geelong,Melbourne,Kardinia Park,D,14,13,97,12,19,91
2087,1999,3,1999-04-11 14:00:00,Sunday,Western Bulldogs,Carlton,Princes Park,D,15,13,103,15,15,105
2086,1999,2,1999-04-03 21:00:00,Saturday,West Coast,Brisbane Lions,Subiaco,N,11,17,83,11,7,73
2085,1999,2,1999-04-01 19:00:00,Thursday,North Melbourne,Essendon,M.C.G.,N,15,16,106,22,9,141
2084,1999,2,1999-04-03 19:00:00,Saturday,Hawthorn,Adelaide,Waverley,N,8,8,56,8,12,60
2083,1999,2,1999-04-03 14:00:00,Saturday,Richmond,Sydney,M.C.G.,D,15,18,108,13,18,96
2082,1999,2,1999-04-04 14:00:00,Sunday,St Kilda,Melbourne,Waverley,D,19,16,130,13,6,84
2081,1999,2,1999-04-03 14:00:00,Saturday,Western Bulldogs,Geelong,Princes Park,D,20,14,134,24,11,155
2080,1999,2,1999-04-05 14:00:00,Monday,Carlton,Collingwood,M.C.G.,D,15,22,112,12,11,83
2079,1999,2,1999-04-04 13:30:00,Sunday,Port Adelaide,Fremantle,Football Park,D,17,12,114,15,11,101
2078,1999,1,1999-03-27 19:30:00,Saturday,Adelaide,Western Bulldogs,Football Park,N,12,6,78,13,13,91
2077,1999,1,1999-03-27 19:00:00,Saturday,Brisbane Lions,St Kilda,Gabba,N,23,14,152,10,3,63
2076,1999,1,1999-03-26 19:00:00,Friday,Geelong,North Melbourne,M.C.G.,N,22,9,141,21,9,135
2075,1999,1,1999-03-25 19:00:00,Thursday,Essendon,Carlton,M.C.G.,N,16,14,110,9,17,71
2074,1999,1,1999-03-28 16:00:00,Sunday,Fremantle,West Coast,Subiaco,D,13,20,98,15,12,102
2073,1999,1,1999-03-27 14:00:00,Saturday,Melbourne,Richmond,M.C.G.,D,14,20,104,13,9,87
2072,1999,1,1999-03-28 14:00:00,Sunday,Sydney,Port Adelaide,S.C.G.,D,12,14,86,17,13,115
2071,1999,1,1999-03-28 14:00:00,Sunday,Collingwood,Hawthorn,M.C.G.,D,8,11,59,10,14,74
2070,1998,GF,1998-09-26 14:00:00,Saturday,North Melbourne,Adelaide,M.C.G.,D,8,22,70,15,15,105
2069,1998,PF,1998-09-18 19:45:00,Friday,North Melbourne,Melbourne,M.C.G.,N,17,12,114,12,12,84
2068,1998,PF,1998-09-19 14:00:00,Saturday,Western Bulldogs,Adelaide,M.C.G.,D,13,15,93,24,17,161
2067,1998,SF,1998-09-12 19:45:00,Saturday,Sydney,Adelaide,S.C.G.,N,10,7,67,14,10,94
2066,1998,SF,1998-09-12 14:00:00,Saturday,Melbourne,St Kilda,M.C.G.,D,15,17,107,7,14,56
2065,1998,QF,1998-09-05 19:45:00,Saturday,Sydney,St Kilda,S.C.G.,N,12,17,89,13,9,87
2064,1998,QF,1998-09-04 19:45:00,Friday,North Melbourne,Essendon,M.C.G.,N,11,16,82,8,12,60
2063,1998,QF,1998-09-06 14:00:00,Sunday,Western Bulldogs,West Coast,M.C.G.,D,18,13,121,7,9,51
2062,1998,QF,1998-09-05 14:00:00,Saturday,Melbourne,Adelaide,M.C.G.,D,17,13,115,9,13,67
2061,1998,22,1998-08-29 20:00:00,Saturday,West Coast,Adelaide,Subiaco,N,12,9,81,15,16,106
2060,1998,22,1998-08-28 19:00:00,Friday,North Melbourne,Western Bulldogs,M.C.G.,N,17,11,113,16,12,108
2059,1998,22,1998-08-29 18:00:00,Saturday,Brisbane Lions,St Kilda,Gabba,N,12,20,92,13,13,91
2058,1998,22,1998-08-30 14:30:00,Sunday,Port Adelaide,Carlton,Football Park,D,12,12,84,21,12,138
2057,1998,22,1998-08-30 14:10:00,Sunday,Sydney,Collingwood,S.C.G.,D,18,11,119,16,11,107
2056,1998,22,1998-08-30 14:00:00,Sunday,Melbourne,Richmond,M.C.G.,D,19,19,133,8,9,57
2055,1998,22,1998-08-29 14:00:00,Saturday,Hawthorn,Fremantle,Waverley,D,22,17,149,9,6,60
2054,1998,22,1998-08-29 14:00:00,Saturday,Geelong,Essendon,M.C.G.,D,19,13,127,18,9,117
2053,1998,21,1998-08-22 20:30:00,Saturday,Adelaide,North Melbourne,Football Park,N,13,14,92,14,21,105
2052,1998,21,1998-08-21 19:00:00,Friday,Essendon,Western Bulldogs,M.C.G.,N,13,12,90,14,17,101
2051,1998,21,1998-08-24 19:00:00,Monday,Melbourne,Sydney,M.C.G.,N,17,12,114,12,11,83
2050,1998,21,1998-08-23 16:10:00,Sunday,Fremantle,Port Adelaide,Subiaco,D,10,11,71,19,10,124
2049,1998,21,1998-08-22 14:00:00,Saturday,St Kilda,West Coast,Waverley,D,9,9,63,7,13,55
2048,1998,21,1998-08-23 14:00:00,Sunday,Hawthorn,Geelong,Waverley,D,11,18,84,8,15,63
2047,1998,21,1998-08-23 14:00:00,Sunday,Collingwood,Carlton,M.C.G.,D,8,15,63,17,16,118
2046,1998,21,1998-08-22 14:00:00,Saturday,Richmond,Brisbane Lions,M.C.G.,D,24,11,155,11,12,78
2045,1998,20,1998-08-15 19:00:00,Saturday,Brisbane Lions,Hawthorn,Gabba,N,7,17,59,13,16,94
2044,1998,20,1998-08-14 19:00:00,Friday,North Melbourne,Fremantle,M.C.G.,N,22,19,151,7,5,47
2043,1998,20,1998-08-16 15:00:00,Sunday,West Coast,Richmond,Subiaco,D,16,16,112,11,7,73
2042,1998,20,1998-08-16 14:40:00,Sunday,Port Adelaide,Melbourne,Football Park,D,10,11,71,14,10,94
2041,1998,20,1998-08-15 14:00:00,Saturday,Western Bulldogs,Sydney,Waverley,D,15,9,99,15,7,97
2040,1998,20,1998-08-16 14:00:00,Sunday,Carlton,St Kilda,M.C.G.,D,19,20,134,15,14,104
2039,1998,20,1998-08-15 14:00:00,Saturday,Essendon,Collingwood,M.C.G.,D,16,13,109,14,15,99
2038,1998,20,1998-08-15 14:00:00,Saturday,Geelong,Adelaide,Kardinia Park,D,6,8,44,18,10,118
2037,1998,19,1998-08-08 20:00:00,Saturday,Fremantle,Essendon,Subiaco,N,12,14,86,18,11,119
2036,1998,19,1998-08-07 19:00:00,Friday,Brisbane Lions,North Melbourne,Gabba,N,12,14,86,15,23,113
2035,1998,19,1998-08-09 14:30:00,Sunday,Adelaide,Port Adelaide,Football Park,D,22,12,144,10,10,70
2034,1998,19,1998-08-09 14:10:00,Sunday,Sydney,West Coast,S.C.G.,D,10,14,74,9,14,68
2033,1998,19,1998-08-08 14:00:00,Saturday,St Kilda,Hawthorn,Waverley,D,10,9,69,19,14,128
2032,1998,19,1998-08-08 14:00:00,Saturday,Western Bulldogs,Geelong,Princes Park,D,13,18,96,14,13,97
2031,1998,19,1998-08-09 14:00:00,Sunday,Richmond,Collingwood,M.C.G.,D,12,14,86,9,13,67
2030,1998,19,1998-08-08 14:00:00,Saturday,Melbourne,Carlton,M.C.G.,D,16,17,113,8,16,64
2029,1998,18,1998-08-01 20:30:00,Saturday,Adelaide,St Kilda,Football Park,N,19,23,137,10,7,67
2028,1998,18,1998-07-31 19:00:00,Friday,Collingwood,Western Bulldogs,M.C.G.,N,10,7,67,16,14,110
2027,1998,18,1998-08-02 16:10:00,Sunday,West Coast,Fremantle,Subiaco,D,15,9,99,8,12,60
2026,1998,18,1998-08-01 14:00:00,Saturday,Geelong,Sydney,Kardinia Park,D,12,15,87,19,7,121
2025,1998,18,1998-08-02 14:00:00,Sunday,Hawthorn,Richmond,Waverley,D,10,10,70,4,10,34
2024,1998,18,1998-08-02 14:00:00,Sunday,Essendon,Carlton,M.C.G.,D,12,12,84,11,12,78
2023,1998,18,1998-08-01 14:00:00,Saturday,Melbourne,Brisbane Lions,M.C.G.,D,22,19,151,8,8,56
2022,1998,18,1998-08-01 11:00:00,Saturday,North Melbourne,Port Adelaide,Manuka Oval,D,18,23,131,10,16,76
2021,1998,17,1998-07-25 20:30:00,Saturday,Port Adelaide,Hawthorn,Football Park,N,18,11,119,15,8,98
2020,1998,17,1998-07-24 20:00:00,Friday,Fremantle,Adelaide,Subiaco,N,14,14,98,15,7,97
2019,1998,17,1998-07-25 14:00:00,Saturday,Collingwood,West Coast,Victoria Park,D,9,11,65,13,8,86
2018,1998,17,1998-07-25 14:00:00,Saturday,Carlton,Western Bulldogs,Princes Park,D,29,11,185,15,15,105
2017,1998,17,1998-07-26 14:00:00,Sunday,Brisbane Lions,Sydney,Gabba,D,14,5,89,22,17,149
2016,1998,17,1998-07-25 14:00:00,Saturday,North Melbourne,Melbourne,M.C.G.,D,22,20,152,13,9,87
2015,1998,17,1998-07-26 14:00:00,Sunday,Richmond,Geelong,M.C.G.,D,10,7,67,8,10,58
2014,1998,17,1998-07-26 14:00:00,Sunday,St Kilda,Essendon,Waverley,D,13,9,87,14,6,90
2013,1998,16,1998-07-17 20:30:00,Friday,Adelaide,Carlton,Football Park,N,16,5,101,16,9,105
2012,1998,16,1998-07-18 19:00:00,Saturday,Hawthorn,Collingwood,Waverley,N,4,14,38,19,10,124
2011,1998,16,1998-07-19 15:00:00,Sunday,West Coast,North Melbourne,Subiaco,D,11,14,80,13,16,94
2010,1998,16,1998-07-19 14:10:00,Sunday,Sydney,Port Adelaide,S.C.G.,D,18,10,118,12,12,84
2009,1998,16,1998-07-18 14:00:00,Saturday,Geelong,St Kilda,Kardinia Park,D,10,16,76,15,10,100
2008,1998,16,1998-07-19 14:00:00,Sunday,Essendon,Richmond,M.C.G.,D,14,10,94,10,15,75
2007,1998,16,1998-07-18 14:00:00,Saturday,Melbourne,Fremantle,M.C.G.,D,16,10,106,13,5,83
2006,1998,16,1998-07-18 14:00:00,Saturday,Western Bulldogs,Brisbane Lions,Princes Park,D,27,15,177,13,8,86
2005,1998,15,1998-07-04 19:00:00,Saturday,Brisbane Lions,West Coast,Gabba,N,6,13,49,11,10,76
2004,1998,15,1998-07-03 19:00:00,Friday,Richmond,Carlton,M.C.G.,N,20,12,132,11,4,70
2003,1998,15,1998-07-05 15:00:00,Sunday,Fremantle,Sydney,Subiaco,D,10,9,69,13,4,82
2002,1998,15,1998-07-05 14:40:00,Sunday,Adelaide,Hawthorn,Football Park,D,9,14,68,4,11,35
2001,1998,15,1998-07-04 14:00:00,Saturday,Essendon,Port Adelaide,M.C.G.,D,16,12,108,12,9,81
2000,1998,15,1998-07-04 14:00:00,Saturday,St Kilda,North Melbourne,Waverley,D,12,7,79,22,13,145
1999,1998,15,1998-07-04 14:00:00,Saturday,Western Bulldogs,Melbourne,Princes Park,D,12,11,83,9,11,65
1998,1998,15,1998-07-05 14:00:00,Sunday,Collingwood,Geelong,M.C.G.,D,10,11,71,9,7,61
1997,1998,14,1998-06-27 20:30:00,Saturday,Port Adelaide,Geelong,Football Park,N,13,13,91,10,13,73
1996,1998,14,1998-06-26 19:00:00,Friday,North Melbourne,Essendon,M.C.G.,N,19,13,127,16,13,109
1995,1998,14,1998-06-28 15:00:00,Sunday,West Coast,Melbourne,Subiaco,D,11,13,79,14,12,96
1994,1998,14,1998-06-28 14:10:00,Sunday,Brisbane Lions,Collingwood,Gabba,D,19,21,135,12,11,83
1993,1998,14,1998-06-28 14:10:00,Sunday,Sydney,Adelaide,S.C.G.,D,12,15,87,18,16,124
1992,1998,14,1998-06-27 14:00:00,Saturday,St Kilda,Western Bulldogs,Waverley,D,12,15,87,10,12,72
1991,1998,14,1998-06-27 14:00:00,Saturday,Carlton,Hawthorn,Princes Park,D,13,14,92,11,10,76
1990,1998,14,1998-06-27 14:00:00,Saturday,Richmond,Fremantle,M.C.G.,D,23,7,145,8,7,55
1989,1998,13,1998-06-20 20:30:00,Saturday,Port Adelaide,Western Bulldogs,Football Park,N,11,7,73,5,9,39
1988,1998,13,1998-06-19 19:00:00,Friday,Essendon,West Coast,M.C.G.,N,11,6,72,11,17,83
1987,1998,13,1998-06-21 15:00:00,Sunday,Fremantle,Carlton,Subiaco,D,10,16,76,10,8,68
1986,1998,13,1998-06-21 14:10:00,Sunday,Sydney,Richmond,S.C.G.,D,16,6,102,13,13,91
1985,1998,13,1998-06-21 14:00:00,Sunday,Melbourne,St Kilda,M.C.G.,D,5,12,42,19,13,127
1984,1998,13,1998-06-20 14:00:00,Saturday,Hawthorn,North Melbourne,Waverley,D,17,12,114,17,10,112
1983,1998,13,1998-06-20 14:00:00,Saturday,Geelong,Brisbane Lions,Kardinia Park,D,12,8,80,15,16,106
1982,1998,13,1998-06-20 14:00:00,Saturday,Collingwood,Adelaide,M.C.G.,D,10,10,70,11,13,79
1981,1998,12,1998-06-13 20:30:00,Saturday,Adelaide,Essendon,Football Park,N,15,18,108,15,16,106
1980,1998,12,1998-06-12 20:00:00,Friday,West Coast,Hawthorn,W.A.C.A.,N,19,9,123,17,6,108
1979,1998,12,1998-06-13 14:00:00,Saturday,Carlton,Sydney,Princes Park,D,14,16,100,11,8,74
1978,1998,12,1998-06-14 14:00:00,Sunday,Collingwood,St Kilda,Waverley,D,11,16,82,17,15,117
1977,1998,12,1998-06-14 14:00:00,Sunday,Brisbane Lions,Port Adelaide,Gabba,D,18,15,123,18,15,123
1976,1998,12,1998-06-14 14:00:00,Sunday,Richmond,North Melbourne,M.C.G.,D,19,13,127,14,8,92
1975,1998,12,1998-06-13 14:00:00,Saturday,Melbourne,Geelong,M.C.G.,D,7,4,46,22,9,141
1974,1998,12,1998-06-14 14:00:00,Sunday,Western Bulldogs,Fremantle,Princes Park,D,18,14,122,15,6,96
1973,1998,11,1998-06-06 20:30:00,Saturday,Port Adelaide,West Coast,Football Park,N,7,13,55,8,9,57
1972,1998,11,1998-06-05 19:00:00,Friday,Essendon,Sydney,M.C.G.,N,24,16,160,15,10,100
1971,1998,11,1998-06-07 16:10:00,Sunday,Fremantle,Brisbane Lions,Subiaco,D,17,19,121,7,8,50
1970,1998,11,1998-06-06 15:00:00,Saturday,Geelong,Carlton,M.C.G.,D,12,8,80,9,9,63
1969,1998,11,1998-06-08 14:00:00,Monday,St Kilda,Richmond,Waverley,D,21,11,137,16,14,110
1968,1998,11,1998-06-06 14:00:00,Saturday,Hawthorn,Melbourne,Waverley,D,10,10,70,18,9,117
1967,1998,11,1998-06-08 14:00:00,Monday,North Melbourne,Collingwood,M.C.G.,D,19,12,126,13,19,97
1966,1998,11,1998-06-07 14:00:00,Sunday,Western Bulldogs,Adelaide,Princes Park,D,24,11,155,13,10,88
1965,1998,10,1998-05-29 20:00:00,Friday,West Coast,Western Bulldogs,W.A.C.A.,N,16,17,113,15,10,100
1964,1998,10,1998-05-30 19:00:00,Saturday,Sydney,St Kilda,S.C.G.,N,8,5,53,24,10,154
1963,1998,10,1998-05-30 15:00:00,Saturday,Hawthorn,Essendon,Waverley,D,13,9,87,13,15,93
1962,1998,10,1998-05-30 14:00:00,Saturday,Richmond,Port Adelaide,M.C.G.,D,13,19,97,9,13,67
1961,1998,10,1998-05-31 14:00:00,Sunday,North Melbourne,Geelong,M.C.G.,D,13,13,91,17,12,114
1960,1998,10,1998-05-31 14:00:00,Sunday,Collingwood,Fremantle,Victoria Park,D,19,5,119,17,10,112
1959,1998,10,1998-05-30 14:00:00,Saturday,Carlton,Brisbane Lions,Princes Park,D,17,9,111,12,15,87
1958,1998,10,1998-05-31 13:30:00,Sunday,Adelaide,Melbourne,Football Park,D,17,9,111,8,10,58
1957,1998,9,1998-05-22 20:00:00,Friday,Fremantle,St Kilda,W.A.C.A.,N,14,21,105,13,12,90
1956,1998,9,1998-05-23 19:00:00,Saturday,Brisbane Lions,Adelaide,Gabba,N,6,14,50,14,14,98
1955,1998,9,1998-05-23 15:00:00,Saturday,Melbourne,Essendon,M.C.G.,D,12,12,84,18,14,122
1954,1998,9,1998-05-24 14:30:00,Sunday,Port Adelaide,Collingwood,Football Park,D,11,14,80,9,9,63
1953,1998,9,1998-05-24 14:10:00,Sunday,Sydney,Hawthorn,S.C.G.,D,17,15,117,11,14,80
1952,1998,9,1998-05-23 14:00:00,Saturday,Geelong,West Coast,Kardinia Park,D,5,14,44,9,11,65
1951,1998,9,1998-05-23 14:00:00,Saturday,Western Bulldogs,Richmond,Waverley,D,13,10,88,11,9,75
1950,1998,9,1998-05-23 14:00:00,Saturday,Carlton,North Melbourne,Princes Park,D,10,14,74,17,13,115
1949,1998,8,1998-05-16 19:00:00,Saturday,St Kilda,Port Adelaide,Waverley,N,10,12,72,5,15,45
1948,1998,8,1998-05-15 19:00:00,Friday,Essendon,Brisbane Lions,M.C.G.,N,12,12,84,8,22,70
1947,1998,8,1998-05-17 15:00:00,Sunday,West Coast,Carlton,Subiaco,D,12,20,92,12,12,84
1946,1998,8,1998-05-17 14:40:00,Sunday,Adelaide,Richmond,Football Park,D,11,13,79,14,8,92
1945,1998,8,1998-05-17 14:00:00,Sunday,Hawthorn,Western Bulldogs,Waverley,D,14,12,96,21,10,136
1944,1998,8,1998-05-16 14:00:00,Saturday,North Melbourne,Sydney,M.C.G.,D,15,15,105,14,11,95
1943,1998,8,1998-05-16 14:00:00,Saturday,Geelong,Fremantle,Kardinia Park,D,12,4,76,6,18,54
1942,1998,8,1998-05-17 14:00:00,Sunday,Melbourne,Collingwood,M.C.G.,D,17,12,114,16,15,111
1941,1998,7,1998-05-08 20:00:00,Friday,Fremantle,Hawthorn,W.A.C.A.,N,8,9,57,15,9,99
1940,1998,7,1998-05-08 19:00:00,Friday,Collingwood,Sydney,M.C.G.,N,12,7,79,18,7,115
1939,1998,7,1998-05-09 19:00:00,Saturday,Essendon,Geelong,M.C.G.,N,11,4,70,12,7,79
1938,1998,7,1998-05-09 14:00:00,Saturday,Carlton,Port Adelaide,Princes Park,D,11,10,76,25,15,165
1937,1998,7,1998-05-10 14:00:00,Sunday,Western Bulldogs,North Melbourne,Princes Park,D,16,15,111,12,11,83
1936,1998,7,1998-05-10 14:00:00,Sunday,Richmond,Melbourne,M.C.G.,D,13,13,91,7,7,49
1935,1998,7,1998-05-09 14:00:00,Saturday,St Kilda,Brisbane Lions,Waverley,D,11,16,82,15,9,99
1934,1998,7,1998-05-10 13:30:00,Sunday,Adelaide,West Coast,Football Park,D,11,13,79,10,11,71
1933,1998,6,1998-05-02 20:30:00,Saturday,Port Adelaide,Fremantle,Football Park,N,13,18,96,9,6,60
1932,1998,6,1998-05-01 19:00:00,Friday,Brisbane Lions,Richmond,Gabba,N,13,8,86,7,9,51
1931,1998,6,1998-05-03 15:00:00,Sunday,West Coast,St Kilda,Subiaco,D,18,11,119,18,13,121
1930,1998,6,1998-05-02 15:00:00,Saturday,Carlton,Collingwood,M.C.G.,D,9,13,67,14,12,96
1929,1998,6,1998-05-03 14:10:00,Sunday,Sydney,Melbourne,S.C.G.,D,8,13,61,12,8,80
1928,1998,6,1998-05-02 14:00:00,Saturday,Geelong,Hawthorn,Kardinia Park,D,13,12,90,10,13,73
1927,1998,6,1998-05-02 14:00:00,Saturday,Western Bulldogs,Essendon,Princes Park,D,13,19,97,13,11,89
1926,1998,6,1998-05-03 14:00:00,Sunday,North Melbourne,Adelaide,M.C.G.,D,15,16,106,15,12,102
1925,1998,5,1998-04-25 20:05:00,Saturday,Fremantle,North Melbourne,W.A.C.A.,N,16,8,104,12,15,87
1924,1998,5,1998-04-24 19:00:00,Friday,Richmond,West Coast,M.C.G.,N,12,14,86,10,11,71
1923,1998,5,1998-04-25 15:00:00,Saturday,Collingwood,Essendon,M.C.G.,D,15,18,108,12,16,88
1922,1998,5,1998-04-26 14:30:00,Sunday,Adelaide,Geelong,Football Park,D,12,15,87,8,13,61
1921,1998,5,1998-04-26 14:10:00,Sunday,Sydney,Western Bulldogs,S.C.G.,D,14,15,99,12,11,83
1920,1998,5,1998-04-26 14:00:00,Sunday,Melbourne,Port Adelaide,M.C.G.,D,14,18,102,6,17,53
1919,1998,5,1998-04-26 14:00:00,Sunday,St Kilda,Carlton,Waverley,D,13,10,88,9,12,66
1918,1998,5,1998-04-25 14:00:00,Saturday,Hawthorn,Brisbane Lions,Waverley,D,18,16,124,12,11,83
1917,1998,4,1998-04-18 20:00:00,Saturday,West Coast,Sydney,W.A.C.A.,N,14,15,99,18,10,118
1916,1998,4,1998-04-17 19:00:00,Friday,Collingwood,Richmond,M.C.G.,N,20,13,133,12,16,88
1915,1998,4,1998-04-18 15:00:00,Saturday,Hawthorn,St Kilda,Waverley,D,18,13,121,20,9,129
1914,1998,4,1998-04-18 14:00:00,Saturday,Geelong,Western Bulldogs,Kardinia Park,D,11,13,79,14,10,94
1913,1998,4,1998-04-19 14:00:00,Sunday,Carlton,Melbourne,Princes Park,D,10,10,70,10,12,72
1912,1998,4,1998-04-19 14:00:00,Sunday,Essendon,Fremantle,Waverley,D,11,10,76,14,16,100
1911,1998,4,1998-04-19 14:00:00,Sunday,North Melbourne,Brisbane Lions,M.C.G.,D,21,11,137,17,18,120
1910,1998,4,1998-04-19 13:30:00,Sunday,Port Adelaide,Adelaide,Football Park,D,11,7,73,8,16,64
1909,1998,3,1998-04-11 20:30:00,Saturday,Port Adelaide,North Melbourne,Football Park,N,10,9,69,15,8,98
1908,1998,3,1998-04-12 15:00:00,Sunday,Fremantle,West Coast,Subiaco,D,10,7,67,14,10,94
1907,1998,3,1998-04-11 15:00:00,Saturday,Richmond,Hawthorn,M.C.G.,D,15,13,103,15,7,97
1906,1998,3,1998-04-12 14:10:00,Sunday,Sydney,Geelong,S.C.G.,D,24,16,160,7,15,57
1905,1998,3,1998-04-13 14:00:00,Monday,Brisbane Lions,Melbourne,Gabba,D,12,15,87,15,10,100
1904,1998,3,1998-04-13 14:00:00,Monday,Carlton,Essendon,M.C.G.,D,14,14,98,14,15,99
1903,1998,3,1998-04-11 14:00:00,Saturday,Western Bulldogs,Collingwood,Princes Park,D,16,23,119,13,7,85
1902,1998,3,1998-04-12 14:00:00,Sunday,St Kilda,Adelaide,Waverley,D,12,10,82,8,12,60
1901,1998,2,1998-04-03 20:00:00,Friday,West Coast,Collingwood,Subiaco,N,17,14,116,8,8,56
1900,1998,2,1998-04-04 19:00:00,Saturday,Sydney,Brisbane Lions,S.C.G.,N,20,15,135,14,13,97
1899,1998,2,1998-04-04 15:00:00,Saturday,Melbourne,North Melbourne,M.C.G.,D,19,11,125,15,10,100
1898,1998,2,1998-04-05 14:00:00,Sunday,Essendon,St Kilda,M.C.G.,D,28,14,182,13,15,93
1897,1998,2,1998-04-04 14:00:00,Saturday,Geelong,Richmond,Kardinia Park,D,14,15,99,11,14,80
1896,1998,2,1998-04-04 14:00:00,Saturday,Hawthorn,Port Adelaide,Waverley,D,10,7,67,17,10,112
1895,1998,2,1998-04-05 14:00:00,Sunday,Western Bulldogs,Carlton,Princes Park,D,22,8,140,13,6,84
1894,1998,2,1998-04-05 13:30:00,Sunday,Adelaide,Fremantle,Football Park,D,25,17,167,11,8,74
1893,1998,1,1998-03-27 19:00:00,Friday,North Melbourne,West Coast,M.C.G.,N,15,13,103,15,11,101
1892,1998,1,1998-03-28 19:00:00,Saturday,Brisbane Lions,Western Bulldogs,Gabba,N,10,12,72,17,16,118
1891,1998,1,1998-03-29 15:00:00,Sunday,Fremantle,Melbourne,Subiaco,D,13,6,84,8,13,61
1890,1998,1,1998-03-28 15:00:00,Saturday,Collingwood,Hawthorn,M.C.G.,D,18,15,123,12,12,84
1889,1998,1,1998-03-29 14:40:00,Sunday,Port Adelaide,Sydney,Football Park,D,17,15,117,20,4,124
1888,1998,1,1998-03-28 14:00:00,Saturday,St Kilda,Geelong,Waverley,D,17,7,109,13,13,91
1887,1998,1,1998-03-29 14:00:00,Sunday,Richmond,Essendon,M.C.G.,D,14,19,103,13,11,89
1886,1998,1,1998-03-28 14:00:00,Saturday,Carlton,Adelaide,Princes Park,D,10,13,73,9,9,63
1885,1997,GF,1997-09-27 14:05:00,Saturday,St Kilda,Adelaide,M.C.G.,D,13,16,94,19,11,125
1884,1997,PF,1997-09-19 19:45:00,Friday,St Kilda,North Melbourne,M.C.G.,N,15,14,104,11,7,73
1883,1997,PF,1997-09-20 14:00:00,Saturday,Western Bulldogs,Adelaide,M.C.G.,D,13,13,91,12,21,93
1882,1997,SF,1997-09-13 20:15:00,Saturday,Adelaide,Geelong,Football Park,N,11,10,76,9,14,68
1881,1997,SF,1997-09-13 14:00:00,Saturday,North Melbourne,West Coast,M.C.G.,D,15,8,98,12,13,85
1880,1997,QF,1997-09-07 19:00:00,Sunday,Geelong,North Melbourne,M.C.G.,N,9,7,61,11,13,79
1879,1997,QF,1997-09-07 14:40:00,Sunday,Adelaide,West Coast,Football Park,D,14,15,99,9,12,66
1878,1997,QF,1997-09-06 14:00:00,Saturday,Western Bulldogs,Sydney,M.C.G.,D,18,11,119,12,12,84
1877,1997,QF,1997-09-07 14:00:00,Sunday,St Kilda,Brisbane Lions,Waverley,D,20,15,135,13,11,89
1876,1997,22,1997-08-29 20:00:00,Friday,West Coast,Brisbane Lions,W.A.C.A.,N,18,12,120,11,15,81
1875,1997,22,1997-08-30 19:00:00,Saturday,Sydney,Geelong,S.C.G.,N,13,12,90,15,10,100
1874,1997,22,1997-08-31 17:30:00,Sunday,Port Adelaide,St Kilda,Football Park,T,12,12,84,17,15,117
1873,1997,22,1997-08-30 14:00:00,Saturday,Hawthorn,Western Bulldogs,Waverley,D,13,9,87,15,15,105
1872,1997,22,1997-08-30 14:00:00,Saturday,Carlton,Richmond,Princes Park,D,13,11,89,13,13,91
1871,1997,22,1997-08-31 14:00:00,Sunday,Collingwood,North Melbourne,M.C.G.,D,18,14,122,15,21,111
1870,1997,22,1997-08-30 14:00:00,Saturday,Melbourne,Fremantle,M.C.G.,D,18,11,119,11,13,79
1869,1997,22,1997-08-31 14:00:00,Sunday,Essendon,Adelaide,Princes Park,D,16,6,102,14,14,98
1868,1997,21,1997-08-25 20:30:00,Monday,Adelaide,Collingwood,Football Park,N,6,12,48,5,9,39
1867,1997,21,1997-08-22 19:00:00,Friday,Melbourne,St Kilda,M.C.G.,N,8,14,62,17,12,114
1866,1997,21,1997-08-23 19:00:00,Saturday,Brisbane Lions,Essendon,Gabba,N,15,12,102,16,10,106
1865,1997,21,1997-08-24 16:10:00,Sunday,Fremantle,Geelong,Subiaco,D,9,14,68,14,16,100
1864,1997,21,1997-08-23 14:10:00,Saturday,Western Bulldogs,West Coast,Whitten Oval,D,12,14,86,10,8,68
1863,1997,21,1997-08-23 14:00:00,Saturday,Carlton,Sydney,Princes Park,D,11,10,76,5,11,41
1862,1997,21,1997-08-24 14:00:00,Sunday,Richmond,Port Adelaide,M.C.G.,D,22,14,146,8,13,61
1861,1997,21,1997-08-23 14:00:00,Saturday,North Melbourne,Hawthorn,M.C.G.,D,10,21,81,6,7,43
1860,1997,20,1997-08-15 20:00:00,Friday,West Coast,Melbourne,W.A.C.A.,N,15,7,97,7,17,59
1859,1997,20,1997-08-16 19:00:00,Saturday,Brisbane Lions,Port Adelaide,Gabba,N,13,15,93,13,15,93
1858,1997,20,1997-08-17 14:30:00,Sunday,Adelaide,Western Bulldogs,Football Park,D,7,18,60,16,7,103
1857,1997,20,1997-08-17 14:00:00,Sunday,Richmond,North Melbourne,M.C.G.,D,14,13,97,14,12,96
1856,1997,20,1997-08-16 14:00:00,Saturday,St Kilda,Fremantle,Waverley,D,12,5,77,9,10,64
1855,1997,20,1997-08-16 14:00:00,Saturday,Collingwood,Essendon,M.C.G.,D,13,13,91,12,9,81
1854,1997,20,1997-08-16 14:00:00,Saturday,Geelong,Carlton,Kardinia Park,D,13,17,95,9,13,67
1853,1997,20,1997-08-17 12:05:00,Sunday,Sydney,Hawthorn,S.C.G.,D,20,15,135,11,11,77
1852,1997,19,1997-08-09 20:00:00,Saturday,Fremantle,Richmond,W.A.C.A.,N,12,13,85,5,12,42
1851,1997,19,1997-08-08 19:00:00,Friday,North Melbourne,Brisbane Lions,M.C.G.,N,17,14,116,9,5,59
1850,1997,19,1997-08-10 14:30:00,Sunday,Port Adelaide,Adelaide,Football Park,D,9,4,58,9,11,65
1849,1997,19,1997-08-09 14:00:00,Saturday,Hawthorn,West Coast,Waverley,D,10,6,66,13,9,87
1848,1997,19,1997-08-09 14:00:00,Saturday,Western Bulldogs,Melbourne,Princes Park,D,14,18,102,9,10,64
1847,1997,19,1997-08-10 14:00:00,Sunday,Essendon,Geelong,M.C.G.,D,11,7,73,9,14,68
1846,1997,19,1997-08-09 14:00:00,Saturday,Carlton,Collingwood,M.C.G.,D,14,23,107,13,13,91
1845,1997,19,1997-08-10 12:05:00,Sunday,Sydney,St Kilda,S.C.G.,D,17,17,119,18,20,128
1844,1997,18,1997-08-02 19:00:00,Saturday,Brisbane Lions,Hawthorn,Gabba,N,21,15,141,11,5,71
1843,1997,18,1997-08-01 19:00:00,Friday,North Melbourne,Essendon,M.C.G.,N,11,17,83,8,16,64
1842,1997,18,1997-08-03 16:00:00,Sunday,Fremantle,West Coast,Subiaco,D,7,7,49,13,4,82
1841,1997,18,1997-08-02 14:00:00,Saturday,Richmond,Western Bulldogs,Princes Park,D,17,13,115,15,10,100
1840,1997,18,1997-08-02 14:00:00,Saturday,Melbourne,Sydney,M.C.G.,D,7,11,53,25,19,169
1839,1997,18,1997-08-03 14:00:00,Sunday,Collingwood,St Kilda,M.C.G.,D,12,17,89,15,21,111
1838,1997,18,1997-08-02 14:00:00,Saturday,Geelong,Port Adelaide,Kardinia Park,D,25,9,159,11,8,74
1837,1997,18,1997-08-03 13:30:00,Sunday,Adelaide,Carlton,Football Park,D,18,19,127,13,8,86
1836,1997,17,1997-07-26 20:30:00,Saturday,Adelaide,Richmond,Football Park,N,29,11,185,7,6,48
1835,1997,17,1997-07-25 19:00:00,Friday,Essendon,Port Adelaide,M.C.G.,N,10,12,72,18,14,122
1834,1997,17,1997-07-26 16:40:00,Saturday,Sydney,Western Bulldogs,S.C.G.,T,22,17,149,7,10,52
1833,1997,17,1997-07-27 16:10:00,Sunday,West Coast,Geelong,Subiaco,D,20,9,129,12,10,82
1832,1997,17,1997-07-26 14:00:00,Saturday,Carlton,North Melbourne,Princes Park,D,7,16,58,14,12,96
1831,1997,17,1997-07-27 14:00:00,Sunday,Collingwood,Melbourne,M.C.G.,D,20,14,134,12,10,82
1830,1997,17,1997-07-26 14:00:00,Saturday,Hawthorn,Fremantle,Waverley,D,9,8,62,10,11,71
1829,1997,17,1997-07-27 14:00:00,Sunday,St Kilda,Brisbane Lions,Waverley,D,12,20,92,5,14,44
1828,1997,16,1997-07-19 20:30:00,Saturday,Port Adelaide,Collingwood,Football Park,N,17,9,111,8,10,58
1827,1997,16,1997-07-19 19:00:00,Saturday,Sydney,West Coast,S.C.G.,N,15,22,112,11,9,75
1826,1997,16,1997-07-18 19:00:00,Friday,Brisbane Lions,Adelaide,Gabba,N,17,16,118,13,9,87
1825,1997,16,1997-07-20 16:10:00,Sunday,Fremantle,Western Bulldogs,Subiaco,D,15,7,97,13,13,91
1824,1997,16,1997-07-19 14:00:00,Saturday,Hawthorn,St Kilda,Waverley,D,9,8,62,20,21,141
1823,1997,16,1997-07-19 14:00:00,Saturday,Geelong,Richmond,Kardinia Park,D,16,14,110,12,6,78
1822,1997,16,1997-07-20 14:00:00,Sunday,Melbourne,North Melbourne,M.C.G.,D,7,16,58,17,12,114
1821,1997,16,1997-07-19 14:00:00,Saturday,Carlton,Essendon,M.C.G.,D,25,15,165,13,9,87
1820,1997,15,1997-07-12 20:30:00,Saturday,Adelaide,St Kilda,Football Park,N,10,16,76,9,12,66
1819,1997,15,1997-07-11 19:00:00,Friday,North Melbourne,Geelong,M.C.G.,N,14,8,92,15,12,102
1818,1997,15,1997-07-13 15:00:00,Sunday,West Coast,Port Adelaide,Subiaco,D,12,13,85,9,13,67
1817,1997,15,1997-07-13 14:00:00,Sunday,Richmond,Hawthorn,M.C.G.,D,22,13,145,10,9,69
1816,1997,15,1997-07-12 14:00:00,Saturday,Collingwood,Fremantle,Victoria Park,D,25,10,160,9,6,60
1815,1997,15,1997-07-12 14:00:00,Saturday,Melbourne,Carlton,M.C.G.,D,18,11,119,15,10,100
1814,1997,15,1997-07-12 14:00:00,Saturday,Western Bulldogs,Brisbane Lions,Princes Park,D,11,7,73,21,11,137
1813,1997,15,1997-07-13 12:05:00,Sunday,Sydney,Essendon,S.C.G.,D,11,13,79,11,12,78
1812,1997,14,1997-07-04 20:30:00,Friday,Adelaide,West Coast,Football Park,N,16,10,106,4,7,31
1811,1997,14,1997-07-05 20:00:00,Saturday,Fremantle,Sydney,W.A.C.A.,N,6,12,48,3,15,33
1810,1997,14,1997-07-05 14:00:00,Saturday,Carlton,Western Bulldogs,Princes Park,D,11,8,74,16,14,110
1809,1997,14,1997-07-06 14:00:00,Sunday,Brisbane Lions,Richmond,Gabba,D,7,26,68,7,8,50
1808,1997,14,1997-07-06 14:00:00,Sunday,Hawthorn,Port Adelaide,Waverley,D,18,16,124,13,14,92
1807,1997,14,1997-07-05 14:00:00,Saturday,St Kilda,North Melbourne,Waverley,D,20,13,133,11,13,79
1806,1997,14,1997-07-06 14:00:00,Sunday,Essendon,Melbourne,M.C.G.,D,18,12,120,8,9,57
1805,1997,14,1997-07-05 14:00:00,Saturday,Geelong,Collingwood,M.C.G.,D,9,26,80,10,12,72
1804,1997,13,1997-06-28 20:30:00,Saturday,Port Adelaide,Fremantle,Football Park,N,10,9,69,7,12,54
1803,1997,13,1997-06-27 20:00:00,Friday,West Coast,Carlton,Subiaco,N,11,13,79,12,14,86
1802,1997,13,1997-06-28 19:00:00,Saturday,Brisbane Lions,Collingwood,Gabba,N,11,22,88,11,7,73
1801,1997,13,1997-06-28 14:00:00,Saturday,St Kilda,Western Bulldogs,Waverley,D,11,18,84,15,11,101
1800,1997,13,1997-06-29 14:00:00,Sunday,Sydney,North Melbourne,S.C.G.,D,8,17,65,7,13,55
1799,1997,13,1997-06-29 14:00:00,Sunday,Hawthorn,Melbourne,Waverley,D,17,16,118,7,13,55
1798,1997,13,1997-06-28 14:00:00,Saturday,Richmond,Essendon,M.C.G.,D,4,10,34,19,13,127
1797,1997,13,1997-06-28 14:00:00,Saturday,Geelong,Adelaide,Kardinia Park,D,17,8,110,7,12,54
1796,1997,12,1997-06-13 19:00:00,Friday,Sydney,Richmond,S.C.G.,N,26,8,164,16,14,110
1795,1997,12,1997-06-15 16:10:00,Sunday,Fremantle,Essendon,Subiaco,D,24,13,157,9,6,60
1794,1997,12,1997-06-15 14:30:00,Sunday,Adelaide,North Melbourne,Football Park,D,12,11,83,16,9,105
1793,1997,12,1997-06-14 14:00:00,Saturday,Collingwood,West Coast,Victoria Park,D,7,13,55,11,5,71
1792,1997,12,1997-06-14 14:00:00,Saturday,Western Bulldogs,Port Adelaide,Princes Park,D,12,10,82,14,10,94
1791,1997,12,1997-06-14 14:00:00,Saturday,Geelong,Hawthorn,Kardinia Park,D,12,10,82,13,10,88
1790,1997,12,1997-06-15 14:00:00,Sunday,St Kilda,Carlton,Waverley,D,16,20,116,12,13,85
1789,1997,12,1997-06-15 14:00:00,Sunday,Melbourne,Brisbane Lions,M.C.G.,D,7,8,50,21,9,135
1788,1997,11,1997-06-07 20:30:00,Saturday,Port Adelaide,Sydney,Football Park,N,4,17,41,10,16,76
1787,1997,11,1997-06-06 19:00:00,Friday,Collingwood,Richmond,M.C.G.,N,10,11,71,11,11,77
1786,1997,11,1997-06-08 16:10:00,Sunday,West Coast,St Kilda,Subiaco,D,11,7,73,13,11,89
1785,1997,11,1997-06-07 14:00:00,Saturday,Essendon,Hawthorn,M.C.G.,D,13,13,91,17,22,124
1784,1997,11,1997-06-07 14:00:00,Saturday,Western Bulldogs,Geelong,Princes Park,D,14,12,96,11,9,75
1783,1997,11,1997-06-09 14:00:00,Monday,North Melbourne,Fremantle,M.C.G.,D,15,15,105,12,7,79
1782,1997,11,1997-06-09 14:00:00,Monday,Carlton,Brisbane Lions,Princes Park,D,12,12,84,9,9,63
1781,1997,11,1997-06-08 14:00:00,Sunday,Melbourne,Adelaide,M.C.G.,D,5,15,45,14,13,97
1780,1997,10,1997-05-30 20:30:00,Friday,Port Adelaide,Carlton,Football Park,N,14,9,93,7,13,55
1779,1997,10,1997-06-02 20:00:00,Monday,Fremantle,Adelaide,Subiaco,N,10,12,72,16,9,105
1778,1997,10,1997-05-31 19:00:00,Saturday,Richmond,Melbourne,M.C.G.,N,9,13,67,14,8,92
1777,1997,10,1997-05-31 14:00:00,Saturday,North Melbourne,West Coast,Princes Park,D,15,13,103,9,4,58
1776,1997,10,1997-06-01 14:00:00,Sunday,Essendon,Western Bulldogs,M.C.G.,D,17,12,114,20,16,136
1775,1997,10,1997-06-01 14:00:00,Sunday,Brisbane Lions,Sydney,Gabba,D,13,14,92,13,11,89
1774,1997,10,1997-05-31 14:00:00,Saturday,Geelong,St Kilda,Kardinia Park,D,16,11,107,11,13,79
1773,1997,10,1997-05-31 14:00:00,Saturday,Hawthorn,Collingwood,Waverley,D,16,12,108,8,7,55
1772,1997,9,1997-05-23 20:30:00,Friday,Port Adelaide,Melbourne,Football Park,N,10,18,78,3,9,27
1771,1997,9,1997-05-24 19:00:00,Saturday,Sydney,Collingwood,S.C.G.,N,16,15,111,11,8,74
1770,1997,9,1997-05-25 15:00:00,Sunday,West Coast,Essendon,Subiaco,D,16,14,110,13,7,85
1769,1997,9,1997-05-25 14:00:00,Sunday,St Kilda,Richmond,Waverley,D,22,9,141,14,10,94
1768,1997,9,1997-05-25 14:00:00,Sunday,Western Bulldogs,North Melbourne,M.C.G.,D,16,7,103,10,11,71
1767,1997,9,1997-05-24 14:00:00,Saturday,Carlton,Fremantle,Princes Park,D,16,9,105,14,4,88
1766,1997,9,1997-05-24 14:00:00,Saturday,Hawthorn,Adelaide,Waverley,D,13,10,88,14,18,102
1765,1997,9,1997-05-25 12:05:00,Sunday,Brisbane Lions,Geelong,Gabba,D,19,12,126,15,8,98
1764,1997,8,1997-05-17 20:30:00,Saturday,Adelaide,Sydney,Football Park,N,22,12,144,8,7,55
1763,1997,8,1997-05-19 19:00:00,Monday,Richmond,West Coast,M.C.G.,N,18,11,119,9,13,67
1762,1997,8,1997-05-16 19:00:00,Friday,Collingwood,Western Bulldogs,M.C.G.,N,19,15,129,11,17,83
1761,1997,8,1997-05-18 16:10:00,Sunday,Fremantle,Brisbane Lions,Subiaco,D,14,14,98,15,3,93
1760,1997,8,1997-05-18 14:00:00,Sunday,Essendon,St Kilda,M.C.G.,D,14,16,100,18,16,124
1759,1997,8,1997-05-17 14:00:00,Saturday,North Melbourne,Port Adelaide,Princes Park,D,19,14,128,15,10,100
1758,1997,8,1997-05-18 14:00:00,Sunday,Carlton,Hawthorn,Princes Park,D,15,16,106,12,9,81
1757,1997,8,1997-05-17 14:00:00,Saturday,Melbourne,Geelong,M.C.G.,D,7,7,49,19,14,128
1756,1997,7,1997-05-10 20:00:00,Saturday,Fremantle,Melbourne,W.A.C.A.,N,17,22,124,10,9,69
1755,1997,7,1997-05-10 19:00:00,Saturday,St Kilda,Port Adelaide,Waverley,N,20,6,126,8,13,61
1754,1997,7,1997-05-09 19:00:00,Friday,North Melbourne,Collingwood,M.C.G.,N,9,14,68,17,9,111
1753,1997,7,1997-05-11 14:30:00,Sunday,Adelaide,Essendon,Football Park,D,18,18,126,11,7,73
1752,1997,7,1997-05-10 14:00:00,Saturday,Geelong,Sydney,Kardinia Park,D,11,10,76,6,8,44
1751,1997,7,1997-05-10 14:00:00,Saturday,Western Bulldogs,Hawthorn,Princes Park,D,19,19,133,13,10,88
1750,1997,7,1997-05-10 14:00:00,Saturday,Richmond,Carlton,M.C.G.,D,10,16,76,14,14,98
1749,1997,7,1997-05-11 12:05:00,Sunday,Brisbane Lions,West Coast,Gabba,D,8,12,60,21,13,139
1748,1997,6,1997-05-02 20:00:00,Friday,West Coast,Western Bulldogs,W.A.C.A.,N,14,15,99,17,11,113
1747,1997,6,1997-05-03 19:00:00,Saturday,Hawthorn,North Melbourne,Waverley,N,14,9,93,16,7,103
1746,1997,6,1997-05-04 14:30:00,Sunday,Port Adelaide,Richmond,Football Park,D,19,8,122,8,10,58
1745,1997,6,1997-05-04 14:00:00,Sunday,St Kilda,Melbourne,Waverley,D,17,19,121,4,11,35
1744,1997,6,1997-05-03 14:00:00,Saturday,Geelong,Fremantle,Kardinia Park,D,14,13,97,6,7,43
1743,1997,6,1997-05-03 14:00:00,Saturday,Essendon,Brisbane Lions,M.C.G.,D,15,12,102,9,17,71
1742,1997,6,1997-05-03 14:00:00,Saturday,Collingwood,Adelaide,Victoria Park,D,13,6,84,11,17,83
1741,1997,6,1997-05-04 12:05:00,Sunday,Sydney,Carlton,S.C.G.,D,21,16,142,11,17,83
1740,1997,5,1997-04-25 20:05:00,Friday,Fremantle,St Kilda,Subiaco,N,16,11,107,15,11,101
1739,1997,5,1997-04-26 19:00:00,Saturday,Hawthorn,Sydney,Waverley,N,15,9,99,11,8,74
1738,1997,5,1997-04-26 14:00:00,Saturday,Melbourne,West Coast,M.C.G.,D,12,6,78,19,12,126
1737,1997,5,1997-04-27 14:00:00,Sunday,North Melbourne,Richmond,M.C.G.,D,21,15,141,7,4,46
1736,1997,5,1997-04-27 14:00:00,Sunday,Carlton,Geelong,Princes Park,D,12,14,86,13,16,94
1735,1997,5,1997-04-25 14:00:00,Friday,Essendon,Collingwood,M.C.G.,D,10,10,70,14,15,99
1734,1997,5,1997-04-26 14:00:00,Saturday,Western Bulldogs,Adelaide,Princes Park,D,9,17,71,19,7,121
1733,1997,5,1997-04-27 13:30:00,Sunday,Port Adelaide,Brisbane Lions,Football Park,D,10,13,73,10,11,71
1732,1997,4,1997-04-19 20:00:00,Saturday,West Coast,Hawthorn,Subiaco,N,17,10,112,13,10,88
1731,1997,4,1997-04-18 19:00:00,Friday,Melbourne,Western Bulldogs,M.C.G.,N,13,9,87,13,11,89
1730,1997,4,1997-04-19 19:00:00,Saturday,St Kilda,Sydney,Waverley,N,12,9,81,18,19,127
1729,1997,4,1997-04-20 14:30:00,Sunday,Adelaide,Port Adelaide,Football Park,D,11,6,72,11,17,83
1728,1997,4,1997-04-19 14:00:00,Saturday,Richmond,Fremantle,Princes Park,D,10,12,72,10,7,67
1727,1997,4,1997-04-20 14:00:00,Sunday,Geelong,Essendon,M.C.G.,D,11,19,85,11,12,78
1726,1997,4,1997-04-19 14:00:00,Saturday,Collingwood,Carlton,M.C.G.,D,12,12,84,15,11,101
1725,1997,4,1997-04-20 12:05:00,Sunday,Brisbane Lions,North Melbourne,Gabba,D,15,19,109,12,11,83
1724,1997,3,1997-04-12 20:30:00,Saturday,Port Adelaide,Geelong,Football Park,N,18,21,129,14,6,90
1723,1997,3,1997-04-11 19:00:00,Friday,Sydney,Melbourne,S.C.G.,N,15,9,99,14,7,91
1722,1997,3,1997-04-13 16:10:00,Sunday,West Coast,Fremantle,Subiaco,D,16,15,111,9,17,71
1721,1997,3,1997-04-12 14:00:00,Saturday,Western Bulldogs,Richmond,M.C.G.,D,16,9,105,12,14,86
1720,1997,3,1997-04-13 14:00:00,Sunday,Essendon,North Melbourne,M.C.G.,D,18,14,122,12,8,80
1719,1997,3,1997-04-12 14:00:00,Saturday,St Kilda,Collingwood,Waverley,D,19,11,125,17,16,118
1718,1997,3,1997-04-13 14:00:00,Sunday,Hawthorn,Brisbane Lions,Waverley,D,12,15,87,11,9,75
1717,1997,3,1997-04-13 14:00:00,Sunday,Carlton,Adelaide,Princes Park,D,15,18,108,12,8,80
1716,1997,2,1997-04-04 19:00:00,Friday,Melbourne,Collingwood,M.C.G.,N,7,14,56,24,19,163
1715,1997,2,1997-04-07 19:00:00,Monday,North Melbourne,Carlton,M.C.G.,N,12,14,86,8,12,60
1714,1997,2,1997-04-06 16:00:00,Sunday,Fremantle,Hawthorn,Subiaco,D,13,9,87,10,13,73
1713,1997,2,1997-04-06 14:30:00,Sunday,Port Adelaide,Essendon,Football Park,D,8,12,60,14,9,93
1712,1997,2,1997-04-05 14:00:00,Saturday,Geelong,West Coast,Kardinia Park,D,11,12,78,11,6,72
1711,1997,2,1997-04-05 14:00:00,Saturday,Western Bulldogs,Sydney,Princes Park,D,13,12,90,12,11,83
1710,1997,2,1997-04-05 14:00:00,Saturday,Richmond,Adelaide,M.C.G.,D,19,14,128,15,10,100
1709,1997,2,1997-04-06 12:05:00,Sunday,Brisbane Lions,St Kilda,Gabba,D,23,16,154,7,15,57
1708,1997,1,1997-03-29 19:00:00,Saturday,West Coast,Sydney,Subiaco,T,12,6,78,5,7,37
1707,1997,1,1997-03-27 19:00:00,Thursday,North Melbourne,Melbourne,M.C.G.,N,7,13,55,10,10,70
1706,1997,1,1997-03-29 19:00:00,Saturday,St Kilda,Hawthorn,Waverley,N,10,11,71,11,11,77
1705,1997,1,1997-03-29 14:00:00,Saturday,Collingwood,Port Adelaide,M.C.G.,D,26,10,166,13,9,87
1704,1997,1,1997-03-30 14:00:00,Sunday,Richmond,Geelong,M.C.G.,D,15,14,104,13,17,95
1703,1997,1,1997-03-29 14:00:00,Saturday,Western Bulldogs,Fremantle,Princes Park,D,11,10,76,10,20,80
1702,1997,1,1997-03-31 14:00:00,Monday,Essendon,Carlton,M.C.G.,D,16,10,106,15,9,99
1701,1997,1,1997-03-30 13:30:00,Sunday,Adelaide,Brisbane Lions,Football Park,D,20,12,132,14,12,96
1700,1996,GF,1996-09-28 14:05:00,Saturday,Sydney,North Melbourne,M.C.G.,D,13,10,88,19,17,131
1699,1996,PF,1996-09-21 19:45:00,Saturday,Sydney,Essendon,S.C.G.,N,10,10,70,10,9,69
1698,1996,PF,1996-09-21 14:00:00,Saturday,North Melbourne,Brisbane Bears,M.C.G.,D,17,12,114,11,10,76
1697,1996,SF,1996-09-14 20:00:00,Saturday,Brisbane Bears,Carlton,Gabba,N,26,14,170,10,13,73
1696,1996,SF,1996-09-14 14:00:00,Saturday,West Coast,Essendon,M.C.G.,D,8,19,67,22,12,144
1695,1996,QF,1996-09-07 20:05:00,Saturday,Sydney,Hawthorn,S.C.G.,N,13,12,90,12,12,84
1694,1996,QF,1996-09-06 19:45:00,Friday,Brisbane Bears,Essendon,Gabba,N,15,11,101,15,10,100
1693,1996,QF,1996-09-07 16:05:00,Saturday,West Coast,Carlton,Subiaco,D,18,17,125,10,10,70
1692,1996,QF,1996-09-08 14:00:00,Sunday,North Melbourne,Geelong,M.C.G.,D,19,17,131,9,17,71
1691,1996,22,1996-08-30 20:00:00,Friday,Essendon,Western Bulldogs,M.C.G.,N,11,13,79,11,10,76
1690,1996,22,1996-08-31 19:00:00,Saturday,Sydney,West Coast,S.C.G.,N,12,13,85,6,14,50
1689,1996,22,1996-08-31 19:00:00,Saturday,Melbourne,Hawthorn,M.C.G.,N,15,11,101,15,12,102
1688,1996,22,1996-09-01 16:10:00,Sunday,Fremantle,Fitzroy,Subiaco,D,24,13,157,10,11,71
1687,1996,22,1996-09-01 14:00:00,Sunday,Richmond,North Melbourne,M.C.G.,D,16,13,109,21,15,141
1686,1996,22,1996-08-31 14:00:00,Saturday,Geelong,Carlton,Kardinia Park,D,9,11,65,16,11,107
1685,1996,22,1996-08-31 14:00:00,Saturday,Collingwood,Brisbane Bears,Victoria Park,D,15,10,100,6,15,51
1684,1996,22,1996-08-31 14:00:00,Saturday,St Kilda,Adelaide,Waverley,D,20,24,144,11,9,75
1683,1996,21,1996-08-23 20:00:00,Friday,North Melbourne,Geelong,M.C.G.,N,14,12,96,16,13,109
1682,1996,21,1996-08-24 19:00:00,Saturday,Brisbane Bears,Fremantle,Gabba,N,10,11,71,10,10,70
1681,1996,21,1996-08-25 17:30:00,Sunday,Adelaide,Collingwood,Football Park,T,14,12,96,24,9,153
1680,1996,21,1996-08-25 16:10:00,Sunday,West Coast,Melbourne,Subiaco,D,24,7,151,11,12,78
1679,1996,21,1996-08-24 14:00:00,Saturday,Carlton,Western Bulldogs,Princes Park,D,13,18,96,9,12,66
1678,1996,21,1996-08-24 14:00:00,Saturday,Essendon,Sydney,M.C.G.,D,14,16,100,12,10,82
1677,1996,21,1996-08-24 14:00:00,Saturday,St Kilda,Hawthorn,Waverley,D,9,9,63,12,8,80
1676,1996,21,1996-08-25 14:00:00,Sunday,Richmond,Fitzroy,M.C.G.,D,28,19,187,5,6,36
1675,1996,20,1996-08-17 20:30:00,Saturday,Adelaide,North Melbourne,Football Park,N,10,10,70,10,16,76
1674,1996,20,1996-08-16 20:00:00,Friday,Melbourne,Fremantle,M.C.G.,N,13,14,92,10,11,71
1673,1996,20,1996-08-18 16:10:00,Sunday,West Coast,Carlton,Subiaco,D,19,13,127,10,8,68
1672,1996,20,1996-08-17 14:00:00,Saturday,Hawthorn,Sydney,Waverley,D,7,7,49,9,18,72
1671,1996,20,1996-08-18 14:00:00,Sunday,Western Bulldogs,St Kilda,Princes Park,D,14,11,95,8,9,57
1670,1996,20,1996-08-17 14:00:00,Saturday,Richmond,Geelong,M.C.G.,D,19,18,132,9,13,67
1669,1996,20,1996-08-18 14:00:00,Sunday,Collingwood,Essendon,M.C.G.,D,9,10,64,11,11,77
1668,1996,20,1996-08-17 14:00:00,Saturday,Fitzroy,Brisbane Bears,Princes Park,D,14,16,100,29,13,187
1667,1996,19,1996-08-09 20:00:00,Friday,Fremantle,Collingwood,W.A.C.A.,N,15,16,106,11,16,82
1666,1996,19,1996-08-10 19:00:00,Saturday,Hawthorn,Western Bulldogs,Waverley,N,20,12,132,10,5,65
1665,1996,19,1996-08-10 14:00:00,Saturday,Geelong,West Coast,Kardinia Park,D,18,19,127,12,10,82
1664,1996,19,1996-08-10 14:00:00,Saturday,Fitzroy,St Kilda,Whitten Oval,D,5,5,35,13,10,88
1663,1996,19,1996-08-11 14:00:00,Sunday,Sydney,Richmond,S.C.G.,D,20,10,130,12,10,82
1662,1996,19,1996-08-10 14:00:00,Saturday,Melbourne,Carlton,M.C.G.,D,20,9,129,17,8,110
1661,1996,19,1996-08-11 14:00:00,Sunday,North Melbourne,Brisbane Bears,Princes Park,D,8,11,59,11,11,77
1660,1996,19,1996-08-10 14:00:00,Saturday,Essendon,Adelaide,Princes Park,D,21,17,143,16,11,107
1659,1996,18,1996-08-02 20:00:00,Friday,North Melbourne,Hawthorn,M.C.G.,N,19,16,130,15,9,99
1658,1996,18,1996-08-04 16:00:00,Sunday,West Coast,Essendon,Subiaco,D,14,15,99,14,9,93
1657,1996,18,1996-08-04 14:00:00,Sunday,Fitzroy,Western Bulldogs,Whitten Oval,D,6,9,45,8,12,60
1656,1996,18,1996-08-03 14:00:00,Saturday,Carlton,Fremantle,Princes Park,D,23,7,145,11,18,84
1655,1996,18,1996-08-03 14:00:00,Saturday,St Kilda,Collingwood,Waverley,D,13,10,88,11,12,78
1654,1996,18,1996-08-04 14:00:00,Sunday,Richmond,Brisbane Bears,Princes Park,D,7,11,53,9,16,70
1653,1996,18,1996-08-03 14:00:00,Saturday,Geelong,Adelaide,Kardinia Park,D,15,14,104,10,9,69
1652,1996,18,1996-08-04 13:00:00,Sunday,Sydney,Melbourne,S.C.G.,D,17,13,115,6,16,52
1651,1996,17,1996-07-26 20:00:00,Friday,Melbourne,North Melbourne,M.C.G.,N,11,4,70,28,15,183
1650,1996,17,1996-07-28 16:00:00,Sunday,Fremantle,Sydney,Subiaco,D,15,14,104,12,6,78
1649,1996,17,1996-07-28 14:40:00,Sunday,Adelaide,Fitzroy,Football Park,D,26,10,166,9,13,67
1648,1996,17,1996-07-27 14:00:00,Saturday,Brisbane Bears,West Coast,Gabba,D,25,13,163,17,14,116
1647,1996,17,1996-07-27 14:00:00,Saturday,Richmond,Hawthorn,Princes Park,D,17,12,114,11,7,73
1646,1996,17,1996-07-27 14:00:00,Saturday,St Kilda,Geelong,Waverley,D,14,16,100,11,10,76
1645,1996,17,1996-07-27 14:00:00,Saturday,Carlton,Essendon,M.C.G.,D,13,13,91,11,16,82
1644,1996,17,1996-07-28 14:00:00,Sunday,Western Bulldogs,Collingwood,M.C.G.,D,16,12,108,17,12,114
1643,1996,16,1996-07-19 20:00:00,Friday,North Melbourne,St Kilda,M.C.G.,N,17,16,118,4,5,29
1642,1996,16,1996-07-20 19:00:00,Saturday,Hawthorn,Carlton,Waverley,N,15,8,98,7,7,49
1641,1996,16,1996-07-21 16:00:00,Sunday,West Coast,Fremantle,Subiaco,D,12,10,82,7,6,48
1640,1996,16,1996-07-20 14:00:00,Saturday,Essendon,Richmond,M.C.G.,D,15,18,108,13,10,88
1639,1996,16,1996-07-20 14:00:00,Saturday,Geelong,Melbourne,Kardinia Park,D,13,10,88,4,6,30
1638,1996,16,1996-07-21 14:00:00,Sunday,Collingwood,Fitzroy,Victoria Park,D,17,14,116,10,16,76
1637,1996,16,1996-07-20 14:00:00,Saturday,Western Bulldogs,Brisbane Bears,Whitten Oval,D,3,4,22,4,12,36
1636,1996,16,1996-07-21 13:00:00,Sunday,Sydney,Adelaide,S.C.G.,D,16,14,110,12,16,88
1635,1996,15,1996-07-12 20:00:00,Friday,West Coast,Fitzroy,W.A.C.A.,N,20,11,131,9,9,63
1634,1996,15,1996-07-13 14:00:00,Saturday,St Kilda,Sydney,Waverley,D,11,13,79,14,12,96
1633,1996,15,1996-07-14 14:00:00,Sunday,Melbourne,Richmond,M.C.G.,D,12,9,81,18,19,127
1632,1996,15,1996-07-13 14:00:00,Saturday,Collingwood,North Melbourne,M.C.G.,D,22,12,144,12,11,83
1631,1996,15,1996-07-13 14:00:00,Saturday,Geelong,Hawthorn,Kardinia Park,D,10,12,72,11,8,74
1630,1996,15,1996-07-14 14:00:00,Sunday,Western Bulldogs,Fremantle,Whitten Oval,D,18,9,117,15,9,99
1629,1996,15,1996-07-14 14:00:00,Sunday,Brisbane Bears,Essendon,Gabba,D,15,13,103,10,8,68
1628,1996,15,1996-07-13 14:00:00,Saturday,Carlton,Adelaide,Princes Park,D,19,17,131,9,10,64
1627,1996,14,1996-07-06 20:30:00,Saturday,Adelaide,Brisbane Bears,Football Park,N,15,12,102,14,10,94
1626,1996,14,1996-07-05 20:00:00,Friday,North Melbourne,Carlton,M.C.G.,N,21,18,144,13,11,89
1625,1996,14,1996-07-07 16:00:00,Sunday,Fremantle,St Kilda,Subiaco,D,11,11,77,15,10,100
1624,1996,14,1996-07-06 14:00:00,Saturday,Richmond,West Coast,M.C.G.,D,7,9,51,10,8,68
1623,1996,14,1996-07-07 14:00:00,Sunday,Melbourne,Western Bulldogs,M.C.G.,D,14,10,94,10,7,67
1622,1996,14,1996-07-06 14:00:00,Saturday,Fitzroy,Essendon,Princes Park,D,7,10,52,17,16,118
1621,1996,14,1996-07-06 14:00:00,Saturday,Hawthorn,Collingwood,Waverley,D,17,12,114,11,15,81
1620,1996,14,1996-07-07 13:00:00,Sunday,Sydney,Geelong,S.C.G.,D,18,17,125,11,8,74
1619,1996,13,1996-06-28 20:00:00,Friday,Collingwood,Richmond,M.C.G.,N,10,9,69,14,8,92
1618,1996,13,1996-06-29 20:00:00,Saturday,Fremantle,North Melbourne,W.A.C.A.,N,8,10,58,9,20,74
1617,1996,13,1996-06-30 14:00:00,Sunday,Western Bulldogs,West Coast,Whitten Oval,D,9,5,59,11,5,71
1616,1996,13,1996-06-29 14:00:00,Saturday,Carlton,Sydney,Princes Park,D,13,13,91,15,12,102
1615,1996,13,1996-06-29 14:00:00,Saturday,Essendon,Hawthorn,M.C.G.,D,18,13,121,15,10,100
1614,1996,13,1996-06-29 14:00:00,Saturday,Fitzroy,Geelong,Whitten Oval,D,6,3,39,25,16,166
1613,1996,13,1996-06-29 14:00:00,Saturday,St Kilda,Brisbane Bears,Waverley,D,14,12,96,7,8,50
1612,1996,13,1996-06-30 13:30:00,Sunday,Adelaide,Melbourne,Football Park,D,10,12,72,19,9,123
1611,1996,12,1996-06-21 20:00:00,Friday,Richmond,Adelaide,M.C.G.,N,19,14,128,13,4,82
1610,1996,12,1996-06-22 19:00:00,Saturday,Brisbane Bears,Melbourne,Gabba,N,18,15,123,6,10,46
1609,1996,12,1996-06-23 16:00:00,Sunday,West Coast,St Kilda,Subiaco,D,22,9,141,17,6,108
1608,1996,12,1996-06-22 14:00:00,Saturday,Geelong,Fremantle,Kardinia Park,D,17,10,112,13,15,93
1607,1996,12,1996-06-22 14:00:00,Saturday,Hawthorn,Fitzroy,Waverley,D,17,12,114,12,11,83
1606,1996,12,1996-06-23 14:00:00,Sunday,North Melbourne,Essendon,M.C.G.,D,16,11,107,14,11,95
1605,1996,12,1996-06-22 14:00:00,Saturday,Collingwood,Carlton,M.C.G.,D,14,11,95,17,14,116
1604,1996,12,1996-06-23 13:00:00,Sunday,Sydney,Western Bulldogs,S.C.G.,D,18,15,123,11,11,77
1603,1996,11,1996-06-15 19:40:00,Saturday,Richmond,St Kilda,M.C.G.,N,21,13,139,15,15,105
1602,1996,11,1996-06-15 19:00:00,Saturday,Brisbane Bears,Carlton,Gabba,N,5,8,38,9,8,62
1601,1996,11,1996-06-16 16:00:00,Sunday,West Coast,Collingwood,Subiaco,D,16,19,115,9,8,62
1600,1996,11,1996-06-15 14:00:00,Saturday,Geelong,Western Bulldogs,Kardinia Park,D,20,9,129,12,13,85
1599,1996,11,1996-06-15 14:00:00,Saturday,North Melbourne,Sydney,Princes Park,D,10,13,73,24,8,152
1598,1996,11,1996-06-16 14:00:00,Sunday,Fitzroy,Melbourne,Whitten Oval,D,8,8,56,18,11,119
1597,1996,11,1996-06-16 14:00:00,Sunday,Essendon,Fremantle,M.C.G.,D,13,12,90,12,17,89
1596,1996,11,1996-06-15 14:00:00,Saturday,Hawthorn,Adelaide,Waverley,D,16,12,108,14,15,99
1595,1996,10,1996-06-07 20:00:00,Friday,Western Bulldogs,North Melbourne,M.C.G.,N,10,9,69,12,17,89
1594,1996,10,1996-06-08 19:00:00,Saturday,St Kilda,Essendon,Waverley,N,9,13,67,13,11,89
1593,1996,10,1996-06-09 17:30:00,Sunday,Adelaide,West Coast,Football Park,T,11,10,76,19,16,130
1592,1996,10,1996-06-09 16:10:00,Sunday,Fremantle,Hawthorn,Subiaco,D,7,11,53,17,8,110
1591,1996,10,1996-06-08 14:00:00,Saturday,Fitzroy,Sydney,Whitten Oval,D,10,7,67,21,11,137
1590,1996,10,1996-06-08 14:00:00,Saturday,Carlton,Richmond,M.C.G.,D,15,11,101,13,12,90
1589,1996,10,1996-06-10 14:00:00,Monday,Melbourne,Collingwood,M.C.G.,D,17,12,114,10,16,76
1588,1996,10,1996-06-08 14:00:00,Saturday,Geelong,Brisbane Bears,Kardinia Park,D,14,14,98,15,8,98
1587,1996,9,1996-05-27 20:00:00,Monday,Collingwood,Geelong,M.C.G.,N,11,10,76,21,13,139
1586,1996,9,1996-05-24 20:00:00,Friday,North Melbourne,Fitzroy,M.C.G.,N,25,20,170,9,11,65
1585,1996,9,1996-05-26 16:00:00,Sunday,Fremantle,Richmond,Subiaco,D,17,18,120,10,6,66
1584,1996,9,1996-05-25 14:00:00,Saturday,Hawthorn,West Coast,Waverley,D,8,8,56,14,6,90
1583,1996,9,1996-05-25 14:00:00,Saturday,Essendon,Melbourne,M.C.G.,D,11,23,89,12,5,77
1582,1996,9,1996-05-26 14:00:00,Sunday,St Kilda,Carlton,Waverley,D,9,15,69,13,13,91
1581,1996,9,1996-05-25 14:00:00,Saturday,Western Bulldogs,Adelaide,Whitten Oval,D,18,11,119,11,13,79
1580,1996,9,1996-05-26 13:00:00,Sunday,Sydney,Brisbane Bears,S.C.G.,D,21,6,132,10,14,74
1579,1996,8,1996-05-17 20:10:00,Friday,Carlton,Geelong,M.C.G.,N,12,14,86,15,8,98
1578,1996,8,1996-05-18 20:00:00,Saturday,West Coast,Sydney,W.A.C.A.,N,14,16,100,9,10,64
1577,1996,8,1996-05-17 19:00:00,Friday,Brisbane Bears,Collingwood,Gabba,N,15,18,108,14,14,98
1576,1996,8,1996-05-18 14:00:00,Saturday,North Melbourne,Richmond,M.C.G.,D,20,24,144,14,5,89
1575,1996,8,1996-05-18 14:00:00,Saturday,Hawthorn,Melbourne,Waverley,D,19,8,122,10,11,71
1574,1996,8,1996-05-18 14:00:00,Saturday,Fitzroy,Fremantle,Whitten Oval,D,16,11,107,10,16,76
1573,1996,8,1996-05-19 14:00:00,Sunday,Western Bulldogs,Essendon,M.C.G.,D,13,6,84,23,13,151
1572,1996,8,1996-05-19 13:30:00,Sunday,Adelaide,St Kilda,Football Park,D,13,19,97,11,7,73
1571,1996,7,1996-05-08 20:05:00,Wednesday,Essendon,Geelong,M.C.G.,N,22,11,143,17,12,114
1570,1996,7,1996-05-10 20:00:00,Friday,Collingwood,St Kilda,M.C.G.,N,14,11,95,18,10,118
1569,1996,7,1996-05-11 19:00:00,Saturday,Brisbane Bears,Hawthorn,Gabba,N,15,14,104,5,11,41
1568,1996,7,1996-05-12 17:30:00,Sunday,Adelaide,Fremantle,Football Park,T,20,12,132,5,6,36
1567,1996,7,1996-05-12 16:10:00,Sunday,West Coast,North Melbourne,Subiaco,D,19,11,125,7,16,58
1566,1996,7,1996-05-12 14:00:00,Sunday,Richmond,Western Bulldogs,M.C.G.,D,17,11,113,9,8,62
1565,1996,7,1996-05-11 14:00:00,Saturday,Melbourne,Sydney,M.C.G.,D,5,8,38,12,10,82
1564,1996,7,1996-05-11 14:00:00,Saturday,Carlton,Fitzroy,Princes Park,D,18,17,125,8,14,62
1563,1996,6,1996-05-03 20:00:00,Friday,Geelong,North Melbourne,M.C.G.,N,13,15,93,15,14,104
1562,1996,6,1996-05-04 19:00:00,Saturday,Hawthorn,St Kilda,Waverley,N,9,11,65,13,8,86
1561,1996,6,1996-05-03 19:00:00,Friday,Sydney,Essendon,S.C.G.,N,14,6,90,12,18,90
1560,1996,6,1996-05-05 16:10:00,Sunday,Fremantle,Brisbane Bears,Subiaco,D,12,13,85,17,8,110
1559,1996,6,1996-05-04 14:00:00,Saturday,Melbourne,West Coast,Princes Park,D,7,8,50,24,12,156
1558,1996,6,1996-05-04 14:00:00,Saturday,Fitzroy,Richmond,Whitten Oval,D,9,8,62,23,16,154
1557,1996,6,1996-05-05 14:00:00,Sunday,Western Bulldogs,Carlton,M.C.G.,D,9,10,64,12,8,80
1556,1996,6,1996-05-04 14:00:00,Saturday,Collingwood,Adelaide,Victoria Park,D,23,14,152,12,8,80
1555,1996,5,1996-04-26 20:00:00,Friday,Fremantle,Melbourne,W.A.C.A.,N,13,18,96,8,11,59
1554,1996,5,1996-04-27 19:00:00,Saturday,Sydney,Hawthorn,S.C.G.,N,13,10,88,11,10,76
1553,1996,5,1996-04-25 14:05:00,Thursday,Essendon,Collingwood,M.C.G.,D,16,9,105,17,15,117
1552,1996,5,1996-04-27 14:00:00,Saturday,Carlton,West Coast,Princes Park,D,12,14,86,12,13,85
1551,1996,5,1996-04-28 14:00:00,Sunday,St Kilda,Western Bulldogs,Waverley,D,16,20,116,13,12,90
1550,1996,5,1996-04-27 14:00:00,Saturday,Geelong,Richmond,Kardinia Park,D,13,13,91,12,16,88
1549,1996,5,1996-04-28 14:00:00,Sunday,Brisbane Bears,Fitzroy,Gabba,D,24,14,158,6,13,49
1548,1996,5,1996-04-27 14:00:00,Saturday,North Melbourne,Adelaide,M.C.G.,D,23,14,152,17,11,113
1547,1996,4,1996-04-20 20:30:00,Saturday,Adelaide,Essendon,Football Park,N,23,23,161,9,11,65
1546,1996,4,1996-04-19 19:00:00,Friday,Brisbane Bears,North Melbourne,Gabba,N,18,17,125,14,11,95
1545,1996,4,1996-04-21 16:10:00,Sunday,West Coast,Geelong,Subiaco,D,12,16,88,16,10,106
1544,1996,4,1996-04-21 14:00:00,Sunday,Richmond,Sydney,Waverley,D,9,16,70,10,11,71
1543,1996,4,1996-04-20 14:00:00,Saturday,Carlton,Melbourne,Princes Park,D,21,7,133,12,14,86
1542,1996,4,1996-04-20 14:00:00,Saturday,Western Bulldogs,Hawthorn,Whitten Oval,D,8,9,57,8,9,57
1541,1996,4,1996-04-20 14:00:00,Saturday,Collingwood,Fremantle,Victoria Park,D,14,14,98,8,13,61
1540,1996,4,1996-04-20 14:00:00,Saturday,St Kilda,Fitzroy,Waverley,D,24,16,160,11,9,75
1539,1996,3,1996-04-12 20:30:00,Friday,Adelaide,Geelong,Football Park,N,21,16,142,12,6,78
1538,1996,3,1996-04-13 19:00:00,Saturday,Brisbane Bears,Richmond,Gabba,N,13,12,90,15,18,108
1537,1996,3,1996-04-14 16:00:00,Sunday,Fremantle,Carlton,Subiaco,D,15,12,102,6,13,49
1536,1996,3,1996-04-14 14:00:00,Sunday,Essendon,West Coast,Waverley,D,16,13,109,6,14,50
1535,1996,3,1996-04-14 14:00:00,Sunday,Melbourne,St Kilda,Princes Park,D,14,14,98,13,10,88
1534,1996,3,1996-04-13 14:00:00,Saturday,Hawthorn,North Melbourne,Waverley,D,12,8,80,22,21,153
1533,1996,3,1996-04-13 14:00:00,Saturday,Western Bulldogs,Fitzroy,Whitten Oval,D,17,19,121,10,10,70
1532,1996,3,1996-04-14 13:00:00,Sunday,Sydney,Collingwood,S.C.G.,D,15,17,107,10,13,73
1531,1996,2,1996-04-06 20:00:00,Saturday,West Coast,Brisbane Bears,W.A.C.A.,N,11,11,77,16,7,103
1530,1996,2,1996-04-06 14:00:00,Saturday,North Melbourne,Western Bulldogs,M.C.G.,D,26,12,168,5,7,37
1529,1996,2,1996-04-06 14:00:00,Saturday,Geelong,St Kilda,Kardinia Park,D,26,8,164,20,14,134
1528,1996,2,1996-04-06 14:00:00,Saturday,Hawthorn,Richmond,Waverley,D,6,15,51,14,14,98
1527,1996,2,1996-04-08 14:00:00,Monday,Collingwood,Melbourne,M.C.G.,D,27,11,173,11,13,79
1526,1996,2,1996-04-07 14:00:00,Sunday,Sydney,Fremantle,S.C.G.,D,9,17,71,13,22,100
1525,1996,2,1996-04-07 14:00:00,Sunday,Essendon,Carlton,M.C.G.,D,10,12,72,15,11,101
1524,1996,2,1996-04-06 14:00:00,Saturday,Fitzroy,Adelaide,Whitten Oval,D,15,11,101,21,7,133
1523,1996,1,1996-03-29 20:05:00,Friday,Melbourne,Geelong,M.C.G.,N,8,8,56,27,21,183
1522,1996,1,1996-03-30 19:00:00,Saturday,Brisbane Bears,Western Bulldogs,Gabba,N,21,15,141,7,12,54
1521,1996,1,1996-03-31 17:30:00,Sunday,Adelaide,Sydney,Football Park,T,20,10,130,6,4,40
1520,1996,1,1996-03-31 16:10:00,Sunday,Fremantle,West Coast,Subiaco,D,6,9,45,9,13,67
1519,1996,1,1996-03-30 14:00:00,Saturday,St Kilda,North Melbourne,Waverley,D,12,13,85,15,19,109
1518,1996,1,1996-03-30 14:00:00,Saturday,Fitzroy,Hawthorn,Whitten Oval,D,11,5,71,13,14,92
1517,1996,1,1996-03-30 14:00:00,Saturday,Richmond,Essendon,M.C.G.,D,15,14,104,19,8,122
1516,1996,1,1996-03-31 14:00:00,Sunday,Carlton,Collingwood,M.C.G.,D,16,13,109,12,15,87
1515,1995,GF,1995-09-30 14:00:00,Saturday,Carlton,Geelong,M.C.G.,D,21,15,141,11,14,80
1514,1995,PF,1995-09-23 19:45:00,Saturday,Carlton,North Melbourne,M.C.G.,N,18,10,118,8,8,56
1513,1995,PF,1995-09-23 14:00:00,Saturday,Geelong,Richmond,Waverley,D,20,9,129,6,4,40
1512,1995,SF,1995-09-17 14:00:00,Sunday,North Melbourne,West Coast,M.C.G.,D,18,21,129,10,11,71
1511,1995,SF,1995-09-16 14:00:00,Saturday,Richmond,Essendon,M.C.G.,D,12,14,86,11,7,73
1510,1995,QF,1995-09-08 20:15:00,Friday,Richmond,North Melbourne,M.C.G.,N,12,12,84,17,12,114
1509,1995,QF,1995-09-09 19:45:00,Saturday,Geelong,Western Bulldogs,M.C.G.,N,24,11,155,10,13,73
1508,1995,QF,1995-09-09 14:00:00,Saturday,Essendon,West Coast,Waverley,D,11,8,74,8,7,55
1507,1995,QF,1995-09-10 14:00:00,Sunday,Carlton,Brisbane Bears,M.C.G.,D,13,12,90,12,5,77
1506,1995,22,1995-09-02 20:30:00,Saturday,Adelaide,Richmond,Football Park,N,12,14,86,19,9,123
1505,1995,22,1995-09-01 19:00:00,Friday,Brisbane Bears,Melbourne,Gabba,N,16,14,110,13,11,89
1504,1995,22,1995-09-03 16:05:00,Sunday,Fremantle,West Coast,Subiaco,D,8,10,58,16,15,111
1503,1995,22,1995-09-02 14:00:00,Saturday,Western Bulldogs,St Kilda,Whitten Oval,D,11,12,78,20,12,132
1502,1995,22,1995-09-02 14:00:00,Saturday,Hawthorn,Geelong,Waverley,D,15,12,102,23,10,148
1501,1995,22,1995-09-02 14:00:00,Saturday,North Melbourne,Fitzroy,Princes Park,D,30,24,204,15,11,101
1500,1995,22,1995-09-02 14:00:00,Saturday,Essendon,Carlton,M.C.G.,D,9,13,67,16,12,108
1499,1995,22,1995-09-03 13:05:00,Sunday,Sydney,Collingwood,S.C.G.,D,19,13,127,15,14,104
1498,1995,21,1995-08-25 20:00:00,Friday,Melbourne,Adelaide,M.C.G.,N,18,7,115,23,8,146
1497,1995,21,1995-08-26 19:00:00,Saturday,Brisbane Bears,Essendon,Gabba,N,17,14,116,12,12,84
1496,1995,21,1995-08-27 16:05:00,Sunday,West Coast,Carlton,Subiaco,D,16,8,104,15,15,105
1495,1995,21,1995-08-26 14:00:00,Saturday,Geelong,Western Bulldogs,Kardinia Park,D,15,20,110,19,11,125
1494,1995,21,1995-08-26 14:00:00,Saturday,Fitzroy,St Kilda,Princes Park,D,13,12,90,16,21,117
1493,1995,21,1995-08-26 14:00:00,Saturday,Hawthorn,North Melbourne,Waverley,D,9,14,68,17,11,113
1492,1995,21,1995-08-26 14:00:00,Saturday,Richmond,Collingwood,M.C.G.,D,14,25,109,7,13,55
1491,1995,21,1995-08-27 13:05:00,Sunday,Sydney,Fremantle,S.C.G.,D,19,13,127,20,24,144
1490,1995,20,1995-08-19 20:30:00,Saturday,Adelaide,Sydney,Football Park,N,13,15,93,22,7,139
1489,1995,20,1995-08-18 20:00:00,Friday,Collingwood,Hawthorn,M.C.G.,N,15,14,104,15,11,101
1488,1995,20,1995-08-20 16:05:00,Sunday,Fremantle,Western Bulldogs,Subiaco,D,17,14,116,12,13,85
1487,1995,20,1995-08-19 14:00:00,Saturday,Melbourne,West Coast,M.C.G.,D,10,15,75,16,8,104
1486,1995,20,1995-08-19 14:00:00,Saturday,Carlton,North Melbourne,Princes Park,D,18,14,122,15,13,103
1485,1995,20,1995-08-19 14:00:00,Saturday,Fitzroy,Geelong,Whitten Oval,D,8,17,65,15,16,106
1484,1995,20,1995-08-19 14:00:00,Saturday,St Kilda,Essendon,Waverley,D,10,15,75,23,13,151
1483,1995,20,1995-08-20 13:05:00,Sunday,Brisbane Bears,Richmond,Gabba,D,24,16,160,13,5,83
1482,1995,19,1995-08-11 20:00:00,Friday,North Melbourne,Richmond,M.C.G.,N,16,14,110,15,10,100
1481,1995,19,1995-08-13 14:05:00,Sunday,West Coast,Adelaide,Subiaco,D,26,21,177,5,12,42
1480,1995,19,1995-08-13 14:00:00,Sunday,Fitzroy,Sydney,Whitten Oval,D,6,8,44,27,8,170
1479,1995,19,1995-08-12 14:00:00,Saturday,Hawthorn,St Kilda,Waverley,D,14,13,97,16,9,105
1478,1995,19,1995-08-12 14:00:00,Saturday,Western Bulldogs,Melbourne,Whitten Oval,D,11,12,78,7,16,58
1477,1995,19,1995-08-12 14:00:00,Saturday,Geelong,Fremantle,Kardinia Park,D,16,10,106,12,11,83
1476,1995,19,1995-08-12 14:00:00,Saturday,Essendon,Collingwood,M.C.G.,D,16,14,110,15,12,102
1475,1995,19,1995-08-13 14:00:00,Sunday,Carlton,Brisbane Bears,Princes Park,D,11,19,85,10,11,71
1474,1995,18,1995-08-04 20:00:00,Friday,Richmond,Hawthorn,M.C.G.,N,13,21,99,8,7,55
1473,1995,18,1995-08-06 16:05:00,Sunday,Fremantle,Fitzroy,Subiaco,D,17,14,116,9,10,64
1472,1995,18,1995-08-05 14:00:00,Saturday,North Melbourne,West Coast,Princes Park,D,15,16,106,7,2,44
1471,1995,18,1995-08-06 14:00:00,Sunday,Carlton,Western Bulldogs,Princes Park,D,15,16,106,11,15,81
1470,1995,18,1995-08-06 14:00:00,Sunday,Collingwood,Geelong,M.C.G.,D,15,9,99,14,11,95
1469,1995,18,1995-08-05 14:00:00,Saturday,Melbourne,Essendon,M.C.G.,D,11,7,73,15,16,106
1468,1995,18,1995-08-05 14:00:00,Saturday,St Kilda,Adelaide,Waverley,D,10,8,68,14,14,98
1467,1995,18,1995-08-06 13:05:00,Sunday,Sydney,Brisbane Bears,S.C.G.,D,17,9,111,19,12,126
1466,1995,17,1995-07-28 20:00:00,Friday,North Melbourne,Melbourne,M.C.G.,N,12,8,80,15,12,102
1465,1995,17,1995-07-30 17:35:00,Sunday,Adelaide,Brisbane Bears,Football Park,T,6,10,46,11,10,76
1464,1995,17,1995-07-30 14:05:00,Sunday,West Coast,Collingwood,Subiaco,D,18,21,129,11,13,79
1463,1995,17,1995-07-29 14:00:00,Saturday,Geelong,Sydney,Kardinia Park,D,23,13,151,11,8,74
1462,1995,17,1995-07-29 14:00:00,Saturday,Richmond,St Kilda,Princes Park,D,9,8,62,15,17,107
1461,1995,17,1995-07-29 14:00:00,Saturday,Western Bulldogs,Hawthorn,Whitten Oval,D,8,9,57,7,10,52
1460,1995,17,1995-07-29 14:00:00,Saturday,Essendon,Fremantle,M.C.G.,D,21,9,135,13,9,87
1459,1995,17,1995-07-30 14:00:00,Sunday,Fitzroy,Carlton,Waverley,D,9,10,64,24,17,161
1458,1995,16,1995-07-21 20:30:00,Friday,Adelaide,North Melbourne,Football Park,N,9,11,65,7,12,54
1457,1995,16,1995-07-22 19:00:00,Saturday,Sydney,Western Bulldogs,S.C.G.,N,12,7,79,21,8,134
1456,1995,16,1995-07-23 16:05:00,Sunday,Fremantle,Richmond,Subiaco,D,9,13,67,10,14,74
1455,1995,16,1995-07-22 14:00:00,Saturday,St Kilda,West Coast,Waverley,D,9,10,64,19,8,122
1454,1995,16,1995-07-22 14:00:00,Saturday,Melbourne,Geelong,Princes Park,D,12,10,82,15,21,111
1453,1995,16,1995-07-22 14:00:00,Saturday,Essendon,Fitzroy,M.C.G.,D,22,18,150,12,7,79
1452,1995,16,1995-07-23 14:00:00,Sunday,Collingwood,Carlton,M.C.G.,D,10,8,68,12,18,90
1451,1995,16,1995-07-23 13:05:00,Sunday,Brisbane Bears,Hawthorn,Gabba,D,14,20,104,14,13,97
1450,1995,15,1995-07-14 20:00:00,Friday,Richmond,Essendon,M.C.G.,N,15,11,101,15,11,101
1449,1995,15,1995-07-16 16:05:00,Sunday,West Coast,Western Bulldogs,Subiaco,D,8,13,61,12,15,87
1448,1995,15,1995-07-15 14:00:00,Saturday,North Melbourne,Sydney,M.C.G.,D,12,12,84,16,17,113
1447,1995,15,1995-07-16 14:00:00,Sunday,Geelong,St Kilda,M.C.G.,D,13,7,85,13,15,93
1446,1995,15,1995-07-15 14:00:00,Saturday,Fitzroy,Melbourne,Whitten Oval,D,7,8,50,20,11,131
1445,1995,15,1995-07-15 14:00:00,Saturday,Hawthorn,Fremantle,Waverley,D,18,10,118,11,8,74
1444,1995,15,1995-07-15 14:00:00,Saturday,Carlton,Adelaide,Princes Park,D,20,13,133,15,10,100
1443,1995,15,1995-07-16 13:05:00,Sunday,Brisbane Bears,Collingwood,Gabba,D,11,14,80,19,15,129
1442,1995,14,1995-07-07 20:00:00,Friday,North Melbourne,Collingwood,M.C.G.,N,18,17,125,10,13,73
1441,1995,14,1995-07-09 16:05:00,Sunday,Fremantle,Melbourne,Subiaco,D,7,8,50,15,12,102
1440,1995,14,1995-07-08 14:00:00,Saturday,Hawthorn,West Coast,Waverley,D,8,8,56,14,13,97
1439,1995,14,1995-07-09 14:00:00,Sunday,Fitzroy,Western Bulldogs,Whitten Oval,D,12,7,79,23,8,146
1438,1995,14,1995-07-09 14:00:00,Sunday,Carlton,Richmond,M.C.G.,D,17,13,115,12,13,85
1437,1995,14,1995-07-08 14:00:00,Saturday,Geelong,Brisbane Bears,Kardinia Park,D,15,21,111,15,8,98
1436,1995,14,1995-07-08 14:00:00,Saturday,Essendon,Adelaide,M.C.G.,D,27,20,182,8,12,60
1435,1995,14,1995-07-09 13:05:00,Sunday,Sydney,St Kilda,S.C.G.,D,14,10,94,17,17,119
1434,1995,13,1995-06-30 20:00:00,Friday,Collingwood,Adelaide,M.C.G.,N,24,8,152,7,14,56
1433,1995,13,1995-07-02 16:05:00,Sunday,Fremantle,Carlton,Subiaco,D,7,7,49,15,16,106
1432,1995,13,1995-07-01 14:00:00,Saturday,Geelong,West Coast,Kardinia Park,D,17,14,116,9,10,64
1431,1995,13,1995-07-01 14:00:00,Saturday,Melbourne,Richmond,M.C.G.,D,14,11,95,12,12,84
1430,1995,13,1995-07-01 14:00:00,Saturday,St Kilda,North Melbourne,Waverley,D,12,12,84,18,13,121
1429,1995,13,1995-07-02 14:00:00,Sunday,Fitzroy,Hawthorn,Princes Park,D,7,10,52,21,25,151
1428,1995,13,1995-07-01 14:00:00,Saturday,Western Bulldogs,Brisbane Bears,Whitten Oval,D,9,15,69,8,5,53
1427,1995,13,1995-07-02 13:05:00,Sunday,Sydney,Essendon,S.C.G.,D,21,12,138,17,17,119
1426,1995,12,1995-06-24 20:30:00,Saturday,Adelaide,Fremantle,Football Park,N,16,9,105,12,12,84
1425,1995,12,1995-06-23 20:00:00,Friday,Essendon,Hawthorn,M.C.G.,N,10,18,78,8,12,60
1424,1995,12,1995-06-25 16:05:00,Sunday,West Coast,Sydney,Subiaco,D,11,7,73,10,12,72
1423,1995,12,1995-06-25 14:00:00,Sunday,St Kilda,Melbourne,Waverley,D,11,7,73,13,12,90
1422,1995,12,1995-06-24 14:00:00,Saturday,Carlton,Geelong,Princes Park,D,16,16,112,15,19,109
1421,1995,12,1995-06-24 14:00:00,Saturday,Richmond,Fitzroy,M.C.G.,D,15,19,109,15,13,103
1420,1995,12,1995-06-24 14:00:00,Saturday,Western Bulldogs,Collingwood,Waverley,D,10,11,71,10,11,71
1419,1995,12,1995-06-25 13:05:00,Sunday,Brisbane Bears,North Melbourne,Gabba,D,13,11,89,20,13,133
1418,1995,11,1995-06-10 20:30:00,Saturday,Adelaide,Western Bulldogs,Football Park,N,12,18,90,6,10,46
1417,1995,11,1995-06-09 20:00:00,Friday,Collingwood,St Kilda,M.C.G.,N,25,11,161,13,9,87
1416,1995,11,1995-06-11 16:05:00,Sunday,Fremantle,North Melbourne,Subiaco,D,11,6,72,22,11,143
1415,1995,11,1995-06-10 14:00:00,Saturday,Richmond,West Coast,Princes Park,D,18,15,123,9,9,63
1414,1995,11,1995-06-12 14:00:00,Monday,Hawthorn,Sydney,Waverley,D,17,11,113,9,17,71
1413,1995,11,1995-06-10 14:00:00,Saturday,Essendon,Geelong,M.C.G.,D,17,10,112,19,9,123
1412,1995,11,1995-06-12 14:00:00,Monday,Melbourne,Carlton,M.C.G.,D,12,8,80,16,16,112
1411,1995,11,1995-06-11 13:05:00,Sunday,Brisbane Bears,Fitzroy,Gabba,D,17,30,132,10,14,74
1410,1995,10,1995-06-02 20:00:00,Friday,North Melbourne,Essendon,M.C.G.,N,19,12,126,15,9,99
1409,1995,10,1995-06-04 14:05:00,Sunday,West Coast,Brisbane Bears,Subiaco,D,17,10,112,10,7,67
1408,1995,10,1995-06-03 14:00:00,Saturday,Melbourne,Sydney,M.C.G.,D,15,12,102,11,11,77
1407,1995,10,1995-06-04 14:00:00,Sunday,Western Bulldogs,Richmond,M.C.G.,D,9,10,64,13,18,96
1406,1995,10,1995-06-04 14:00:00,Sunday,Carlton,Hawthorn,Princes Park,D,26,16,172,10,10,70
1405,1995,10,1995-06-03 14:00:00,Saturday,St Kilda,Fremantle,Waverley,D,9,6,60,20,11,131
1404,1995,10,1995-06-03 14:00:00,Saturday,Collingwood,Fitzroy,Victoria Park,D,13,15,93,10,19,79
1403,1995,10,1995-06-03 14:00:00,Saturday,Geelong,Adelaide,Kardinia Park,D,16,20,116,14,7,91
1402,1995,9,1995-05-27 20:30:00,Saturday,Adelaide,Hawthorn,Football Park,N,9,6,60,7,16,58
1401,1995,9,1995-05-26 20:00:00,Friday,North Melbourne,Geelong,M.C.G.,N,12,7,79,20,20,140
1400,1995,9,1995-05-28 16:05:00,Sunday,Fremantle,Brisbane Bears,Subiaco,D,17,18,120,8,6,54
1399,1995,9,1995-05-27 14:00:00,Saturday,Fitzroy,West Coast,Manuka Oval,D,8,6,54,12,10,82
1398,1995,9,1995-05-27 14:00:00,Saturday,Essendon,Western Bulldogs,M.C.G.,D,15,11,101,9,13,67
1397,1995,9,1995-05-28 14:00:00,Sunday,Melbourne,Collingwood,M.C.G.,D,12,13,85,7,16,58
1396,1995,9,1995-05-27 14:00:00,Saturday,St Kilda,Carlton,Waverley,D,11,14,80,3,6,24
1395,1995,9,1995-05-28 13:05:00,Sunday,Sydney,Richmond,S.C.G.,D,14,6,90,17,14,116
1394,1995,8,1995-05-20 20:30:00,Saturday,Adelaide,Fitzroy,Football Park,N,9,12,66,15,9,99
1393,1995,8,1995-05-19 19:00:00,Friday,Sydney,Carlton,S.C.G.,N,21,6,132,8,12,60
1392,1995,8,1995-05-21 16:05:00,Sunday,West Coast,Essendon,Subiaco,D,13,12,90,16,12,108
1391,1995,8,1995-05-20 14:00:00,Saturday,Western Bulldogs,North Melbourne,Whitten Oval,D,13,6,84,15,15,105
1390,1995,8,1995-05-20 14:00:00,Saturday,Hawthorn,Melbourne,Waverley,D,7,8,50,17,10,112
1389,1995,8,1995-05-20 14:00:00,Saturday,Richmond,Geelong,M.C.G.,D,14,7,91,24,19,163
1388,1995,8,1995-05-20 14:00:00,Saturday,Collingwood,Fremantle,Victoria Park,D,20,11,131,14,9,93
1387,1995,8,1995-05-21 13:05:00,Sunday,Brisbane Bears,St Kilda,Gabba,D,17,13,115,14,10,94
1386,1995,7,1995-05-12 20:00:00,Friday,Richmond,Adelaide,M.C.G.,N,10,12,72,9,4,58
1385,1995,7,1995-05-14 14:05:00,Sunday,West Coast,Fremantle,Subiaco,D,23,13,151,9,12,66
1384,1995,7,1995-05-13 14:00:00,Saturday,St Kilda,Western Bulldogs,Waverley,D,15,15,105,12,15,87
1383,1995,7,1995-05-13 14:00:00,Saturday,Collingwood,Sydney,Victoria Park,D,13,19,97,11,10,76
1382,1995,7,1995-05-13 14:00:00,Saturday,Fitzroy,North Melbourne,Whitten Oval,D,13,10,88,17,16,118
1381,1995,7,1995-05-13 14:00:00,Saturday,Geelong,Hawthorn,Kardinia Park,D,9,19,73,11,12,78
1380,1995,7,1995-05-13 14:00:00,Saturday,Carlton,Essendon,M.C.G.,D,10,15,75,9,13,67
1379,1995,7,1995-05-14 14:00:00,Sunday,Melbourne,Brisbane Bears,M.C.G.,D,12,10,82,10,15,75
1378,1995,6,1995-05-05 20:30:00,Friday,Adelaide,Melbourne,Football Park,N,11,11,77,10,9,69
1377,1995,6,1995-05-07 14:05:00,Sunday,Fremantle,Sydney,W.A.C.A.,D,25,13,163,16,9,105
1376,1995,6,1995-05-06 14:00:00,Saturday,Carlton,West Coast,Princes Park,D,13,12,90,10,7,67
1375,1995,6,1995-05-06 14:00:00,Saturday,Collingwood,Richmond,M.C.G.,D,12,10,82,13,16,94
1374,1995,6,1995-05-07 14:00:00,Sunday,North Melbourne,Hawthorn,M.C.G.,D,22,12,144,14,13,97
1373,1995,6,1995-05-06 14:00:00,Saturday,Western Bulldogs,Geelong,Whitten Oval,D,8,14,62,22,18,150
1372,1995,6,1995-05-06 14:00:00,Saturday,St Kilda,Fitzroy,Waverley,D,10,13,73,12,12,84
1371,1995,6,1995-05-07 14:00:00,Sunday,Essendon,Brisbane Bears,Princes Park,D,19,14,128,14,16,100
1370,1995,5,1995-04-29 20:00:00,Saturday,West Coast,Melbourne,W.A.C.A.,N,13,12,90,11,8,74
1369,1995,5,1995-04-30 14:05:00,Sunday,Sydney,Adelaide,S.C.G.,D,20,24,144,12,15,87
1368,1995,5,1995-04-30 14:00:00,Sunday,Essendon,St Kilda,Princes Park,D,24,10,154,5,8,38
1367,1995,5,1995-04-29 14:00:00,Saturday,Western Bulldogs,Fremantle,Whitten Oval,D,14,14,98,14,12,96
1366,1995,5,1995-04-29 14:00:00,Saturday,Geelong,Fitzroy,Kardinia Park,D,28,13,181,13,14,92
1365,1995,5,1995-04-30 14:00:00,Sunday,Hawthorn,Collingwood,Waverley,D,14,12,96,4,13,37
1364,1995,5,1995-04-30 14:00:00,Sunday,North Melbourne,Carlton,M.C.G.,D,7,8,50,12,12,84
1363,1995,5,1995-04-29 14:00:00,Saturday,Richmond,Brisbane Bears,M.C.G.,D,17,14,116,14,12,96
1362,1995,4,1995-04-24 20:00:00,Monday,Richmond,North Melbourne,M.C.G.,N,21,8,134,13,7,85
1361,1995,4,1995-04-21 20:00:00,Friday,Fremantle,Geelong,W.A.C.A.,N,12,22,94,10,15,75
1360,1995,4,1995-04-22 19:00:00,Saturday,Sydney,Fitzroy,S.C.G.,N,17,14,116,12,12,84
1359,1995,4,1995-04-23 15:35:00,Sunday,Adelaide,West Coast,Football Park,D,7,14,56,6,10,46
1358,1995,4,1995-04-23 14:00:00,Sunday,Melbourne,Western Bulldogs,Princes Park,D,12,8,80,16,7,103
1357,1995,4,1995-04-22 14:00:00,Saturday,St Kilda,Hawthorn,Waverley,D,10,10,70,16,10,106
1356,1995,4,1995-04-25 14:00:00,Tuesday,Collingwood,Essendon,M.C.G.,D,17,9,111,16,15,111
1355,1995,4,1995-04-23 13:05:00,Sunday,Brisbane Bears,Carlton,Gabba,D,12,10,82,18,11,119
1354,1995,3,1995-04-15 20:00:00,Saturday,West Coast,North Melbourne,W.A.C.A.,N,12,19,91,5,13,43
1353,1995,3,1995-04-16 17:35:00,Sunday,Adelaide,St Kilda,Football Park,T,13,14,92,3,8,26
1352,1995,3,1995-04-16 14:05:00,Sunday,Brisbane Bears,Sydney,Gabba,D,15,14,104,14,15,99
1351,1995,3,1995-04-16 14:00:00,Sunday,Hawthorn,Richmond,Waverley,D,5,4,34,4,16,40
1350,1995,3,1995-04-17 14:00:00,Monday,Essendon,Melbourne,M.C.G.,D,14,14,98,12,10,82
1349,1995,3,1995-04-15 14:00:00,Saturday,Fitzroy,Fremantle,Whitten Oval,D,11,12,78,18,13,121
1348,1995,3,1995-04-15 14:00:00,Saturday,Geelong,Collingwood,Kardinia Park,D,18,14,122,14,11,95
1347,1995,3,1995-04-15 14:00:00,Saturday,Western Bulldogs,Carlton,M.C.G.,D,8,12,60,23,20,158
1346,1995,2,1995-04-07 20:00:00,Friday,Fremantle,Essendon,W.A.C.A.,N,11,16,82,12,19,91
1345,1995,2,1995-04-09 16:05:00,Sunday,Sydney,Geelong,S.C.G.,T,10,15,75,11,14,80
1344,1995,2,1995-04-09 14:00:00,Sunday,Collingwood,West Coast,M.C.G.,D,11,10,76,11,14,80
1343,1995,2,1995-04-08 14:00:00,Saturday,Hawthorn,Western Bulldogs,Waverley,D,10,11,71,14,11,95
1342,1995,2,1995-04-09 14:00:00,Sunday,St Kilda,Richmond,Waverley,D,9,15,69,14,11,95
1341,1995,2,1995-04-08 14:00:00,Saturday,Melbourne,North Melbourne,M.C.G.,D,12,15,87,16,10,106
1340,1995,2,1995-04-08 14:00:00,Saturday,Carlton,Fitzroy,Princes Park,D,18,17,125,8,8,56
1339,1995,2,1995-04-09 13:05:00,Sunday,Brisbane Bears,Adelaide,Gabba,D,18,18,126,14,15,99
1338,1995,1,1995-03-31 20:00:00,Friday,North Melbourne,Adelaide,M.C.G.,N,11,13,79,10,16,76
1337,1995,1,1995-04-02 14:05:00,Sunday,West Coast,St Kilda,W.A.C.A.,D,18,13,121,11,9,75
1336,1995,1,1995-04-02 14:00:00,Sunday,Western Bulldogs,Sydney,Whitten Oval,D,15,12,102,12,13,85
1335,1995,1,1995-04-01 14:00:00,Saturday,Geelong,Melbourne,Kardinia Park,D,12,15,87,11,7,73
1334,1995,1,1995-04-01 14:00:00,Saturday,Richmond,Fremantle,M.C.G.,D,12,18,90,12,13,85
1333,1995,1,1995-04-01 14:00:00,Saturday,Fitzroy,Essendon,Whitten Oval,D,6,2,38,16,16,112
1332,1995,1,1995-04-02 14:00:00,Sunday,Carlton,Collingwood,M.C.G.,D,14,11,95,9,12,66
1331,1995,1,1995-04-01 14:00:00,Saturday,Hawthorn,Brisbane Bears,Waverley,D,20,7,127,11,4,70
1330,1994,GF,1994-10-01 14:00:00,Saturday,West Coast,Geelong,M.C.G.,D,20,23,143,8,15,63
1329,1994,PF,1994-09-24 18:45:00,Saturday,West Coast,Melbourne,W.A.C.A.,T,16,21,117,8,4,52
1328,1994,PF,1994-09-24 14:00:00,Saturday,North Melbourne,Geelong,M.C.G.,D,14,19,103,16,13,109
1327,1994,SF,1994-09-18 14:00:00,Sunday,Melbourne,Western Bulldogs,M.C.G.,D,21,18,144,9,11,65
1326,1994,SF,1994-09-17 14:00:00,Saturday,Carlton,Geelong,Waverley,D,10,12,72,15,15,105
1325,1994,QF,1994-09-10 19:45:00,Saturday,Geelong,Western Bulldogs,M.C.G.,N,15,16,106,15,11,101
1324,1994,QF,1994-09-11 18:45:00,Sunday,West Coast,Collingwood,W.A.C.A.,T,11,16,82,12,8,80
1323,1994,QF,1994-09-11 14:00:00,Sunday,Carlton,Melbourne,M.C.G.,D,14,12,96,18,15,123
1322,1994,QF,1994-09-10 14:00:00,Saturday,North Melbourne,Hawthorn,Waverley,D,15,24,114,13,13,91
1321,1994,24,1994-09-02 20:08:00,Friday,Collingwood,North Melbourne,M.C.G.,N,8,14,62,19,12,126
1320,1994,24,1994-09-04 16:05:00,Sunday,West Coast,Western Bulldogs,Subiaco,D,17,15,117,6,10,46
1319,1994,24,1994-09-03 14:08:00,Saturday,Richmond,Geelong,Princes Park,D,13,17,95,27,9,171
1318,1994,24,1994-09-03 14:08:00,Saturday,Hawthorn,Adelaide,Waverley,D,9,12,66,6,11,47
1317,1994,24,1994-09-03 14:00:00,Saturday,Fitzroy,St Kilda,Whitten Oval,D,15,12,102,21,14,140
1316,1994,24,1994-09-03 14:00:00,Saturday,Essendon,Carlton,M.C.G.,D,12,8,80,9,8,62
1315,1994,24,1994-09-04 13:05:00,Sunday,Sydney,Melbourne,S.C.G.,D,18,13,121,27,5,167
1314,1994,23,1994-08-26 20:08:00,Friday,North Melbourne,Fitzroy,M.C.G.,N,25,10,160,10,14,74
1313,1994,23,1994-08-28 17:35:00,Sunday,Adelaide,Essendon,Football Park,T,17,13,115,8,10,58
1312,1994,23,1994-08-27 14:08:00,Saturday,Western Bulldogs,Melbourne,Whitten Oval,D,16,15,111,11,5,71
1311,1994,23,1994-08-28 14:05:00,Sunday,Brisbane Bears,Hawthorn,Gabba,D,13,13,91,15,12,102
1310,1994,23,1994-08-27 14:00:00,Saturday,Geelong,Sydney,Kardinia Park,D,16,15,111,15,9,99
1309,1994,23,1994-08-27 14:00:00,Saturday,Carlton,Richmond,Princes Park,D,25,11,161,6,12,48
1308,1994,23,1994-08-27 14:00:00,Saturday,St Kilda,Collingwood,Waverley,D,14,6,90,13,10,88
1307,1994,22,1994-08-19 20:08:00,Friday,North Melbourne,Melbourne,M.C.G.,N,12,11,83,15,13,103
1306,1994,22,1994-08-21 14:08:00,Sunday,Carlton,West Coast,Princes Park,D,19,12,126,8,14,62
1305,1994,22,1994-08-20 14:08:00,Saturday,Collingwood,Geelong,M.C.G.,D,15,17,107,16,8,104
1304,1994,22,1994-08-21 14:05:00,Sunday,Brisbane Bears,Western Bulldogs,Gabba,D,13,10,88,14,14,98
1303,1994,22,1994-08-20 14:00:00,Saturday,St Kilda,Sydney,Waverley,D,17,12,114,11,15,81
1302,1994,22,1994-08-20 14:00:00,Saturday,Fitzroy,Richmond,Whitten Oval,D,10,9,69,19,15,129
1301,1994,22,1994-08-21 14:00:00,Sunday,Essendon,Hawthorn,M.C.G.,D,20,16,136,12,12,84
1300,1994,21,1994-08-12 20:08:00,Friday,West Coast,North Melbourne,W.A.C.A.,N,10,13,73,9,10,64
1299,1994,21,1994-08-14 15:35:00,Sunday,Adelaide,Brisbane Bears,Football Park,D,13,11,89,12,14,86
1298,1994,21,1994-08-13 14:08:00,Saturday,Melbourne,Collingwood,M.C.G.,D,9,10,64,13,14,92
1297,1994,21,1994-08-13 14:00:00,Saturday,St Kilda,Western Bulldogs,Waverley,D,10,12,72,17,15,117
1296,1994,21,1994-08-14 14:00:00,Sunday,Richmond,Hawthorn,M.C.G.,D,11,23,89,18,9,117
1295,1994,21,1994-08-13 14:00:00,Saturday,Fitzroy,Geelong,Princes Park,D,8,11,59,13,22,100
1294,1994,21,1994-08-14 13:05:00,Sunday,Sydney,Carlton,S.C.G.,D,9,16,70,8,14,62
1293,1994,20,1994-08-05 20:08:00,Friday,Collingwood,Essendon,M.C.G.,N,19,20,134,17,4,106
1292,1994,20,1994-08-07 16:05:00,Sunday,Sydney,Fitzroy,S.C.G.,T,9,12,66,13,16,94
1291,1994,20,1994-08-06 14:08:00,Saturday,Hawthorn,West Coast,Waverley,D,15,10,100,7,12,54
1290,1994,20,1994-08-06 14:08:00,Saturday,North Melbourne,Geelong,Princes Park,D,11,11,77,10,18,78
1289,1994,20,1994-08-07 14:08:00,Sunday,Western Bulldogs,Adelaide,Whitten Oval,D,17,16,118,4,10,34
1288,1994,20,1994-08-06 14:00:00,Saturday,Richmond,St Kilda,M.C.G.,D,12,21,93,9,7,61
1287,1994,20,1994-08-07 13:05:00,Sunday,Brisbane Bears,Melbourne,Gabba,D,12,12,84,14,15,99
1286,1994,19,1994-07-29 20:08:00,Friday,North Melbourne,Western Bulldogs,M.C.G.,N,15,12,102,12,10,82
1285,1994,19,1994-07-31 14:08:00,Sunday,Fitzroy,West Coast,Whitten Oval,D,3,8,26,13,14,92
1284,1994,19,1994-07-30 14:08:00,Saturday,Carlton,Hawthorn,Princes Park,D,15,14,104,9,18,72
1283,1994,19,1994-07-31 14:08:00,Sunday,Geelong,Adelaide,Kardinia Park,D,13,13,91,5,8,38
1282,1994,19,1994-07-31 14:00:00,Sunday,Richmond,Sydney,M.C.G.,D,14,11,95,9,8,62
1281,1994,19,1994-07-30 14:00:00,Saturday,Melbourne,Essendon,M.C.G.,D,21,9,135,8,10,58
1280,1994,19,1994-07-30 14:00:00,Saturday,St Kilda,Brisbane Bears,Waverley,D,5,15,45,8,7,55
1279,1994,18,1994-07-22 20:38:00,Friday,Adelaide,Sydney,Football Park,N,10,15,75,13,9,87
1278,1994,18,1994-07-24 16:05:00,Sunday,West Coast,Richmond,Subiaco,D,14,17,101,7,11,53
1277,1994,18,1994-07-23 14:08:00,Saturday,Hawthorn,North Melbourne,Waverley,D,9,5,59,15,9,99
1276,1994,18,1994-07-23 14:00:00,Saturday,Essendon,St Kilda,M.C.G.,D,15,10,100,18,2,110
1275,1994,18,1994-07-23 14:00:00,Saturday,Western Bulldogs,Collingwood,Whitten Oval,D,13,9,87,7,13,55
1274,1994,18,1994-07-24 14:00:00,Sunday,Geelong,Carlton,Waverley,D,13,12,90,8,6,54
1273,1994,18,1994-07-24 13:05:00,Sunday,Brisbane Bears,Fitzroy,Gabba,D,8,17,65,7,16,58
1272,1994,17,1994-07-17 17:35:00,Sunday,Adelaide,West Coast,Football Park,T,12,10,82,11,12,78
1271,1994,17,1994-07-16 14:08:00,Saturday,Collingwood,Carlton,M.C.G.,D,7,12,54,14,13,97
1270,1994,17,1994-07-17 14:05:00,Sunday,Brisbane Bears,Richmond,Gabba,D,12,12,84,15,8,98
1269,1994,17,1994-07-16 14:00:00,Saturday,St Kilda,North Melbourne,Waverley,D,8,7,55,17,14,116
1268,1994,17,1994-07-16 14:00:00,Saturday,Melbourne,Hawthorn,Princes Park,D,17,10,112,11,8,74
1267,1994,17,1994-07-16 14:00:00,Saturday,Western Bulldogs,Geelong,Whitten Oval,D,17,11,113,13,7,85
1266,1994,17,1994-07-17 14:00:00,Sunday,Essendon,Fitzroy,M.C.G.,D,24,9,153,12,17,89
1265,1994,16,1994-07-10 16:05:00,Sunday,West Coast,Essendon,Subiaco,D,11,14,80,5,14,44
1264,1994,16,1994-07-09 14:08:00,Saturday,Richmond,Western Bulldogs,M.C.G.,D,14,13,97,12,22,94
1263,1994,16,1994-07-10 14:08:00,Sunday,Carlton,Adelaide,Princes Park,D,20,16,136,10,16,76
1262,1994,16,1994-07-09 14:00:00,Saturday,Hawthorn,St Kilda,Waverley,D,21,16,142,11,12,78
1261,1994,16,1994-07-09 14:00:00,Saturday,Geelong,Melbourne,Kardinia Park,D,22,13,145,17,13,115
1260,1994,16,1994-07-09 14:00:00,Saturday,Fitzroy,Collingwood,Whitten Oval,D,11,14,80,19,15,129
1259,1994,16,1994-07-10 13:05:00,Sunday,Sydney,Brisbane Bears,S.C.G.,D,15,20,110,21,9,135
1258,1994,15,1994-07-01 20:08:00,Friday,West Coast,St Kilda,W.A.C.A.,N,19,14,128,7,7,49
1257,1994,15,1994-07-03 15:35:00,Sunday,Adelaide,Richmond,Football Park,D,12,11,83,13,12,90
1256,1994,15,1994-07-02 14:08:00,Saturday,Carlton,Brisbane Bears,Princes Park,D,22,12,144,6,10,46
1255,1994,15,1994-07-02 14:00:00,Saturday,Fitzroy,Melbourne,Whitten Oval,D,9,11,65,16,15,111
1254,1994,15,1994-07-02 14:00:00,Saturday,Hawthorn,Geelong,Waverley,D,16,19,115,11,13,79
1253,1994,15,1994-07-02 14:00:00,Saturday,North Melbourne,Essendon,M.C.G.,D,11,19,85,14,8,92
1252,1994,15,1994-07-03 13:05:00,Sunday,Sydney,Collingwood,S.C.G.,D,10,13,73,13,15,93
1251,1994,14,1994-06-24 20:08:00,Friday,North Melbourne,Carlton,M.C.G.,N,13,10,88,15,16,106
1250,1994,14,1994-06-25 14:08:00,Saturday,Geelong,West Coast,Kardinia Park,D,10,15,75,14,9,93
1249,1994,14,1994-06-25 14:08:00,Saturday,St Kilda,Adelaide,Waverley,D,12,7,79,11,13,79
1248,1994,14,1994-06-26 14:05:00,Sunday,Brisbane Bears,Collingwood,Gabba,D,17,19,121,11,11,77
1247,1994,14,1994-06-26 14:00:00,Sunday,Essendon,Sydney,M.C.G.,D,19,15,129,14,11,95
1246,1994,14,1994-06-25 14:00:00,Saturday,Melbourne,Richmond,M.C.G.,D,9,8,62,11,12,78
1245,1994,14,1994-06-25 14:00:00,Saturday,Western Bulldogs,Fitzroy,Whitten Oval,D,21,18,144,6,4,40
1244,1994,13,1994-06-19 17:35:00,Sunday,Adelaide,Melbourne,Football Park,T,11,17,83,12,6,78
1243,1994,13,1994-06-19 14:08:00,Sunday,Collingwood,West Coast,M.C.G.,D,18,13,121,12,12,84
1242,1994,13,1994-06-18 14:08:00,Saturday,Richmond,North Melbourne,M.C.G.,D,9,18,72,10,7,67
1241,1994,13,1994-06-19 14:05:00,Sunday,Brisbane Bears,Essendon,Gabba,D,17,12,114,11,15,81
1240,1994,13,1994-06-19 14:00:00,Sunday,Western Bulldogs,Sydney,Whitten Oval,D,20,14,134,9,6,60
1239,1994,13,1994-06-18 14:00:00,Saturday,Carlton,St Kilda,Princes Park,D,22,13,145,10,5,65
1238,1994,13,1994-06-18 14:00:00,Saturday,Hawthorn,Fitzroy,Waverley,D,7,11,53,10,6,66
1237,1994,12,1994-06-12 16:05:00,Sunday,West Coast,Brisbane Bears,Subiaco,D,11,12,78,10,9,69
1236,1994,12,1994-06-13 14:08:00,Monday,Richmond,Collingwood,M.C.G.,D,14,18,102,4,12,36
1235,1994,12,1994-06-11 14:08:00,Saturday,Melbourne,Carlton,M.C.G.,D,13,16,94,18,13,121
1234,1994,12,1994-06-11 14:08:00,Saturday,North Melbourne,Adelaide,Princes Park,D,21,23,149,10,9,69
1233,1994,12,1994-06-11 14:00:00,Saturday,Geelong,St Kilda,Kardinia Park,D,17,11,113,16,14,110
1232,1994,12,1994-06-13 14:00:00,Monday,Western Bulldogs,Essendon,Waverley,D,13,14,92,9,10,64
1231,1994,12,1994-06-12 13:05:00,Sunday,Sydney,Hawthorn,S.C.G.,D,13,5,83,21,15,141
1230,1994,11,1994-06-05 14:08:00,Sunday,Melbourne,West Coast,M.C.G.,D,11,8,74,18,10,118
1229,1994,11,1994-06-04 14:08:00,Saturday,Collingwood,Adelaide,Victoria Park,D,13,12,90,8,19,67
1228,1994,11,1994-06-05 14:05:00,Sunday,Sydney,North Melbourne,S.C.G.,D,16,10,106,19,12,126
1227,1994,11,1994-06-05 14:00:00,Sunday,Hawthorn,Western Bulldogs,Waverley,D,20,5,125,8,13,61
1226,1994,11,1994-06-04 14:00:00,Saturday,Essendon,Richmond,Princes Park,D,24,10,154,17,6,108
1225,1994,11,1994-06-04 14:00:00,Saturday,Fitzroy,Carlton,Waverley,D,12,8,80,20,15,135
1224,1994,11,1994-06-04 14:00:00,Saturday,Geelong,Brisbane Bears,Kardinia Park,D,15,11,101,19,12,126
1223,1994,10,1994-05-27 20:08:00,Friday,West Coast,Sydney,W.A.C.A.,N,14,17,101,10,15,75
1222,1994,10,1994-05-29 17:35:00,Sunday,Adelaide,Fitzroy,Football Park,T,15,13,103,9,10,64
1221,1994,10,1994-05-28 14:08:00,Saturday,Essendon,Geelong,M.C.G.,D,16,16,112,15,11,101
1220,1994,10,1994-05-29 14:05:00,Sunday,Brisbane Bears,North Melbourne,Gabba,D,17,18,120,12,21,93
1219,1994,10,1994-05-28 14:00:00,Saturday,Carlton,Western Bulldogs,Princes Park,D,16,13,109,13,19,97
1218,1994,10,1994-05-28 14:00:00,Saturday,St Kilda,Melbourne,Waverley,D,4,8,32,15,16,106
1217,1994,10,1994-05-28 14:00:00,Saturday,Collingwood,Hawthorn,Victoria Park,D,16,14,110,10,14,74
1216,1994,9,1994-05-20 20:05:00,Friday,North Melbourne,Collingwood,M.C.G.,N,17,19,121,13,10,88
1215,1994,9,1994-05-21 14:08:00,Saturday,Western Bulldogs,West Coast,Whitten Oval,D,7,10,52,12,11,83
1214,1994,9,1994-05-21 14:08:00,Saturday,Carlton,Essendon,Waverley,D,7,20,62,9,9,63
1213,1994,9,1994-05-21 14:00:00,Saturday,Melbourne,Sydney,M.C.G.,D,14,13,97,16,10,106
1212,1994,9,1994-05-21 14:00:00,Saturday,Geelong,Richmond,Kardinia Park,D,21,16,142,11,12,78
1211,1994,9,1994-05-22 14:00:00,Sunday,St Kilda,Fitzroy,Waverley,D,11,9,75,8,14,62
1210,1994,9,1994-05-22 13:35:00,Sunday,Adelaide,Hawthorn,Football Park,D,7,6,48,22,13,145
1209,1994,8,1994-05-13 20:08:00,Friday,Richmond,Carlton,M.C.G.,N,16,11,107,20,15,135
1208,1994,8,1994-05-14 14:08:00,Saturday,Collingwood,St Kilda,M.C.G.,D,19,13,127,11,12,78
1207,1994,8,1994-05-15 14:08:00,Sunday,Essendon,Adelaide,Princes Park,D,20,11,131,13,10,88
1206,1994,8,1994-05-15 14:05:00,Sunday,Sydney,Geelong,S.C.G.,D,9,17,71,25,15,165
1205,1994,8,1994-05-15 14:00:00,Sunday,Melbourne,Western Bulldogs,M.C.G.,D,13,13,91,14,10,94
1204,1994,8,1994-05-14 14:00:00,Saturday,Fitzroy,North Melbourne,Whitten Oval,D,13,12,90,17,17,119
1203,1994,8,1994-05-14 14:00:00,Saturday,Hawthorn,Brisbane Bears,Waverley,D,25,16,166,10,7,67
1202,1994,7,1994-05-08 16:05:00,Sunday,West Coast,Carlton,Subiaco,D,16,19,115,6,13,49
1201,1994,7,1994-05-07 14:08:00,Saturday,Melbourne,North Melbourne,M.C.G.,D,8,10,58,13,12,90
1200,1994,7,1994-05-07 14:00:00,Saturday,Richmond,Fitzroy,Princes Park,D,20,13,133,13,14,92
1199,1994,7,1994-05-07 14:00:00,Saturday,Hawthorn,Essendon,Waverley,D,12,16,88,11,9,75
1198,1994,7,1994-05-08 14:00:00,Sunday,Geelong,Collingwood,M.C.G.,D,18,16,124,13,18,96
1197,1994,7,1994-05-08 14:00:00,Sunday,Western Bulldogs,Brisbane Bears,Whitten Oval,D,12,14,86,7,7,49
1196,1994,7,1994-05-08 13:05:00,Sunday,Sydney,St Kilda,S.C.G.,D,17,7,109,16,14,110
1195,1994,6,1994-04-30 14:08:00,Saturday,North Melbourne,West Coast,M.C.G.,D,13,8,86,18,15,123
1194,1994,6,1994-04-30 14:08:00,Saturday,Collingwood,Melbourne,Waverley,D,8,7,55,9,6,60
1193,1994,6,1994-04-30 14:08:00,Saturday,Brisbane Bears,Adelaide,Gabba,D,17,8,110,18,13,121
1192,1994,6,1994-04-30 14:00:00,Saturday,Carlton,Sydney,Princes Park,D,20,14,134,11,8,74
1191,1994,5,1994-04-22 19:08:00,Friday,Melbourne,Brisbane Bears,M.C.G.,N,17,15,117,4,6,30
1190,1994,5,1994-04-24 16:05:00,Sunday,West Coast,Hawthorn,Subiaco,D,8,10,58,19,15,129
1189,1994,5,1994-04-25 14:08:00,Monday,St Kilda,Richmond,Waverley,D,10,10,70,15,22,112
1188,1994,5,1994-04-23 14:08:00,Saturday,Essendon,Collingwood,M.C.G.,D,14,14,98,14,10,94
1187,1994,5,1994-04-23 14:00:00,Saturday,Fitzroy,Sydney,Whitten Oval,D,20,17,137,20,9,129
1186,1994,5,1994-04-23 14:00:00,Saturday,Geelong,North Melbourne,Kardinia Park,D,17,18,120,15,15,105
1185,1994,5,1994-04-24 12:35:00,Sunday,Adelaide,Western Bulldogs,Football Park,D,13,15,93,17,8,110
1184,1994,4,1994-04-16 20:08:00,Saturday,West Coast,Fitzroy,W.A.C.A.,N,18,21,129,8,5,53
1183,1994,4,1994-04-15 19:08:00,Friday,Sydney,Richmond,S.C.G.,N,11,20,86,10,12,72
1182,1994,4,1994-04-17 17:35:00,Sunday,Adelaide,Geelong,Football Park,T,15,14,104,11,11,77
1181,1994,4,1994-04-16 14:08:00,Saturday,Essendon,Melbourne,M.C.G.,D,9,12,66,12,12,84
1180,1994,4,1994-04-17 14:05:00,Sunday,Brisbane Bears,St Kilda,Gabba,D,22,19,151,15,8,98
1179,1994,4,1994-04-16 14:00:00,Saturday,Western Bulldogs,North Melbourne,Whitten Oval,D,14,15,99,17,10,112
1178,1994,4,1994-04-16 14:00:00,Saturday,Hawthorn,Carlton,Waverley,D,11,7,73,24,16,160
1177,1994,3,1994-04-08 20:08:00,Friday,North Melbourne,Hawthorn,M.C.G.,N,25,23,173,6,10,46
1176,1994,3,1994-04-09 14:08:00,Saturday,Richmond,West Coast,M.C.G.,D,5,9,39,20,15,135
1175,1994,3,1994-04-10 14:05:00,Sunday,Sydney,Adelaide,S.C.G.,D,21,9,135,24,10,154
1174,1994,3,1994-04-10 14:00:00,Sunday,Collingwood,Western Bulldogs,M.C.G.,D,14,11,95,12,22,94
1173,1994,3,1994-04-10 14:00:00,Sunday,Carlton,Geelong,Princes Park,D,14,15,99,10,10,70
1172,1994,3,1994-04-09 14:00:00,Saturday,St Kilda,Essendon,Waverley,D,16,12,108,14,10,94
1171,1994,3,1994-04-09 14:00:00,Saturday,Fitzroy,Brisbane Bears,Whitten Oval,D,17,9,111,12,6,78
1170,1994,2,1994-04-02 14:08:00,Saturday,Hawthorn,Melbourne,Waverley,D,8,16,64,17,16,118
1169,1994,2,1994-04-04 14:08:00,Monday,Carlton,Collingwood,M.C.G.,D,9,12,66,14,16,100
1168,1994,2,1994-04-03 14:08:00,Sunday,Richmond,Brisbane Bears,M.C.G.,D,20,14,134,11,6,72
1167,1994,2,1994-04-03 14:05:00,Sunday,West Coast,Adelaide,Subiaco,D,14,13,97,11,12,78
1166,1994,2,1994-04-04 14:00:00,Monday,Geelong,Western Bulldogs,Kardinia Park,D,22,20,152,8,16,64
1165,1994,2,1994-04-02 14:00:00,Saturday,North Melbourne,St Kilda,M.C.G.,D,21,16,142,10,13,73
1164,1994,2,1994-04-02 14:00:00,Saturday,Fitzroy,Essendon,Princes Park,D,17,10,112,14,15,99
1163,1994,1,1994-03-27 17:35:00,Sunday,Adelaide,Carlton,Football Park,T,22,18,150,13,6,84
1162,1994,1,1994-03-26 14:08:00,Saturday,Essendon,West Coast,M.C.G.,D,12,10,82,11,13,79
1161,1994,1,1994-03-27 14:05:00,Sunday,Brisbane Bears,Sydney,Gabba,D,13,21,99,12,17,89
1160,1994,1,1994-03-26 14:00:00,Saturday,Western Bulldogs,Richmond,Whitten Oval,D,17,11,113,17,9,111
1159,1994,1,1994-03-26 14:00:00,Saturday,St Kilda,Hawthorn,Waverley,D,15,7,97,23,15,153
1158,1994,1,1994-03-27 14:00:00,Sunday,Melbourne,Geelong,M.C.G.,D,26,18,174,16,13,109
1157,1994,1,1994-03-26 14:00:00,Saturday,Collingwood,Fitzroy,Victoria Park,D,17,12,114,16,7,103
1156,1993,GF,1993-09-25 14:00:00,Saturday,Carlton,Essendon,M.C.G.,D,13,11,89,20,13,133
1155,1993,PF,1993-09-18 14:00:00,Saturday,Adelaide,Essendon,M.C.G.,D,14,16,100,17,9,111
1154,1993,SF,1993-09-12 14:00:00,Sunday,Essendon,West Coast,M.C.G.,D,16,12,108,11,10,76
1153,1993,SF,1993-09-11 14:00:00,Saturday,Carlton,Adelaide,Waverley,D,13,8,86,8,20,68
1152,1993,QF,1993-09-04 19:45:00,Saturday,Essendon,Carlton,M.C.G.,N,14,14,98,15,10,100
1151,1993,EF,1993-09-04 14:00:00,Saturday,North Melbourne,West Coast,Waverley,D,11,3,69,17,18,120
1150,1993,EF,1993-09-05 14:00:00,Sunday,Hawthorn,Adelaide,M.C.G.,D,13,17,95,16,14,110
1149,1993,22,1993-08-27 20:08:00,Friday,West Coast,Geelong,W.A.C.A.,N,14,12,96,17,14,116
1148,1993,22,1993-08-29 15:38:00,Sunday,Adelaide,Collingwood,Football Park,D,19,21,135,17,9,111
1147,1993,22,1993-08-28 14:08:00,Saturday,North Melbourne,Western Bulldogs,M.C.G.,D,18,15,123,20,15,135
1146,1993,22,1993-08-28 14:00:00,Saturday,Carlton,Sydney,Princes Park,D,16,15,111,16,14,110
1145,1993,22,1993-08-28 14:00:00,Saturday,St Kilda,Richmond,Waverley,D,18,17,125,12,10,82
1144,1993,22,1993-08-29 14:00:00,Sunday,Melbourne,Fitzroy,M.C.G.,D,11,9,75,14,14,98
1143,1993,22,1993-08-29 13:05:00,Sunday,Brisbane Bears,Hawthorn,Gabba,D,15,16,106,24,19,163
1142,1993,21,1993-08-21 14:08:00,Saturday,Western Bulldogs,West Coast,Whitten Oval,D,14,10,94,7,10,52
1141,1993,21,1993-08-21 14:08:00,Saturday,Collingwood,Carlton,M.C.G.,D,8,15,63,17,15,117
1140,1993,21,1993-08-21 14:08:00,Saturday,Hawthorn,Adelaide,Waverley,D,17,13,115,13,10,88
1139,1993,21,1993-08-22 14:05:00,Sunday,Sydney,North Melbourne,S.C.G.,D,14,14,98,25,10,160
1138,1993,21,1993-08-22 14:00:00,Sunday,Richmond,Melbourne,M.C.G.,D,8,6,54,26,19,175
1137,1993,21,1993-08-21 14:00:00,Saturday,Geelong,Essendon,Kardinia Park,D,19,12,126,14,10,94
1136,1993,21,1993-08-21 14:00:00,Saturday,Fitzroy,Brisbane Bears,Princes Park,D,22,15,147,5,13,43
1135,1993,20,1993-08-13 19:08:00,Friday,Sydney,Fitzroy,S.C.G.,N,15,9,99,17,12,114
1134,1993,20,1993-08-15 17:38:00,Sunday,Adelaide,Melbourne,Football Park,T,13,27,105,6,10,46
1133,1993,20,1993-08-14 14:08:00,Saturday,Essendon,Western Bulldogs,M.C.G.,D,14,14,98,12,13,85
1132,1993,20,1993-08-15 14:05:00,Sunday,West Coast,Hawthorn,Subiaco,D,10,7,67,6,9,45
1131,1993,20,1993-08-14 14:00:00,Saturday,Carlton,St Kilda,Princes Park,D,10,17,77,11,18,84
1130,1993,20,1993-08-15 14:00:00,Sunday,North Melbourne,Richmond,M.C.G.,D,19,14,128,11,18,84
1129,1993,19,1993-08-06 19:08:00,Friday,Essendon,Sydney,M.C.G.,N,18,9,117,13,18,96
1128,1993,19,1993-08-08 14:08:00,Sunday,Brisbane Bears,West Coast,Gabba,D,10,11,71,19,17,131
1127,1993,19,1993-08-07 14:08:00,Saturday,Geelong,Hawthorn,Kardinia Park,D,22,18,150,10,8,68
1126,1993,19,1993-08-07 14:08:00,Saturday,Fitzroy,Adelaide,Princes Park,D,15,9,99,13,16,94
1125,1993,19,1993-08-07 14:00:00,Saturday,St Kilda,Collingwood,Waverley,D,9,14,68,10,20,80
1124,1993,19,1993-08-07 14:00:00,Saturday,Richmond,Carlton,M.C.G.,D,12,11,83,16,10,106
1123,1993,18,1993-07-30 20:08:00,Friday,Collingwood,Essendon,M.C.G.,N,7,13,55,18,15,123
1122,1993,18,1993-07-31 14:08:00,Saturday,Richmond,West Coast,Princes Park,D,11,15,81,15,10,100
1121,1993,18,1993-07-31 14:08:00,Saturday,Hawthorn,Carlton,Waverley,D,13,13,91,17,20,122
1120,1993,18,1993-08-01 14:08:00,Sunday,Melbourne,Brisbane Bears,M.C.G.,D,20,18,138,6,13,49
1119,1993,18,1993-08-01 14:05:00,Sunday,Sydney,St Kilda,S.C.G.,D,17,16,118,24,11,155
1118,1993,18,1993-07-31 14:00:00,Saturday,North Melbourne,Geelong,M.C.G.,D,10,12,72,25,16,166
1117,1993,18,1993-07-31 14:00:00,Saturday,Western Bulldogs,Fitzroy,Whitten Oval,D,22,14,146,13,6,84
1116,1993,17,1993-07-23 20:08:00,Friday,North Melbourne,St Kilda,M.C.G.,N,14,13,97,16,16,112
1115,1993,17,1993-07-25 16:08:00,Sunday,West Coast,Adelaide,Subiaco,D,15,17,107,10,10,70
1114,1993,17,1993-07-24 14:08:00,Saturday,Carlton,Essendon,M.C.G.,D,12,11,83,15,14,104
1113,1993,17,1993-07-25 14:00:00,Sunday,Hawthorn,Sydney,Waverley,D,24,15,159,9,13,67
1112,1993,17,1993-07-24 14:00:00,Saturday,Western Bulldogs,Melbourne,Whitten Oval,D,14,13,97,16,14,110
1111,1993,17,1993-07-24 14:00:00,Saturday,Geelong,Collingwood,Waverley,D,13,9,87,11,13,79
1110,1993,17,1993-07-25 13:05:00,Sunday,Brisbane Bears,Richmond,Gabba,D,18,10,118,14,15,99
1109,1993,16,1993-07-16 20:38:00,Friday,Adelaide,Richmond,Football Park,N,26,15,171,4,8,32
1108,1993,16,1993-07-18 14:08:00,Sunday,Essendon,West Coast,M.C.G.,D,12,17,89,13,9,87
1107,1993,16,1993-07-18 14:08:00,Sunday,Brisbane Bears,North Melbourne,Gabba,D,15,14,104,22,14,146
1106,1993,16,1993-07-17 14:08:00,Saturday,Melbourne,Hawthorn,M.C.G.,D,12,18,90,16,10,106
1105,1993,16,1993-07-17 14:00:00,Saturday,Collingwood,Western Bulldogs,Victoria Park,D,21,19,145,11,15,81
1104,1993,16,1993-07-17 14:00:00,Saturday,St Kilda,Geelong,Waverley,D,27,15,177,15,16,106
1103,1993,16,1993-07-17 14:00:00,Saturday,Fitzroy,Carlton,Princes Park,D,14,11,95,27,19,181
1102,1993,15,1993-07-09 20:08:00,Friday,North Melbourne,Essendon,M.C.G.,N,19,15,129,13,13,91
1101,1993,15,1993-07-10 14:08:00,Saturday,Melbourne,Geelong,M.C.G.,D,22,9,141,20,7,127
1100,1993,15,1993-07-11 14:00:00,Sunday,Richmond,Western Bulldogs,M.C.G.,D,8,14,62,10,18,78
1099,1993,15,1993-07-10 14:00:00,Saturday,Collingwood,Sydney,Victoria Park,D,25,19,169,11,11,77
1098,1993,15,1993-07-10 14:00:00,Saturday,Hawthorn,Fitzroy,Waverley,D,15,20,110,9,10,64
1097,1993,15,1993-07-10 14:00:00,Saturday,Carlton,Brisbane Bears,Princes Park,D,19,17,131,14,13,97
1096,1993,15,1993-07-11 13:35:00,Sunday,Adelaide,St Kilda,Football Park,D,23,18,156,8,15,63
1095,1993,14,1993-07-02 19:08:00,Friday,Sydney,Adelaide,S.C.G.,N,12,10,82,18,18,126
1094,1993,14,1993-07-03 14:08:00,Saturday,Geelong,Western Bulldogs,Kardinia Park,D,15,20,110,8,6,54
1093,1993,14,1993-07-04 14:05:00,Sunday,West Coast,Carlton,Subiaco,D,13,13,91,14,8,92
1092,1993,14,1993-07-03 14:00:00,Saturday,Fitzroy,North Melbourne,Princes Park,D,18,11,119,17,16,118
1091,1993,14,1993-07-03 14:00:00,Saturday,St Kilda,Melbourne,Waverley,D,6,10,46,14,8,92
1090,1993,14,1993-07-04 14:00:00,Sunday,Richmond,Collingwood,M.C.G.,D,17,15,117,22,15,147
1089,1993,14,1993-07-03 14:00:00,Saturday,Essendon,Brisbane Bears,M.C.G.,D,23,17,155,4,15,39
1088,1993,13,1993-06-25 20:08:00,Friday,North Melbourne,Hawthorn,M.C.G.,N,11,14,80,12,11,83
1087,1993,13,1993-06-27 17:38:00,Sunday,Adelaide,Geelong,Football Park,T,16,19,115,14,11,95
1086,1993,13,1993-06-26 14:08:00,Saturday,Collingwood,West Coast,Victoria Park,D,11,5,71,14,10,94
1085,1993,13,1993-06-27 14:05:00,Sunday,Sydney,Melbourne,S.C.G.,D,23,11,149,16,13,109
1084,1993,13,1993-06-26 14:00:00,Saturday,Fitzroy,St Kilda,Waverley,D,12,7,79,17,10,112
1083,1993,13,1993-06-26 14:00:00,Saturday,Essendon,Richmond,Princes Park,D,21,15,141,8,15,63
1082,1993,13,1993-06-26 14:00:00,Saturday,Western Bulldogs,Brisbane Bears,Whitten Oval,D,17,19,121,14,9,93
1081,1993,12,1993-06-18 20:08:00,Friday,West Coast,North Melbourne,W.A.C.A.,N,15,11,101,16,11,107
1080,1993,12,1993-06-20 14:08:00,Sunday,Brisbane Bears,Collingwood,Gabba,D,14,13,97,20,18,138
1079,1993,12,1993-06-19 14:08:00,Saturday,Carlton,Adelaide,Princes Park,D,24,12,156,11,11,77
1078,1993,12,1993-06-19 14:00:00,Saturday,Western Bulldogs,Sydney,Whitten Oval,D,13,16,94,10,9,69
1077,1993,12,1993-06-19 14:00:00,Saturday,Hawthorn,St Kilda,Waverley,D,23,14,152,11,8,74
1076,1993,12,1993-06-20 14:00:00,Sunday,Geelong,Fitzroy,Kardinia Park,D,16,17,113,15,16,106
1075,1993,12,1993-06-19 14:00:00,Saturday,Melbourne,Essendon,M.C.G.,D,15,15,105,10,11,71
1074,1993,11,1993-06-13 15:38:00,Sunday,Adelaide,Western Bulldogs,Football Park,D,15,17,107,8,14,62
1073,1993,11,1993-06-14 14:08:00,Monday,Hawthorn,Essendon,Waverley,D,12,14,86,17,14,116
1072,1993,11,1993-06-12 14:08:00,Saturday,Geelong,Carlton,M.C.G.,D,13,11,89,17,16,118
1071,1993,11,1993-06-12 14:08:00,Saturday,St Kilda,Brisbane Bears,Waverley,D,20,10,130,11,9,75
1070,1993,11,1993-06-12 14:00:00,Saturday,Fitzroy,Richmond,Princes Park,D,7,14,56,12,10,82
1069,1993,11,1993-06-14 14:00:00,Monday,Melbourne,Collingwood,M.C.G.,D,24,16,160,16,13,109
1068,1993,11,1993-06-13 13:05:00,Sunday,Sydney,West Coast,S.C.G.,D,10,3,63,17,18,120
1067,1993,10,1993-05-28 20:08:00,Friday,Essendon,Fitzroy,M.C.G.,N,19,15,129,19,11,125
1066,1993,10,1993-05-29 14:08:00,Saturday,St Kilda,West Coast,Waverley,D,9,10,64,9,12,66
1065,1993,10,1993-05-29 14:08:00,Saturday,Collingwood,North Melbourne,Victoria Park,D,5,13,43,19,12,126
1064,1993,10,1993-05-30 14:05:00,Sunday,Brisbane Bears,Adelaide,Gabba,D,12,13,85,18,14,122
1063,1993,10,1993-05-29 14:00:00,Saturday,Richmond,Sydney,M.C.G.,D,17,20,122,14,9,93
1062,1993,10,1993-05-29 14:00:00,Saturday,Carlton,Melbourne,Princes Park,D,17,26,128,11,8,74
1061,1993,10,1993-05-29 14:00:00,Saturday,Western Bulldogs,Hawthorn,Whitten Oval,D,9,8,62,20,12,132
1060,1993,9,1993-05-21 20:08:00,Friday,North Melbourne,Carlton,M.C.G.,N,20,14,134,14,12,96
1059,1993,9,1993-05-23 14:08:00,Sunday,Melbourne,West Coast,M.C.G.,D,14,17,101,13,10,88
1058,1993,9,1993-05-22 14:08:00,Saturday,Essendon,Adelaide,M.C.G.,D,16,15,111,10,5,65
1057,1993,9,1993-05-23 14:05:00,Sunday,Sydney,Geelong,S.C.G.,D,15,14,104,19,15,129
1056,1993,9,1993-05-22 14:00:00,Saturday,Western Bulldogs,St Kilda,Whitten Oval,D,22,11,143,11,13,79
1055,1993,9,1993-05-22 14:00:00,Saturday,Hawthorn,Richmond,Waverley,D,20,11,131,19,7,121
1054,1993,9,1993-05-22 14:00:00,Saturday,Fitzroy,Collingwood,Princes Park,D,14,8,92,10,13,73
1053,1993,8,1993-05-14 20:08:00,Friday,West Coast,Fitzroy,W.A.C.A.,N,7,16,58,11,10,76
1052,1993,8,1993-05-16 17:38:00,Sunday,Adelaide,North Melbourne,Football Park,T,19,9,123,18,13,121
1051,1993,8,1993-05-15 14:08:00,Saturday,Collingwood,Hawthorn,Victoria Park,D,14,10,94,10,16,76
1050,1993,8,1993-05-16 14:05:00,Sunday,Brisbane Bears,Sydney,Gabba,D,33,21,219,8,9,57
1049,1993,8,1993-05-15 14:00:00,Saturday,Carlton,Western Bulldogs,Princes Park,D,11,12,78,15,16,106
1048,1993,8,1993-05-16 14:00:00,Sunday,Geelong,Richmond,Kardinia Park,D,19,14,128,9,24,78
1047,1993,8,1993-05-15 14:00:00,Saturday,St Kilda,Essendon,Waverley,D,9,13,67,19,11,125
1046,1993,7,1993-05-09 14:08:00,Sunday,Geelong,West Coast,Kardinia Park,D,15,15,105,16,17,113
1045,1993,7,1993-05-08 14:08:00,Saturday,Collingwood,Adelaide,Victoria Park,D,14,17,101,11,10,76
1044,1993,7,1993-05-09 14:05:00,Sunday,Sydney,Carlton,S.C.G.,D,13,17,95,21,13,139
1043,1993,7,1993-05-08 14:00:00,Saturday,Richmond,St Kilda,M.C.G.,D,19,22,136,16,8,104
1042,1993,7,1993-05-08 14:00:00,Saturday,Western Bulldogs,North Melbourne,Whitten Oval,D,17,8,110,22,9,141
1041,1993,7,1993-05-08 14:00:00,Saturday,Fitzroy,Melbourne,Princes Park,D,12,7,79,11,12,78
1040,1993,7,1993-05-08 14:00:00,Saturday,Hawthorn,Brisbane Bears,Waverley,D,16,17,113,10,10,70
1039,1993,6,1993-04-30 20:38:00,Friday,Adelaide,Hawthorn,Football Park,N,12,16,88,16,9,105
1038,1993,6,1993-04-30 19:08:00,Friday,Melbourne,Richmond,M.C.G.,N,22,21,153,8,12,60
1037,1993,6,1993-05-02 16:08:00,Sunday,West Coast,Western Bulldogs,Subiaco,D,19,11,125,13,6,84
1036,1993,6,1993-05-01 14:08:00,Saturday,North Melbourne,Sydney,Princes Park,D,35,19,229,16,9,105
1035,1993,6,1993-05-01 14:08:00,Saturday,Essendon,Geelong,M.C.G.,D,23,18,156,19,18,132
1034,1993,6,1993-05-02 14:08:00,Sunday,Carlton,Collingwood,M.C.G.,D,15,11,101,21,11,137
1033,1993,6,1993-05-02 13:05:00,Sunday,Brisbane Bears,Fitzroy,Gabba,D,17,8,110,12,11,83
1032,1993,5,1993-04-23 19:08:00,Friday,Richmond,North Melbourne,M.C.G.,N,17,20,122,25,9,159
1031,1993,5,1993-04-24 14:08:00,Saturday,Fitzroy,Sydney,Princes Park,D,24,23,167,11,8,74
1030,1993,5,1993-04-24 14:08:00,Saturday,Western Bulldogs,Essendon,Whitten Oval,D,20,7,127,11,15,81
1029,1993,5,1993-04-25 14:08:00,Sunday,Melbourne,Adelaide,M.C.G.,D,10,17,77,9,14,68
1028,1993,5,1993-04-25 14:05:00,Sunday,Brisbane Bears,Geelong,Gabba,D,19,12,126,18,19,127
1027,1993,5,1993-04-25 14:00:00,Sunday,St Kilda,Carlton,Waverley,D,11,12,78,17,21,123
1026,1993,4,1993-04-16 20:38:00,Friday,Adelaide,Fitzroy,Football Park,N,15,13,103,15,12,102
1025,1993,4,1993-04-18 16:08:00,Sunday,West Coast,Brisbane Bears,Subiaco,D,14,14,98,6,10,46
1024,1993,4,1993-04-17 14:08:00,Saturday,Collingwood,St Kilda,Victoria Park,D,15,14,104,18,18,126
1023,1993,4,1993-04-17 14:00:00,Saturday,North Melbourne,Melbourne,M.C.G.,D,19,14,128,14,15,99
1022,1993,4,1993-04-17 14:00:00,Saturday,Hawthorn,Geelong,Waverley,D,11,13,79,18,17,125
1021,1993,4,1993-04-18 13:05:00,Sunday,Sydney,Essendon,S.C.G.,D,14,11,95,28,13,181
1020,1993,3,1993-04-11 16:08:00,Sunday,West Coast,Richmond,Subiaco,D,15,19,109,9,11,65
1019,1993,3,1993-04-10 14:08:00,Saturday,Fitzroy,Western Bulldogs,Princes Park,D,14,14,98,14,17,101
1018,1993,3,1993-04-10 14:08:00,Saturday,St Kilda,Sydney,Waverley,D,20,12,132,13,16,94
1017,1993,3,1993-04-12 14:08:00,Monday,Essendon,Collingwood,M.C.G.,D,16,13,109,21,13,139
1016,1993,3,1993-04-12 14:00:00,Monday,Geelong,North Melbourne,Kardinia Park,D,13,6,84,15,18,108
1015,1993,3,1993-04-12 14:00:00,Monday,Carlton,Hawthorn,Princes Park,D,16,16,112,16,14,110
1014,1993,3,1993-04-11 13:05:00,Sunday,Brisbane Bears,Melbourne,Gabba,D,17,13,115,17,11,113
1013,1993,2,1993-04-02 19:08:00,Friday,Richmond,Brisbane Bears,M.C.G.,N,18,18,126,11,14,80
1012,1993,2,1993-04-04 17:38:00,Sunday,Adelaide,West Coast,Football Park,T,15,11,101,12,14,86
1011,1993,2,1993-04-03 14:08:00,Saturday,Collingwood,Geelong,Victoria Park,D,17,11,113,15,13,103
1010,1993,2,1993-04-04 14:05:00,Sunday,Sydney,Hawthorn,S.C.G.,D,12,20,92,22,17,149
1009,1993,2,1993-04-03 14:00:00,Saturday,Melbourne,Western Bulldogs,Princes Park,D,13,17,95,15,13,103
1008,1993,2,1993-04-03 14:00:00,Saturday,St Kilda,North Melbourne,Waverley,D,19,18,132,19,11,125
1007,1993,2,1993-04-03 14:00:00,Saturday,Essendon,Carlton,M.C.G.,D,20,12,132,19,18,132
1006,1993,1,1993-03-26 20:08:00,Friday,Western Bulldogs,Collingwood,M.C.G.,N,13,17,95,17,13,115
1005,1993,1,1993-03-27 14:08:00,Saturday,Geelong,St Kilda,Kardinia Park,D,20,16,136,16,16,112
1004,1993,1,1993-03-28 14:08:00,Sunday,Richmond,Adelaide,M.C.G.,D,12,12,84,28,10,178
1003,1993,1,1993-03-28 14:05:00,Sunday,West Coast,Essendon,Subiaco,D,17,21,123,17,8,110
1002,1993,1,1993-03-27 14:00:00,Saturday,Hawthorn,Melbourne,Waverley,D,13,15,93,11,4,70
1001,1993,1,1993-03-27 14:00:00,Saturday,Carlton,Fitzroy,Princes Park,D,17,10,112,17,16,118
1000,1993,1,1993-03-27 14:00:00,Saturday,North Melbourne,Brisbane Bears,M.C.G.,D,24,22,166,22,11,143
992,2008,GF,2008-09-27 14:30:00,Saturday,Geelong,Hawthorn,M.C.G.,D,11,23,89,18,7,115
991,2008,PF,2008-09-19 19:40:00,Friday,Geelong,Western Bulldogs,M.C.G.,N,12,11,83,7,12,54
990,2008,PF,2008-09-20 19:00:00,Saturday,Hawthorn,St Kilda,M.C.G.,N,18,10,118,9,10,64
989,2008,SF,2008-09-13 19:30:00,Saturday,St Kilda,Collingwood,M.C.G.,N,17,4,106,9,18,72
988,2008,SF,2008-09-12 19:50:00,Friday,Western Bulldogs,Sydney,M.C.G.,N,16,10,106,9,15,69
987,2008,QF,2008-09-07 14:40:00,Sunday,Geelong,St Kilda,M.C.G.,D,17,17,119,8,13,61
986,2008,EF,2008-09-06 19:30:00,Saturday,Sydney,North Melbourne,Stadium Australia,N,17,8,110,11,9,75
985,2008,EF,2008-09-06 14:30:00,Saturday,Adelaide,Collingwood,Football Park,D,14,10,94,19,11,125
984,2008,QF,2008-09-05 19:50:00,Friday,Hawthorn,Western Bulldogs,M.C.G.,N,18,19,127,11,10,76
982,2008,22,2008-08-31 16:40:00,Sunday,Essendon,St Kilda,Docklands,T,5,9,39,21,21,147
981,2008,22,2008-08-31 14:10:00,Sunday,Melbourne,Richmond,M.C.G.,D,6,5,41,18,13,121
980,2008,22,2008-08-30 19:10:00,Saturday,Sydney,Brisbane Lions,S.C.G.,N,17,12,114,6,17,53
979,2008,22,2008-08-30 19:10:00,Saturday,Carlton,Hawthorn,Docklands,N,12,9,81,24,15,159
978,2008,22,2008-08-30 16:10:00,Saturday,Adelaide,Western Bulldogs,Football Park,T,10,16,76,9,13,67
977,2008,22,2008-08-30 14:10:00,Saturday,Geelong,West Coast,Kardinia Park,D,24,20,164,10,5,65
976,2008,22,2008-08-30 13:10:00,Saturday,North Melbourne,Port Adelaide,M.C.G.,D,10,12,72,23,10,148
975,2008,22,2008-08-29 20:40:00,Friday,Fremantle,Collingwood,Subiaco,N,12,8,80,8,8,56
974,2008,21,2008-08-24 16:40:00,Sunday,West Coast,Hawthorn,Subiaco,D,9,8,62,19,19,133
973,2008,21,2008-08-24 14:10:00,Sunday,St Kilda,Adelaide,Docklands,D,13,17,95,6,11,47
972,2008,21,2008-08-24 13:10:00,Sunday,Geelong,North Melbourne,Kardinia Park,D,17,13,115,13,4,82
971,2008,21,2008-08-23 19:10:00,Saturday,Collingwood,Sydney,Docklands,N,18,10,118,10,13,73
970,2008,21,2008-08-23 19:10:00,Saturday,Brisbane Lions,Carlton,Gabba,N,16,13,109,18,7,115
969,2008,21,2008-08-23 15:10:00,Saturday,Port Adelaide,Melbourne,Football Park,D,18,21,129,7,9,51
968,2008,21,2008-08-23 14:10:00,Saturday,Richmond,Fremantle,M.C.G.,D,15,15,105,15,8,98
967,2008,21,2008-08-22 19:40:00,Friday,Western Bulldogs,Essendon,Docklands,N,23,13,151,15,15,105
966,2008,20,2008-08-17 16:40:00,Sunday,Fremantle,St Kilda,Subiaco,D,9,15,69,17,10,112
965,2008,20,2008-08-17 14:10:00,Sunday,Carlton,North Melbourne,Docklands,D,14,6,90,22,9,141
964,2008,20,2008-08-17 13:10:00,Sunday,Richmond,Hawthorn,M.C.G.,D,16,9,105,10,16,76
963,2008,20,2008-08-16 19:10:00,Saturday,Sydney,Geelong,Stadium Australia,N,14,10,94,20,13,133
962,2008,20,2008-08-16 19:10:00,Saturday,Brisbane Lions,Western Bulldogs,Gabba,N,13,12,90,10,19,79
961,2008,20,2008-08-16 14:10:00,Saturday,Melbourne,West Coast,M.C.G.,D,11,13,79,5,15,45
960,2008,20,2008-08-16 14:10:00,Saturday,Essendon,Adelaide,Docklands,D,10,13,73,19,15,129
959,2008,20,2008-08-15 20:10:00,Friday,Port Adelaide,Collingwood,Football Park,N,10,15,75,16,10,106
958,2008,19,2008-08-10 16:40:00,Sunday,West Coast,Essendon,Subiaco,D,17,11,113,16,7,103
957,2008,19,2008-08-10 15:10:00,Sunday,Adelaide,Richmond,Football Park,D,16,12,108,6,9,45
956,2008,19,2008-08-10 13:10:00,Sunday,North Melbourne,Western Bulldogs,Docklands,D,21,10,136,18,8,116
955,2008,19,2008-08-09 19:10:00,Saturday,Sydney,Fremantle,S.C.G.,N,17,10,112,15,18,108
954,2008,19,2008-08-09 19:10:00,Saturday,Collingwood,St Kilda,M.C.G.,N,14,13,97,12,11,83
953,2008,19,2008-08-09 14:10:00,Saturday,Hawthorn,Brisbane Lions,York Park,D,16,14,110,5,11,41
952,2008,19,2008-08-09 14:10:00,Saturday,Carlton,Port Adelaide,Docklands,D,18,24,132,9,12,66
951,2008,19,2008-08-08 19:10:00,Friday,Melbourne,Geelong,M.C.G.,N,5,11,41,24,13,157
950,2008,18,2008-08-03 16:40:00,Sunday,Fremantle,West Coast,Subiaco,D,17,14,116,12,11,83
949,2008,18,2008-08-03 14:10:00,Sunday,St Kilda,Port Adelaide,Docklands,D,14,17,101,14,9,93
948,2008,18,2008-08-03 13:10:00,Sunday,Western Bulldogs,Sydney,Manuka Oval,D,17,11,113,14,13,97
947,2008,18,2008-08-02 19:10:00,Saturday,North Melbourne,Brisbane Lions,Carrara,N,13,14,92,11,18,84
946,2008,18,2008-08-02 19:10:00,Saturday,Geelong,Richmond,Docklands,N,20,14,134,10,11,71
945,2008,18,2008-08-02 15:10:00,Saturday,Adelaide,Carlton,Football Park,D,13,16,94,12,14,86
944,2008,18,2008-08-02 14:10:00,Saturday,Essendon,Melbourne,M.C.G.,D,19,10,124,17,6,108
943,2008,18,2008-08-01 19:40:00,Friday,Collingwood,Hawthorn,M.C.G.,N,8,14,62,17,14,116
942,2008,17,2008-07-27 16:40:00,Sunday,Western Bulldogs,Carlton,Docklands,T,15,8,98,18,18,126
941,2008,17,2008-07-27 14:10:00,Sunday,Melbourne,North Melbourne,M.C.G.,D,10,10,70,14,14,98
940,2008,17,2008-07-27 13:10:00,Sunday,Port Adelaide,Fremantle,Football Park,D,15,11,101,20,9,129
939,2008,17,2008-07-26 19:10:00,Saturday,Sydney,Adelaide,S.C.G.,N,6,17,53,11,11,77
938,2008,17,2008-07-26 19:10:00,Saturday,Richmond,Brisbane Lions,Docklands,N,18,9,117,16,18,114
937,2008,17,2008-07-26 16:10:00,Saturday,West Coast,St Kilda,Subiaco,D,15,13,103,12,14,86
936,2008,17,2008-07-26 14:10:00,Saturday,Essendon,Collingwood,M.C.G.,D,19,14,128,11,14,80
935,2008,17,2008-07-25 19:40:00,Friday,Hawthorn,Geelong,M.C.G.,N,11,11,77,12,16,88
934,2008,16,2008-07-20 16:40:00,Sunday,Fremantle,Melbourne,Subiaco,D,16,18,114,10,8,68
933,2008,16,2008-07-20 15:10:00,Sunday,Port Adelaide,Adelaide,Football Park,D,13,14,92,11,14,80
932,2008,16,2008-07-20 13:10:00,Sunday,Carlton,Sydney,Docklands,D,18,11,119,18,13,121
931,2008,16,2008-07-19 19:10:00,Saturday,St Kilda,Hawthorn,Docklands,N,18,11,119,13,11,89
930,2008,16,2008-07-19 19:10:00,Saturday,Brisbane Lions,West Coast,Gabba,N,17,11,113,9,13,67
929,2008,16,2008-07-19 14:10:00,Saturday,Richmond,Essendon,M.C.G.,D,16,12,108,15,14,104
928,2008,16,2008-07-19 14:10:00,Saturday,Geelong,Western Bulldogs,Kardinia Park,D,19,17,131,10,10,70
927,2008,16,2008-07-18 19:40:00,Friday,North Melbourne,Collingwood,Docklands,N,17,12,114,14,12,96
926,2008,15,2008-07-13 16:40:00,Sunday,West Coast,Richmond,Subiaco,D,11,9,75,24,8,152
925,2008,15,2008-07-13 14:10:00,Sunday,Western Bulldogs,Melbourne,Docklands,D,14,11,95,9,10,64
924,2008,15,2008-07-13 13:10:00,Sunday,Hawthorn,Sydney,M.C.G.,D,15,16,106,10,15,75
923,2008,15,2008-07-12 19:40:00,Saturday,Port Adelaide,North Melbourne,Football Park,N,10,14,74,10,16,76
922,2008,15,2008-07-12 19:10:00,Saturday,Essendon,Brisbane Lions,Docklands,N,24,11,155,18,10,118
921,2008,15,2008-07-12 14:10:00,Saturday,Geelong,Fremantle,Kardinia Park,D,18,10,118,6,8,44
920,2008,15,2008-07-12 14:10:00,Saturday,Collingwood,Adelaide,M.C.G.,D,15,16,106,11,8,74
919,2008,15,2008-07-11 19:40:00,Friday,Carlton,St Kilda,M.C.G.,N,12,15,87,18,11,119
918,2008,14,2008-07-05 19:10:00,Saturday,Sydney,Collingwood,Stadium Australia,N,6,14,50,11,13,79
917,2008,14,2008-07-04 20:10:00,Friday,Adelaide,Geelong,Football Park,N,8,8,56,18,16,124
916,2008,14,2008-06-29 16:40:00,Sunday,Fremantle,Essendon,Subiaco,D,13,13,91,14,11,95
915,2008,14,2008-06-29 13:10:00,Sunday,Melbourne,Brisbane Lions,M.C.G.,D,14,9,93,13,14,92
914,2008,14,2008-06-28 19:40:00,Saturday,Western Bulldogs,Port Adelaide,Marrara Oval,N,20,15,135,11,15,81
913,2008,14,2008-06-28 19:10:00,Saturday,North Melbourne,St Kilda,Carrara,N,9,15,69,12,12,84
912,2008,14,2008-06-28 14:10:00,Saturday,Richmond,Carlton,M.C.G.,D,12,16,88,17,16,118
911,2008,14,2008-06-27 19:40:00,Friday,Hawthorn,West Coast,M.C.G.,N,18,18,126,9,15,69
910,2008,13,2008-06-22 16:40:00,Sunday,Collingwood,Western Bulldogs,Docklands,T,13,11,89,15,9,99
909,2008,13,2008-06-22 14:10:00,Sunday,Carlton,Essendon,M.C.G.,D,15,11,101,20,16,136
908,2008,13,2008-06-22 13:10:00,Sunday,Melbourne,Sydney,Manuka Oval,D,11,8,74,17,12,114
907,2008,13,2008-06-21 19:40:00,Saturday,West Coast,Geelong,Subiaco,T,5,17,47,28,14,182
906,2008,13,2008-06-21 19:10:00,Saturday,Brisbane Lions,Adelaide,Gabba,N,11,17,83,10,10,70
905,2008,13,2008-06-21 15:10:00,Saturday,Port Adelaide,Richmond,Football Park,D,19,9,123,20,7,127
904,2008,13,2008-06-21 14:10:00,Saturday,Hawthorn,North Melbourne,M.C.G.,D,10,16,76,15,13,103
903,2008,13,2008-06-20 19:40:00,Friday,St Kilda,Fremantle,Docklands,N,10,5,65,8,9,57
902,2008,12,2008-06-15 16:40:00,Sunday,Richmond,Melbourne,Docklands,T,16,20,116,14,10,94
901,2008,12,2008-06-15 14:10:00,Sunday,Collingwood,Carlton,M.C.G.,D,12,17,89,17,17,119
900,2008,12,2008-06-15 13:10:00,Sunday,Geelong,Port Adelaide,Kardinia Park,D,15,18,108,7,7,49
899,2008,12,2008-06-14 19:40:00,Saturday,Adelaide,Hawthorn,Football Park,N,10,12,72,11,10,76
898,2008,12,2008-06-14 19:10:00,Saturday,Sydney,St Kilda,S.C.G.,N,14,18,102,9,13,67
897,2008,12,2008-06-14 16:10:00,Saturday,Fremantle,North Melbourne,Subiaco,D,18,12,120,9,13,67
896,2008,12,2008-06-14 14:10:00,Saturday,Western Bulldogs,Brisbane Lions,M.C.G.,D,19,17,131,10,8,68
895,2008,12,2008-06-13 19:40:00,Friday,Essendon,West Coast,Docklands,N,16,17,113,13,13,91
894,2008,11,2008-06-09 14:10:00,Monday,Melbourne,Collingwood,M.C.G.,D,13,17,95,17,14,116
893,2008,11,2008-06-08 16:40:00,Sunday,Port Adelaide,Carlton,Football Park,T,8,15,63,10,15,75
892,2008,11,2008-06-08 14:10:00,Sunday,St Kilda,Western Bulldogs,Docklands,D,11,13,79,15,16,106
891,2008,11,2008-06-08 13:10:00,Sunday,Brisbane Lions,Fremantle,Gabba,D,14,12,96,10,14,74
890,2008,11,2008-06-07 19:40:00,Saturday,West Coast,Sydney,Subiaco,T,11,12,78,12,11,83
889,2008,11,2008-06-07 19:10:00,Saturday,Essendon,Hawthorn,Docklands,N,12,7,79,19,16,130
888,2008,11,2008-06-07 14:10:00,Saturday,Richmond,Adelaide,M.C.G.,D,14,12,96,22,14,146
887,2008,11,2008-06-06 19:40:00,Friday,North Melbourne,Geelong,Docklands,N,17,12,114,19,13,127
886,2008,10,2008-06-01 16:40:00,Sunday,Fremantle,Port Adelaide,Subiaco,D,10,15,75,16,7,103
885,2008,10,2008-06-01 14:10:00,Sunday,St Kilda,Melbourne,Docklands,D,19,15,129,7,8,50
884,2008,10,2008-06-01 13:10:00,Sunday,Sydney,Richmond,S.C.G.,D,21,13,139,8,9,57
883,2008,10,2008-05-31 19:10:00,Saturday,Geelong,Carlton,Docklands,N,19,19,133,12,5,77
882,2008,10,2008-05-31 19:10:00,Saturday,Brisbane Lions,North Melbourne,Gabba,N,18,21,129,15,8,98
881,2008,10,2008-05-31 14:10:00,Saturday,Hawthorn,Western Bulldogs,York Park,D,12,2,74,15,16,106
880,2008,10,2008-05-31 14:10:00,Saturday,Collingwood,West Coast,M.C.G.,D,27,11,173,10,13,73
879,2008,10,2008-05-30 20:10:00,Friday,Adelaide,Essendon,Football Park,N,9,20,74,10,9,69
878,2008,9,2008-05-25 16:40:00,Sunday,Western Bulldogs,North Melbourne,Docklands,T,16,14,110,16,17,113
877,2008,9,2008-05-25 14:10:00,Sunday,Melbourne,Hawthorn,M.C.G.,D,12,6,78,14,13,97
876,2008,9,2008-05-25 13:10:00,Sunday,Brisbane Lions,St Kilda,Gabba,D,21,15,141,14,11,95
875,2008,9,2008-05-24 19:40:00,Saturday,West Coast,Adelaide,Subiaco,T,14,13,97,5,17,47
874,2008,9,2008-05-24 19:40:00,Saturday,Essendon,Richmond,M.C.G.,N,10,12,72,16,14,110
873,2008,9,2008-05-24 15:10:00,Saturday,Port Adelaide,Sydney,Football Park,D,14,10,94,16,9,105
872,2008,9,2008-05-24 14:10:00,Saturday,Carlton,Fremantle,Docklands,D,14,13,97,14,4,88
871,2008,9,2008-05-23 19:40:00,Friday,Collingwood,Geelong,M.C.G.,N,20,14,134,7,6,48
870,2008,8,2008-05-18 16:40:00,Sunday,Fremantle,Western Bulldogs,Subiaco,D,17,9,111,17,12,114
869,2008,8,2008-05-18 14:10:00,Sunday,Sydney,Essendon,Stadium Australia,D,21,17,143,7,10,52
868,2008,8,2008-05-18 13:10:00,Sunday,Adelaide,Melbourne,Football Park,D,22,18,150,11,8,74
867,2008,8,2008-05-17 19:10:00,Saturday,North Melbourne,West Coast,Carrara,N,13,11,89,12,11,83
866,2008,8,2008-05-17 19:10:00,Saturday,Carlton,Brisbane Lions,Docklands,N,12,20,92,18,17,125
865,2008,8,2008-05-17 14:10:00,Saturday,Richmond,Geelong,M.C.G.,D,10,9,69,14,15,99
864,2008,8,2008-05-17 14:10:00,Saturday,Hawthorn,Port Adelaide,York Park,D,17,15,117,15,12,102
863,2008,8,2008-05-16 19:40:00,Friday,St Kilda,Collingwood,Docklands,N,14,10,94,16,7,103
862,2008,7,2008-05-04 16:40:00,Sunday,Essendon,Port Adelaide,Docklands,T,15,4,94,24,14,158
861,2008,7,2008-05-04 14:10:00,Sunday,Melbourne,Fremantle,M.C.G.,D,17,17,119,15,23,113
860,2008,7,2008-05-04 13:10:00,Sunday,Sydney,Western Bulldogs,S.C.G.,D,14,10,94,18,4,112
859,2008,7,2008-05-03 19:40:00,Saturday,Adelaide,North Melbourne,Football Park,N,15,17,107,11,8,74
858,2008,7,2008-05-03 19:10:00,Saturday,Richmond,St Kilda,Docklands,N,16,11,107,17,8,110
857,2008,7,2008-05-03 14:10:00,Saturday,Hawthorn,Collingwood,M.C.G.,D,24,10,154,13,11,89
856,2008,7,2008-05-03 14:10:00,Saturday,Geelong,Brisbane Lions,Kardinia Park,D,15,15,105,11,12,78
855,2008,7,2008-05-02 20:40:00,Friday,West Coast,Carlton,Subiaco,N,10,14,74,17,9,111
854,2008,6,2008-04-27 16:40:00,Sunday,Hawthorn,Richmond,M.C.G.,T,14,22,106,15,4,94
853,2008,6,2008-04-27 14:10:00,Sunday,North Melbourne,Sydney,Docklands,D,9,10,64,8,16,64
852,2008,6,2008-04-27 13:10:00,Sunday,Brisbane Lions,Melbourne,Gabba,D,19,23,137,13,7,85
851,2008,6,2008-04-26 19:40:00,Saturday,Port Adelaide,St Kilda,Football Park,N,12,10,82,9,7,61
850,2008,6,2008-04-26 19:10:00,Saturday,Western Bulldogs,West Coast,Docklands,N,20,14,134,11,8,74
849,2008,6,2008-04-26 14:10:00,Saturday,Carlton,Adelaide,M.C.G.,D,11,15,81,16,15,111
848,2008,6,2008-04-25 20:40:00,Friday,Fremantle,Geelong,Subiaco,N,13,10,88,13,11,89
847,2008,6,2008-04-25 14:40:00,Friday,Collingwood,Essendon,M.C.G.,D,23,16,154,12,9,81
846,2008,5,2008-04-20 16:40:00,Sunday,West Coast,Port Adelaide,Subiaco,D,16,8,104,19,14,128
845,2008,5,2008-04-20 14:10:00,Sunday,Western Bulldogs,Richmond,Docklands,D,19,16,130,20,10,130
844,2008,5,2008-04-20 13:10:00,Sunday,Melbourne,Carlton,M.C.G.,D,9,14,68,15,11,101
843,2008,5,2008-04-19 19:10:00,Saturday,Collingwood,North Melbourne,M.C.G.,N,15,15,105,16,16,112
842,2008,5,2008-04-19 19:10:00,Saturday,Brisbane Lions,Hawthorn,Gabba,N,17,16,118,19,16,130
841,2008,5,2008-04-19 15:10:00,Saturday,Adelaide,Fremantle,Football Park,D,12,16,88,10,11,71
840,2008,5,2008-04-19 14:10:00,Saturday,Geelong,Sydney,Kardinia Park,D,16,18,114,10,12,72
839,2008,5,2008-04-18 19:40:00,Friday,St Kilda,Essendon,Docklands,N,18,15,123,14,3,87
838,2008,4,2008-04-13 16:40:00,Sunday,Fremantle,Richmond,Subiaco,D,10,13,73,20,17,137
837,2008,4,2008-04-13 14:10:00,Sunday,Carlton,Collingwood,M.C.G.,D,17,9,111,13,10,88
836,2008,4,2008-04-13 13:10:00,Sunday,Hawthorn,Adelaide,York Park,D,17,12,114,10,10,70
835,2008,4,2008-04-12 19:40:00,Saturday,Port Adelaide,Brisbane Lions,Football Park,N,16,8,104,18,16,124
834,2008,4,2008-04-12 19:10:00,Saturday,Sydney,West Coast,Stadium Australia,N,16,11,107,5,15,45
833,2008,4,2008-04-12 14:10:00,Saturday,St Kilda,Geelong,Docklands,D,13,16,94,21,10,136
832,2008,4,2008-04-12 14:10:00,Saturday,North Melbourne,Melbourne,M.C.G.,D,18,19,127,11,13,79
831,2008,4,2008-04-11 19:40:00,Friday,Essendon,Western Bulldogs,Docklands,N,14,14,98,19,14,128
830,2008,3,2008-04-06 16:40:00,Sunday,Adelaide,Port Adelaide,Football Park,T,12,13,85,11,13,79
829,2008,3,2008-04-06 14:10:00,Sunday,Richmond,Collingwood,M.C.G.,D,11,12,78,18,14,122
828,2008,3,2008-04-06 13:10:00,Sunday,Geelong,Melbourne,Kardinia Park,D,16,16,112,12,10,82
827,2008,3,2008-04-05 20:10:00,Saturday,Brisbane Lions,Sydney,Gabba,N,10,11,71,13,10,88
826,2008,3,2008-04-05 19:10:00,Saturday,Essendon,Carlton,M.C.G.,N,23,12,150,21,8,134
825,2008,3,2008-04-05 17:10:00,Saturday,West Coast,Fremantle,Subiaco,D,10,13,73,12,15,87
824,2008,3,2008-04-05 14:10:00,Saturday,North Melbourne,Hawthorn,Docklands,D,13,8,86,15,12,102
823,2008,3,2008-04-04 19:40:00,Friday,Western Bulldogs,St Kilda,Docklands,N,19,11,125,13,9,87
822,2008,2,2008-03-30 16:40:00,Sunday,Richmond,North Melbourne,M.C.G.,T,13,8,86,20,7,127
821,2008,2,2008-03-30 14:10:00,Sunday,Geelong,Essendon,Docklands,D,22,18,150,6,15,51
820,2008,2,2008-03-30 13:10:00,Sunday,Sydney,Port Adelaide,S.C.G.,D,22,14,146,11,12,78
819,2008,2,2008-03-29 19:40:00,Saturday,Fremantle,Hawthorn,Subiaco,T,14,13,97,16,16,112
818,2008,2,2008-03-29 19:10:00,Saturday,St Kilda,Carlton,Docklands,N,19,11,125,12,13,85
817,2008,2,2008-03-29 15:10:00,Saturday,Adelaide,West Coast,Football Park,D,21,7,133,8,9,57
816,2008,2,2008-03-29 14:10:00,Saturday,Melbourne,Western Bulldogs,M.C.G.,D,9,12,66,24,17,161
815,2008,2,2008-03-28 20:40:00,Friday,Brisbane Lions,Collingwood,Gabba,N,13,18,96,13,16,94
814,2008,1,2008-03-24 14:10:00,Monday,North Melbourne,Essendon,Docklands,D,9,13,67,19,8,122
813,2008,1,2008-03-23 16:40:00,Sunday,Hawthorn,Melbourne,M.C.G.,T,23,16,154,6,14,50
812,2008,1,2008-03-23 13:10:00,Sunday,Western Bulldogs,Adelaide,Docklands,D,19,12,126,18,15,123
811,2008,1,2008-03-22 19:40:00,Saturday,West Coast,Brisbane Lions,Subiaco,T,14,8,92,11,10,76
810,2008,1,2008-03-22 19:10:00,Saturday,St Kilda,Sydney,Docklands,N,6,15,51,6,13,49
809,2008,1,2008-03-22 14:10:00,Saturday,Collingwood,Fremantle,M.C.G.,D,16,15,111,13,7,85
808,2008,1,2008-03-20 20:45:00,Thursday,Port Adelaide,Geelong,Football Park,N,14,12,96,15,15,105
807,2008,1,2008-03-20 18:10:00,Thursday,Carlton,Richmond,M.C.G.,T,11,13,79,17,7,109
563,2007,GF,2007-09-29 14:30:00,Saturday,Geelong,Port Adelaide,M.C.G.,D,24,19,163,6,8,44
562,2007,PF,2007-09-22 16:30:00,Saturday,Port Adelaide,North Melbourne,Football Park,T,20,13,133,5,16,46
561,2007,PF,2007-09-21 19:50:00,Friday,Geelong,Collingwood,M.C.G.,N,13,14,92,13,9,87
560,2007,SF,2007-09-15 19:30:00,Saturday,North Melbourne,Hawthorn,M.C.G.,N,14,9,93,8,12,60
559,2007,SF,2007-09-14 20:45:00,Friday,West Coast,Collingwood,Subiaco,N,10,14,74,13,15,93
558,2007,QF,2007-09-09 14:45:00,Sunday,Geelong,North Melbourne,M.C.G.,D,23,18,156,8,2,50
557,2007,EF,2007-09-08 19:30:00,Saturday,Collingwood,Sydney,M.C.G.,N,18,17,125,13,9,87
556,2007,EF,2007-09-08 14:30:00,Saturday,Hawthorn,Adelaide,Docklands,D,15,15,105,15,12,102
555,2007,QF,2007-09-07 20:20:00,Friday,Port Adelaide,West Coast,Football Park,N,9,14,68,9,11,65
554,2007,22,2007-09-02 17:10:00,Sunday,Melbourne,Carlton,M.C.G.,T,21,13,139,15,18,108
553,2007,22,2007-09-02 14:10:00,Sunday,Western Bulldogs,North Melbourne,Docklands,D,14,9,93,23,19,157
552,2007,22,2007-09-02 13:10:00,Sunday,Sydney,Hawthorn,S.C.G.,D,22,9,141,10,9,69
551,2007,22,2007-09-01 19:40:00,Saturday,Port Adelaide,Fremantle,Football Park,N,17,15,117,12,13,85
550,2007,22,2007-09-01 19:10:00,Saturday,Brisbane Lions,Geelong,Gabba,N,15,13,103,22,13,145
549,2007,22,2007-09-01 16:10:00,Saturday,West Coast,Essendon,Subiaco,D,21,6,132,19,10,124
548,2007,22,2007-09-01 14:10:00,Saturday,Richmond,St Kilda,M.C.G.,D,13,14,92,14,18,102
547,2007,22,2007-08-31 19:40:00,Friday,Collingwood,Adelaide,Docklands,N,11,9,75,14,10,94
546,2007,21,2007-08-26 17:10:00,Sunday,Essendon,Richmond,M.C.G.,T,13,14,92,17,17,119
545,2007,21,2007-08-26 14:10:00,Sunday,Geelong,Port Adelaide,Kardinia Park,D,15,11,101,16,10,106
544,2007,21,2007-08-26 13:10:00,Sunday,Western Bulldogs,Hawthorn,Docklands,D,10,7,67,22,19,151
543,2007,21,2007-08-25 19:40:00,Saturday,Adelaide,Brisbane Lions,Football Park,N,12,14,86,8,12,60
542,2007,21,2007-08-25 19:10:00,Saturday,Collingwood,Sydney,M.C.G.,N,15,11,101,11,10,76
541,2007,21,2007-08-25 16:10:00,Saturday,Fremantle,Melbourne,Subiaco,D,22,12,144,12,13,85
540,2007,21,2007-08-25 14:10:00,Saturday,Carlton,North Melbourne,Docklands,D,11,13,79,24,17,161
539,2007,21,2007-08-24 19:40:00,Friday,St Kilda,West Coast,Docklands,N,14,14,98,16,10,106
538,2007,20,2007-08-19 16:40:00,Sunday,Adelaide,Western Bulldogs,Football Park,T,15,17,107,11,7,73
537,2007,20,2007-08-19 14:10:00,Sunday,North Melbourne,Geelong,Docklands,D,13,13,91,17,16,118
536,2007,20,2007-08-19 13:10:00,Sunday,Hawthorn,Port Adelaide,York Park,D,12,10,82,12,15,87
535,2007,20,2007-08-18 19:40:00,Saturday,West Coast,Richmond,Subiaco,T,18,9,117,12,14,86
534,2007,20,2007-08-18 19:10:00,Saturday,Brisbane Lions,Sydney,Gabba,N,9,9,63,8,15,63
533,2007,20,2007-08-18 14:10:00,Saturday,Essendon,Carlton,M.C.G.,D,18,10,118,16,12,108
532,2007,20,2007-08-18 14:10:00,Saturday,St Kilda,Fremantle,Docklands,D,19,12,126,14,12,96
531,2007,20,2007-08-17 19:40:00,Friday,Collingwood,Melbourne,M.C.G.,N,11,15,81,9,16,70
530,2007,19,2007-08-12 16:40:00,Sunday,Fremantle,Essendon,Subiaco,D,21,14,140,11,11,77
529,2007,19,2007-08-12 14:10:00,Sunday,Geelong,Adelaide,Kardinia Park,D,15,13,103,10,10,70
528,2007,19,2007-08-12 13:10:00,Sunday,North Melbourne,West Coast,Docklands,D,15,12,102,17,17,119
527,2007,19,2007-08-11 19:40:00,Saturday,Sydney,St Kilda,Stadium Australia,N,12,10,82,9,11,65
526,2007,19,2007-08-11 19:10:00,Saturday,Melbourne,Western Bulldogs,Docklands,N,19,15,129,12,15,87
525,2007,19,2007-08-11 15:10:00,Saturday,Port Adelaide,Carlton,Football Park,D,17,14,116,14,9,93
524,2007,19,2007-08-11 14:10:00,Saturday,Hawthorn,Brisbane Lions,M.C.G.,D,17,13,115,13,13,91
523,2007,19,2007-08-10 19:40:00,Friday,Richmond,Collingwood,M.C.G.,N,18,8,116,14,12,96
522,2007,18,2007-08-05 16:40:00,Sunday,West Coast,Fremantle,Subiaco,D,14,13,97,19,10,124
521,2007,18,2007-08-05 14:10:00,Sunday,Hawthorn,Essendon,M.C.G.,D,17,17,119,7,14,56
520,2007,18,2007-08-05 13:10:00,Sunday,Melbourne,Sydney,Manuka Oval,D,9,10,64,17,10,112
519,2007,18,2007-08-04 19:40:00,Saturday,Adelaide,Port Adelaide,Football Park,N,9,19,73,10,5,65
518,2007,18,2007-08-04 19:10:00,Saturday,Brisbane Lions,North Melbourne,Gabba,N,10,17,77,5,10,40
517,2007,18,2007-08-04 14:10:00,Saturday,Geelong,Richmond,Kardinia Park,D,21,13,139,11,3,69
516,2007,18,2007-08-04 14:10:00,Saturday,Carlton,Collingwood,M.C.G.,D,14,12,96,18,12,120
515,2007,18,2007-08-03 19:40:00,Friday,Western Bulldogs,St Kilda,Docklands,N,12,13,85,12,13,85
514,2007,17,2007-07-29 16:40:00,Sunday,Port Adelaide,Melbourne,Football Park,T,25,13,163,11,8,74
513,2007,17,2007-07-29 14:10:00,Sunday,Essendon,Adelaide,Docklands,D,18,9,117,16,9,105
512,2007,17,2007-07-29 13:10:00,Sunday,Hawthorn,North Melbourne,York Park,D,10,11,71,16,12,108
511,2007,17,2007-07-28 19:10:00,Saturday,Sydney,Richmond,S.C.G.,N,21,12,138,10,12,72
510,2007,17,2007-07-28 19:10:00,Saturday,Collingwood,Brisbane Lions,M.C.G.,N,7,14,56,22,17,149
509,2007,17,2007-07-28 16:10:00,Saturday,Fremantle,Geelong,Subiaco,D,10,12,72,20,20,140
508,2007,17,2007-07-28 14:10:00,Saturday,Carlton,St Kilda,Docklands,D,15,11,101,16,15,111
507,2007,17,2007-07-27 19:40:00,Friday,Western Bulldogs,West Coast,Docklands,N,9,17,71,24,14,158
506,2007,16,2007-07-22 17:10:00,Sunday,North Melbourne,Melbourne,Docklands,T,19,12,126,9,8,62
505,2007,16,2007-07-22 14:10:00,Sunday,Richmond,Port Adelaide,M.C.G.,D,15,10,100,24,11,155
504,2007,16,2007-07-22 13:10:00,Sunday,Brisbane Lions,Carlton,Gabba,D,25,13,163,6,10,46
503,2007,16,2007-07-21 19:40:00,Saturday,West Coast,Sydney,Subiaco,T,16,16,112,15,10,100
502,2007,16,2007-07-21 19:10:00,Saturday,St Kilda,Hawthorn,Docklands,N,14,11,95,11,12,78
501,2007,16,2007-07-21 15:10:00,Saturday,Adelaide,Fremantle,Football Park,D,15,11,101,20,6,126
500,2007,16,2007-07-21 14:10:00,Saturday,Collingwood,Essendon,M.C.G.,D,18,14,122,14,9,93
499,2007,16,2007-07-20 19:40:00,Friday,Geelong,Western Bulldogs,Docklands,N,20,18,138,9,9,63
498,2007,15,2007-07-15 16:40:00,Sunday,Fremantle,North Melbourne,Subiaco,D,11,12,78,12,10,82
497,2007,15,2007-07-15 14:10:00,Sunday,Hawthorn,Richmond,M.C.G.,D,19,15,129,11,10,76
496,2007,15,2007-07-15 13:10:00,Sunday,Sydney,Carlton,S.C.G.,D,25,12,162,15,10,100
495,2007,15,2007-07-14 19:10:00,Saturday,Melbourne,Brisbane Lions,Gabba,N,12,10,82,18,18,126
494,2007,15,2007-07-14 19:10:00,Saturday,Essendon,Western Bulldogs,Docklands,N,14,14,98,20,11,131
493,2007,15,2007-07-14 15:10:00,Saturday,Port Adelaide,West Coast,Football Park,D,22,21,153,9,8,62
492,2007,15,2007-07-14 14:10:00,Saturday,Geelong,Collingwood,M.C.G.,D,11,14,80,9,10,64
491,2007,15,2007-07-13 19:40:00,Friday,St Kilda,Adelaide,Docklands,N,11,16,82,12,8,80
490,2007,14,2007-07-08 17:10:00,Sunday,Richmond,North Melbourne,Docklands,T,11,13,79,14,20,104
489,2007,14,2007-07-08 14:10:00,Sunday,Carlton,Melbourne,M.C.G.,D,14,17,101,19,10,124
488,2007,14,2007-07-08 13:10:00,Sunday,Sydney,Fremantle,S.C.G.,D,11,23,89,9,7,61
487,2007,14,2007-07-07 19:40:00,Saturday,West Coast,Brisbane Lions,Subiaco,T,9,10,64,13,13,91
486,2007,14,2007-07-07 19:40:00,Saturday,Adelaide,Hawthorn,Football Park,N,15,12,102,4,7,31
485,2007,14,2007-07-07 14:10:00,Saturday,Western Bulldogs,Port Adelaide,Docklands,D,20,13,133,17,11,113
484,2007,14,2007-07-07 14:10:00,Saturday,Collingwood,St Kilda,M.C.G.,D,12,17,89,12,8,80
483,2007,14,2007-07-06 19:40:00,Friday,Essendon,Geelong,Docklands,N,12,11,83,19,19,133
482,2007,13,2007-07-01 17:10:00,Sunday,Collingwood,Hawthorn,Docklands,T,12,15,87,15,5,95
481,2007,13,2007-07-01 14:10:00,Sunday,North Melbourne,Western Bulldogs,M.C.G.,D,17,9,111,11,19,85
480,2007,13,2007-07-01 13:10:00,Sunday,Adelaide,West Coast,Football Park,D,10,14,74,14,11,95
479,2007,13,2007-06-30 19:10:00,Saturday,St Kilda,Richmond,Docklands,N,17,15,117,15,10,100
478,2007,13,2007-06-30 19:10:00,Saturday,Brisbane Lions,Port Adelaide,Gabba,N,15,15,105,17,10,112
477,2007,13,2007-06-30 16:10:00,Saturday,Fremantle,Carlton,Subiaco,D,27,11,173,13,18,96
476,2007,13,2007-06-30 14:10:00,Saturday,Geelong,Sydney,Kardinia Park,D,13,9,87,10,9,69
475,2007,13,2007-06-29 19:40:00,Friday,Essendon,Melbourne,Docklands,N,19,11,125,18,15,123
474,2007,12,2007-06-24 16:40:00,Sunday,West Coast,St Kilda,Subiaco,D,11,10,76,15,9,99
473,2007,12,2007-06-23 19:10:00,Saturday,Sydney,Collingwood,Stadium Australia,N,8,9,57,10,16,76
472,2007,12,2007-06-22 19:40:00,Friday,Richmond,Melbourne,M.C.G.,N,18,16,124,11,9,75
471,2007,12,2007-06-17 16:40:00,Sunday,Port Adelaide,Essendon,Football Park,T,19,12,126,13,17,95
470,2007,12,2007-06-17 13:10:00,Sunday,Geelong,Brisbane Lions,Kardinia Park,D,12,13,85,5,5,35
469,2007,12,2007-06-16 19:40:00,Saturday,Western Bulldogs,Fremantle,Marrara Oval,N,22,9,141,16,19,115
468,2007,12,2007-06-16 19:10:00,Saturday,North Melbourne,Adelaide,Carrara,N,7,12,54,15,10,100
467,2007,12,2007-06-15 19:40:00,Friday,Carlton,Hawthorn,Docklands,N,12,8,80,27,18,180
466,2007,11,2007-06-11 14:10:00,Monday,Melbourne,Collingwood,M.C.G.,D,13,16,94,11,15,81
465,2007,11,2007-06-10 16:40:00,Sunday,Fremantle,Richmond,Subiaco,D,18,15,123,15,12,102
464,2007,11,2007-06-10 14:10:00,Sunday,St Kilda,North Melbourne,Docklands,D,8,10,58,11,14,80
463,2007,11,2007-06-10 13:10:00,Sunday,Adelaide,Geelong,Football Park,D,9,8,62,9,15,69
462,2007,11,2007-06-09 19:10:00,Saturday,Carlton,Port Adelaide,Docklands,N,22,9,141,14,18,102
461,2007,11,2007-06-09 19:10:00,Saturday,Brisbane Lions,Western Bulldogs,Gabba,N,10,12,72,13,17,95
460,2007,11,2007-06-09 14:10:00,Saturday,Hawthorn,Sydney,M.C.G.,D,9,12,66,11,9,75
459,2007,11,2007-06-08 19:40:00,Friday,Essendon,West Coast,Docklands,N,15,5,95,14,10,94
458,2007,10,2007-06-03 17:10:00,Sunday,St Kilda,Geelong,Docklands,T,9,11,65,19,11,125
457,2007,10,2007-06-03 14:10:00,Sunday,Carlton,Western Bulldogs,M.C.G.,D,21,12,138,19,14,128
456,2007,10,2007-06-03 13:10:00,Sunday,Port Adelaide,Hawthorn,Football Park,D,10,15,75,17,7,109
455,2007,10,2007-06-02 19:10:00,Saturday,Sydney,Essendon,S.C.G.,N,11,7,73,11,8,74
454,2007,10,2007-06-02 19:10:00,Saturday,Richmond,Brisbane Lions,Docklands,N,10,13,73,10,13,73
453,2007,10,2007-06-02 16:10:00,Saturday,West Coast,North Melbourne,Subiaco,D,18,13,121,7,13,55
452,2007,10,2007-06-02 14:10:00,Saturday,Melbourne,Adelaide,M.C.G.,D,13,11,89,10,12,72
451,2007,10,2007-06-01 19:40:00,Friday,Collingwood,Fremantle,M.C.G.,N,15,13,103,13,16,94
450,2007,9,2007-05-27 16:40:00,Sunday,Port Adelaide,Geelong,Football Park,T,8,12,60,16,20,116
449,2007,9,2007-05-27 14:10:00,Sunday,Melbourne,North Melbourne,M.C.G.,D,11,12,78,10,19,79
448,2007,9,2007-05-27 13:10:00,Sunday,Western Bulldogs,Sydney,Manuka Oval,D,8,9,57,15,10,100
447,2007,9,2007-05-26 19:10:00,Saturday,Richmond,Essendon,M.C.G.,N,12,12,84,12,20,92
446,2007,9,2007-05-26 19:10:00,Saturday,Brisbane Lions,Collingwood,Gabba,N,13,9,87,18,12,120
445,2007,9,2007-05-26 14:10:00,Saturday,Hawthorn,West Coast,York Park,D,15,9,99,8,16,64
444,2007,9,2007-05-26 14:10:00,Saturday,Carlton,Adelaide,Docklands,D,12,14,86,15,15,105
443,2007,9,2007-05-25 20:40:00,Friday,Fremantle,St Kilda,Subiaco,N,15,11,101,6,19,55
442,2007,8,2007-05-20 16:40:00,Sunday,West Coast,Melbourne,Subiaco,D,19,23,137,9,6,60
441,2007,8,2007-05-20 14:10:00,Sunday,Western Bulldogs,Collingwood,Docklands,D,20,15,135,14,18,102
440,2007,8,2007-05-20 13:10:00,Sunday,Sydney,Port Adelaide,S.C.G.,D,17,16,118,13,9,87
439,2007,8,2007-05-19 19:10:00,Saturday,North Melbourne,Carlton,Carrara,N,22,15,147,20,10,130
438,2007,8,2007-05-19 19:10:00,Saturday,Hawthorn,St Kilda,M.C.G.,N,10,12,72,6,8,44
437,2007,8,2007-05-19 14:10:00,Saturday,Geelong,Fremantle,Kardinia Park,D,14,10,94,10,9,69
436,2007,8,2007-05-19 14:10:00,Saturday,Essendon,Brisbane Lions,Docklands,D,18,19,127,8,15,63
435,2007,8,2007-05-18 19:40:00,Friday,Adelaide,Richmond,Football Park,N,14,15,99,14,6,90
434,2007,7,2007-05-13 16:40:00,Sunday,Fremantle,Hawthorn,Subiaco,D,14,12,96,11,14,80
433,2007,7,2007-05-13 14:10:00,Sunday,Western Bulldogs,Melbourne,Docklands,D,16,16,112,16,10,106
432,2007,7,2007-05-13 13:10:00,Sunday,Geelong,West Coast,Kardinia Park,D,16,13,109,10,10,70
431,2007,7,2007-05-12 19:10:00,Saturday,St Kilda,Sydney,Docklands,N,15,7,97,11,5,71
430,2007,7,2007-05-12 19:10:00,Saturday,Brisbane Lions,Adelaide,Gabba,N,9,15,69,14,16,100
429,2007,7,2007-05-12 15:10:00,Saturday,Port Adelaide,Richmond,Football Park,D,16,19,115,10,15,75
428,2007,7,2007-05-12 14:10:00,Saturday,Collingwood,Carlton,M.C.G.,D,17,17,119,14,11,95
427,2007,7,2007-05-11 19:40:00,Friday,North Melbourne,Essendon,Docklands,N,18,9,117,13,17,95
426,2007,6,2007-05-06 17:10:00,Sunday,Richmond,Geelong,Docklands,T,9,11,65,35,12,222
425,2007,6,2007-05-06 14:10:00,Sunday,Melbourne,Port Adelaide,M.C.G.,D,9,17,71,10,16,76
424,2007,6,2007-05-06 13:10:00,Sunday,Brisbane Lions,Fremantle,Gabba,D,17,18,120,10,15,75
423,2007,6,2007-05-05 19:40:00,Saturday,Adelaide,Collingwood,Football Park,N,9,8,62,11,20,86
422,2007,6,2007-05-05 19:10:00,Saturday,North Melbourne,Sydney,Docklands,N,16,15,111,14,11,95
421,2007,6,2007-05-05 16:10:00,Saturday,West Coast,Western Bulldogs,Subiaco,D,10,17,77,9,8,62
420,2007,6,2007-05-05 14:10:00,Saturday,Essendon,Hawthorn,M.C.G.,D,15,6,96,20,11,131
419,2007,6,2007-05-04 19:40:00,Friday,St Kilda,Carlton,Docklands,N,18,17,125,11,16,82
418,2007,5,2007-04-29 16:40:00,Sunday,Fremantle,Adelaide,Subiaco,D,7,16,58,8,9,57
417,2007,5,2007-04-29 14:10:00,Sunday,Geelong,North Melbourne,Kardinia Park,D,15,12,102,18,10,118
416,2007,5,2007-04-29 13:10:00,Sunday,Hawthorn,Western Bulldogs,M.C.G.,D,13,15,93,16,14,110
415,2007,5,2007-04-28 19:10:00,Saturday,Carlton,Brisbane Lions,Docklands,N,18,16,124,21,10,136
414,2007,5,2007-04-28 19:10:00,Saturday,Sydney,Melbourne,S.C.G.,N,17,7,109,8,12,60
413,2007,5,2007-04-28 14:10:00,Saturday,Richmond,West Coast,M.C.G.,D,11,10,76,14,15,99
412,2007,5,2007-04-27 19:40:00,Friday,Port Adelaide,St Kilda,Football Park,N,14,12,96,6,7,43
411,2007,5,2007-04-25 14:40:00,Wednesday,Essendon,Collingwood,M.C.G.,D,11,13,79,12,23,95
410,2007,4,2007-04-22 16:40:00,Sunday,West Coast,Carlton,Subiaco,D,14,16,100,4,15,39
409,2007,4,2007-04-22 14:10:00,Sunday,Melbourne,Fremantle,M.C.G.,D,13,14,92,21,11,137
408,2007,4,2007-04-22 13:10:00,Sunday,Hawthorn,Geelong,York Park,D,10,16,76,9,18,72
407,2007,4,2007-04-21 19:40:00,Saturday,Adelaide,Sydney,Football Park,N,9,7,61,5,14,44
406,2007,4,2007-04-21 19:10:00,Saturday,North Melbourne,Brisbane Lions,Carrara,N,12,15,87,8,15,63
405,2007,4,2007-04-21 14:10:00,Saturday,Collingwood,Port Adelaide,M.C.G.,D,9,12,66,12,12,84
404,2007,4,2007-04-21 14:10:00,Saturday,St Kilda,Essendon,Docklands,D,9,14,68,15,9,99
403,2007,4,2007-04-20 19:40:00,Friday,Richmond,Western Bulldogs,M.C.G.,N,14,16,100,20,12,132
402,2007,3,2007-04-15 17:10:00,Sunday,North Melbourne,Hawthorn,Docklands,T,10,10,70,13,13,91
401,2007,3,2007-04-15 14:10:00,Sunday,Melbourne,Geelong,M.C.G.,D,8,9,57,15,19,109
400,2007,3,2007-04-15 13:10:00,Sunday,Sydney,Brisbane Lions,S.C.G.,D,13,18,96,10,9,69
399,2007,3,2007-04-14 19:40:00,Saturday,Fremantle,West Coast,Subiaco,T,11,4,70,14,17,101
398,2007,3,2007-04-13 19:40:00,Friday,Collingwood,Richmond,M.C.G.,N,17,13,115,13,12,90
397,2007,3,2007-04-14 19:10:00,Saturday,St Kilda,Western Bulldogs,Docklands,N,17,14,116,9,12,66
396,2007,3,2007-04-14 15:10:00,Saturday,Port Adelaide,Adelaide,Football Park,D,8,15,63,13,9,87
395,2007,3,2007-04-14 14:10:00,Saturday,Carlton,Essendon,M.C.G.,D,18,17,125,17,20,122
394,2007,2,2007-04-09 14:10:00,Monday,Hawthorn,Melbourne,M.C.G.,D,17,14,116,14,10,94
393,2007,2,2007-04-08 17:10:00,Sunday,Western Bulldogs,Adelaide,M.C.G.,T,11,6,72,16,14,110
392,2007,2,2007-04-08 14:10:00,Sunday,Essendon,Fremantle,Docklands,D,19,8,122,17,10,112
391,2007,2,2007-04-08 13:10:00,Sunday,Port Adelaide,North Melbourne,Football Park,D,17,20,122,15,14,104
390,2007,2,2007-04-07 19:40:00,Saturday,West Coast,Collingwood,Subiaco,T,12,15,87,11,9,75
389,2007,2,2007-04-07 19:15:00,Saturday,Geelong,Carlton,Docklands,N,24,18,162,12,12,84
388,2007,2,2007-04-07 14:10:00,Saturday,Richmond,Sydney,M.C.G.,D,11,6,72,13,10,88
387,2007,2,2007-04-05 19:40:00,Thursday,Brisbane Lions,St Kilda,Gabba,N,15,12,102,7,8,50
386,2007,1,2007-04-01 17:10:00,Sunday,Carlton,Richmond,M.C.G.,T,15,25,115,15,8,98
385,2007,1,2007-04-01 14:10:00,Sunday,Western Bulldogs,Geelong,Docklands,D,17,11,113,13,15,93
384,2007,1,2007-04-01 13:10:00,Sunday,Adelaide,Essendon,Football Park,D,10,14,74,16,9,105
383,2007,1,2007-03-31 19:10:00,Saturday,Sydney,West Coast,Stadium Australia,N,10,13,73,11,8,74
382,2007,1,2007-03-31 19:10:00,Saturday,Brisbane Lions,Hawthorn,Gabba,N,9,15,69,6,8,44
381,2007,1,2007-03-31 16:10:00,Saturday,Fremantle,Port Adelaide,Subiaco,D,16,9,105,19,7,121
380,2007,1,2007-03-31 14:10:00,Saturday,North Melbourne,Collingwood,M.C.G.,D,10,19,79,12,10,82
379,2007,1,2007-03-30 19:40:00,Friday,Melbourne,St Kilda,M.C.G.,N,9,8,62,13,15,93
370,2006,GF,2006-09-30 14:30:00,Saturday,Sydney,West Coast,M.C.G.,D,12,12,84,12,13,85
369,2006,PF,2006-09-23 15:30:00,Saturday,Adelaide,West Coast,Football Park,D,11,9,75,11,19,85
368,2006,PF,2006-09-22 20:00:00,Friday,Sydney,Fremantle,Stadium Australia,N,19,13,127,14,8,92
367,2006,SF,2006-09-16 19:30:00,Saturday,West Coast,Western Bulldogs,Subiaco,T,16,17,113,5,9,39
366,2006,SF,2006-09-15 20:30:00,Friday,Fremantle,Melbourne,Subiaco,N,14,18,102,11,8,74
365,2006,EF,2006-09-10 14:30:00,Sunday,Collingwood,Western Bulldogs,M.C.G.,D,11,14,80,18,13,121
364,2006,QF,2006-09-09 15:00:00,Saturday,Adelaide,Fremantle,Football Park,D,10,16,76,7,4,46
363,2006,QF,2006-09-09 19:30:00,Saturday,West Coast,Sydney,Subiaco,T,12,12,84,13,7,85
362,2006,EF,2006-09-08 19:30:00,Friday,St Kilda,Melbourne,M.C.G.,N,10,12,72,13,12,90
361,2006,22,2006-09-03 14:10:00,Sunday,Hawthorn,Geelong,Docklands,D,21,7,133,10,12,72
360,2006,22,2006-09-03 14:10:00,Sunday,Collingwood,North Melbourne,M.C.G.,D,20,19,139,10,11,71
359,2006,22,2006-09-03 13:10:00,Sunday,Sydney,Carlton,S.C.G.,D,21,10,136,6,8,44
358,2006,22,2006-09-02 19:40:00,Saturday,Fremantle,Port Adelaide,Subiaco,T,23,13,151,9,18,72
357,2006,22,2006-09-02 15:10:00,Saturday,Adelaide,Melbourne,Football Park,D,23,14,152,14,10,94
356,2006,22,2006-09-02 14:10:00,Saturday,Richmond,West Coast,M.C.G.,D,12,13,85,26,17,173
355,2006,22,2006-09-02 19:10:00,Saturday,Brisbane Lions,St Kilda,Gabba,N,7,15,57,16,12,108
354,2006,22,2006-09-01 19:40:00,Friday,Western Bulldogs,Essendon,Docklands,N,22,15,147,18,17,125
353,2006,21,2006-08-27 16:40:00,Sunday,West Coast,Fremantle,Subiaco,D,8,13,61,18,10,118
352,2006,21,2006-08-27 14:10:00,Sunday,Collingwood,Carlton,M.C.G.,D,24,12,156,17,10,112
351,2006,21,2006-08-27 13:10:00,Sunday,Port Adelaide,Adelaide,Football Park,D,14,11,95,11,15,81
350,2006,21,2006-08-26 19:10:00,Saturday,Sydney,Brisbane Lions,Stadium Australia,N,14,13,97,6,4,40
349,2006,21,2006-08-26 19:10:00,Saturday,Richmond,Essendon,M.C.G.,N,20,9,129,16,17,113
348,2006,21,2006-08-26 14:10:00,Saturday,Geelong,Melbourne,Kardinia Park,D,14,10,94,14,10,94
347,2006,21,2006-08-26 14:10:00,Saturday,Hawthorn,North Melbourne,York Park,D,7,16,58,4,12,36
346,2006,21,2006-08-25 19:40:00,Friday,Western Bulldogs,St Kilda,Docklands,N,13,14,92,22,10,142
345,2006,20,2006-08-20 14:10:00,Sunday,Carlton,Richmond,Docklands,D,14,11,95,21,14,140
344,2006,20,2006-08-20 14:10:00,Sunday,North Melbourne,Melbourne,M.C.G.,D,12,10,82,20,12,132
343,2006,20,2006-08-20 13:10:00,Sunday,Brisbane Lions,West Coast,Gabba,D,7,10,52,16,18,114
342,2006,20,2006-08-19 19:40:00,Saturday,Fremantle,St Kilda,Subiaco,T,17,12,114,7,14,56
341,2006,20,2006-08-19 19:10:00,Saturday,Essendon,Hawthorn,Docklands,N,15,16,106,19,10,124
340,2006,20,2006-08-19 14:10:00,Saturday,Geelong,Sydney,Kardinia Park,D,14,6,90,9,9,63
339,2006,20,2006-08-19 14:10:00,Saturday,Western Bulldogs,Adelaide,M.C.G.,D,16,9,105,14,14,98
338,2006,20,2006-08-18 20:40:00,Friday,Port Adelaide,Collingwood,Football Park,N,12,15,87,12,17,89
337,2006,19,2006-08-13 14:10:00,Sunday,Geelong,St Kilda,Docklands,D,11,14,80,15,13,103
336,2006,19,2006-08-13 14:10:00,Sunday,Hawthorn,Carlton,M.C.G.,D,17,11,113,13,12,90
335,2006,19,2006-08-13 13:10:00,Sunday,Adelaide,Fremantle,Football Park,D,10,20,80,13,17,95
334,2006,19,2006-08-12 19:40:00,Saturday,Western Bulldogs,Port Adelaide,Marrara Oval,N,13,13,91,14,21,105
333,2006,19,2006-08-12 19:10:00,Saturday,Richmond,Brisbane Lions,Docklands,N,21,16,142,8,12,60
332,2006,19,2006-08-12 16:10:00,Saturday,West Coast,North Melbourne,Subiaco,D,14,23,107,12,9,81
331,2006,19,2006-08-12 14:10:00,Saturday,Melbourne,Sydney,M.C.G.,D,10,3,63,14,11,95
330,2006,19,2006-08-11 19:40:00,Friday,Essendon,Collingwood,M.C.G.,N,10,14,74,9,7,61
329,2006,18,2006-08-06 16:40:00,Sunday,Fremantle,Hawthorn,Subiaco,D,14,20,104,7,9,51
328,2006,18,2006-08-06 14:10:00,Sunday,North Melbourne,Port Adelaide,Docklands,D,12,12,84,9,11,65
327,2006,18,2006-08-06 13:10:00,Sunday,Brisbane Lions,Geelong,Gabba,D,13,9,87,14,20,104
326,2006,18,2006-08-05 19:40:00,Saturday,Adelaide,Collingwood,Football Park,N,7,16,58,7,12,54
325,2006,18,2006-08-05 19:10:00,Saturday,Sydney,Essendon,S.C.G.,N,17,14,116,11,7,73
324,2006,18,2006-08-05 14:10:00,Saturday,Carlton,Melbourne,Docklands,D,12,8,80,10,13,73
323,2006,18,2006-08-05 14:10:00,Saturday,Richmond,Western Bulldogs,M.C.G.,D,10,18,78,15,10,100
322,2006,18,2006-08-04 19:40:00,Friday,St Kilda,West Coast,Docklands,N,8,11,59,14,14,98
321,2006,17,2006-07-30 14:10:00,Sunday,Carlton,Fremantle,Docklands,D,13,11,89,15,17,107
320,2006,17,2006-07-30 14:10:00,Sunday,Melbourne,Western Bulldogs,M.C.G.,D,18,11,119,9,14,68
319,2006,17,2006-07-30 13:10:00,Sunday,North Melbourne,Geelong,Manuka Oval,D,13,12,90,8,12,60
318,2006,17,2006-07-29 19:40:00,Saturday,Port Adelaide,Sydney,Football Park,N,7,8,50,10,17,77
317,2006,17,2006-07-29 19:10:00,Saturday,Essendon,Brisbane Lions,Docklands,N,25,10,160,18,15,123
316,2006,17,2006-07-29 16:10:00,Saturday,West Coast,Adelaide,Subiaco,D,26,9,165,12,11,83
315,2006,17,2006-07-29 14:10:00,Saturday,St Kilda,Richmond,M.C.G.,D,27,12,174,10,11,71
314,2006,17,2006-07-28 19:40:00,Friday,Collingwood,Hawthorn,M.C.G.,N,16,17,113,11,2,68
313,2006,16,2006-07-23 16:40:00,Sunday,Fremantle,Melbourne,Subiaco,D,15,6,96,9,13,67
312,2006,16,2006-07-23 14:10:00,Sunday,Geelong,Western Bulldogs,Docklands,D,13,12,90,13,11,89
311,2006,16,2006-07-23 13:10:00,Sunday,St Kilda,Port Adelaide,York Park,D,8,16,64,8,12,60
310,2006,16,2006-07-22 19:10:00,Saturday,Sydney,Richmond,S.C.G.,N,14,17,101,7,11,53
309,2006,16,2006-07-22 14:10:00,Saturday,Collingwood,West Coast,Docklands,D,19,13,127,13,12,90
308,2006,16,2006-07-22 14:10:00,Saturday,Essendon,Carlton,M.C.G.,D,16,9,105,15,15,105
307,2006,16,2006-07-22 19:10:00,Saturday,Brisbane Lions,Hawthorn,Gabba,N,11,18,84,11,8,74
306,2006,16,2006-07-21 20:40:00,Friday,Adelaide,North Melbourne,Football Park,N,19,10,124,7,10,52
305,2006,15,2006-07-16 14:10:00,Sunday,Carlton,Western Bulldogs,Docklands,D,11,14,80,16,14,110
304,2006,15,2006-07-16 14:10:00,Sunday,Collingwood,Fremantle,M.C.G.,D,15,14,104,18,11,119
303,2006,15,2006-07-16 13:10:00,Sunday,Geelong,Port Adelaide,Kardinia Park,D,9,14,68,8,10,58
302,2006,15,2006-07-15 19:40:00,Saturday,West Coast,Sydney,Subiaco,T,9,13,67,9,11,65
301,2006,15,2006-07-15 19:10:00,Saturday,North Melbourne,Brisbane Lions,Docklands,N,11,18,84,12,13,85
300,2006,15,2006-07-15 15:10:00,Saturday,Adelaide,Hawthorn,Football Park,D,16,13,109,11,7,73
299,2006,15,2006-07-15 14:10:00,Saturday,Essendon,St Kilda,M.C.G.,D,10,11,71,11,8,74
298,2006,15,2006-07-14 19:40:00,Friday,Richmond,Melbourne,M.C.G.,N,7,10,52,9,16,70
297,2006,14,2006-07-09 14:10:00,Sunday,St Kilda,Collingwood,Docklands,D,19,8,122,9,9,63
296,2006,14,2006-07-09 14:10:00,Sunday,Western Bulldogs,North Melbourne,M.C.G.,D,12,10,82,13,16,94
295,2006,14,2006-07-09 13:10:00,Sunday,Sydney,Adelaide,S.C.G.,D,8,14,62,15,11,101
294,2006,14,2006-07-08 19:40:00,Saturday,Port Adelaide,Richmond,Football Park,N,6,18,54,14,8,92
293,2006,14,2006-07-08 14:10:00,Saturday,Carlton,Geelong,Docklands,D,11,11,77,23,4,142
292,2006,14,2006-07-08 14:10:00,Saturday,Hawthorn,West Coast,M.C.G.,D,16,8,104,17,12,114
291,2006,14,2006-07-08 19:10:00,Saturday,Melbourne,Brisbane Lions,Gabba,N,14,14,98,13,12,90
290,2006,14,2006-07-07 20:40:00,Friday,Fremantle,Essendon,Subiaco,N,19,11,125,12,16,88
289,2006,13,2006-07-02 16:40:00,Sunday,West Coast,Western Bulldogs,Subiaco,D,8,16,64,10,13,73
288,2006,13,2006-07-02 14:10:00,Sunday,Richmond,Collingwood,M.C.G.,D,13,14,92,6,9,45
287,2006,13,2006-07-02 13:10:00,Sunday,Adelaide,Geelong,Football Park,D,21,21,147,8,7,55
286,2006,13,2006-07-01 19:10:00,Saturday,Sydney,Fremantle,S.C.G.,N,12,19,91,9,4,58
285,2006,13,2006-07-01 14:10:00,Saturday,St Kilda,Hawthorn,Docklands,D,18,17,125,8,7,55
284,2006,13,2006-07-01 14:10:00,Saturday,Melbourne,Port Adelaide,M.C.G.,D,18,12,120,12,10,82
283,2006,13,2006-07-01 19:10:00,Saturday,Brisbane Lions,Carlton,Gabba,N,8,23,71,7,14,56
282,2006,13,2006-06-30 19:40:00,Friday,North Melbourne,Essendon,Docklands,N,14,12,96,13,11,89
281,2006,12,2006-06-24 19:10:00,Saturday,Sydney,Collingwood,Stadium Australia,N,11,16,82,14,11,95
280,2006,12,2006-06-23 19:40:00,Friday,North Melbourne,Carlton,Docklands,N,18,13,121,15,12,102
279,2006,12,2006-06-18 14:10:00,Sunday,Essendon,Melbourne,Docklands,D,10,15,75,16,15,111
278,2006,12,2006-06-18 13:10:00,Sunday,Hawthorn,Richmond,York Park,D,16,9,105,8,16,64
277,2006,12,2006-06-17 19:40:00,Saturday,Port Adelaide,West Coast,Football Park,N,13,19,97,8,12,60
276,2006,12,2006-06-17 16:10:00,Saturday,Fremantle,Geelong,Subiaco,D,6,16,52,18,10,118
275,2006,12,2006-06-17 19:10:00,Saturday,Brisbane Lions,Western Bulldogs,Gabba,N,14,19,103,22,13,145
274,2006,12,2006-06-16 19:40:00,Friday,St Kilda,Adelaide,Docklands,N,8,12,60,18,15,123
273,2006,11,2006-06-12 14:10:00,Monday,Melbourne,Collingwood,M.C.G.,D,22,9,141,14,10,94
272,2006,11,2006-06-11 16:40:00,Sunday,West Coast,Carlton,Subiaco,D,16,15,111,15,11,101
271,2006,11,2006-06-11 14:10:00,Sunday,Western Bulldogs,Fremantle,Docklands,D,15,10,100,12,14,86
270,2006,11,2006-06-11 13:10:00,Sunday,Port Adelaide,Hawthorn,Football Park,D,22,13,145,7,7,49
269,2006,11,2006-06-10 19:10:00,Saturday,Sydney,St Kilda,S.C.G.,N,7,8,50,7,10,52
268,2006,11,2006-06-10 14:10:00,Saturday,Richmond,North Melbourne,M.C.G.,D,15,12,102,9,13,67
267,2006,11,2006-06-10 19:10:00,Saturday,Brisbane Lions,Adelaide,Gabba,N,8,12,60,10,15,75
266,2006,11,2006-06-09 19:40:00,Friday,Geelong,Essendon,Docklands,N,20,10,130,13,10,88
265,2006,10,2006-06-04 14:10:00,Sunday,Carlton,Port Adelaide,Docklands,D,12,12,84,17,16,118
264,2006,10,2006-06-04 14:10:00,Sunday,Melbourne,St Kilda,M.C.G.,D,15,13,103,13,12,90
263,2006,10,2006-06-04 13:10:00,Sunday,North Melbourne,Sydney,Manuka Oval,D,14,14,98,16,9,105
262,2006,10,2006-06-03 19:40:00,Saturday,Fremantle,Richmond,Subiaco,T,15,10,100,13,11,89
261,2006,10,2006-06-03 19:10:00,Saturday,Collingwood,Brisbane Lions,M.C.G.,N,16,13,109,12,11,83
260,2006,10,2006-06-03 14:10:00,Saturday,Western Bulldogs,Hawthorn,Docklands,D,16,13,109,13,10,88
259,2006,10,2006-06-03 14:10:00,Saturday,Geelong,West Coast,Kardinia Park,D,15,8,98,16,5,101
258,2006,10,2006-06-02 20:40:00,Friday,Adelaide,Essendon,Football Park,N,30,8,188,6,14,50
257,2006,9,2006-05-28 16:40:00,Sunday,West Coast,Melbourne,Subiaco,D,13,19,97,11,9,75
256,2006,9,2006-05-28 14:10:00,Sunday,St Kilda,North Melbourne,Docklands,D,10,14,74,8,9,57
255,2006,9,2006-05-28 13:10:00,Sunday,Brisbane Lions,Fremantle,Gabba,D,21,15,141,10,13,73
254,2006,9,2006-05-27 19:10:00,Saturday,Essendon,Port Adelaide,Docklands,N,9,15,69,20,9,129
253,2006,9,2006-05-27 19:10:00,Saturday,Hawthorn,Sydney,M.C.G.,N,7,12,54,19,5,119
252,2006,9,2006-05-27 15:10:00,Saturday,Adelaide,Carlton,Football Park,D,18,16,124,9,6,60
251,2006,9,2006-05-27 14:10:00,Saturday,Geelong,Richmond,Kardinia Park,D,12,18,90,17,8,110
250,2006,9,2006-05-26 19:40:00,Friday,Collingwood,Western Bulldogs,M.C.G.,N,21,13,139,16,9,105
249,2006,8,2006-05-21 14:10:00,Sunday,Essendon,West Coast,Docklands,D,14,8,92,16,17,113
248,2006,8,2006-05-21 14:10:00,Sunday,Carlton,St Kilda,M.C.G.,D,4,10,34,18,18,126
247,2006,8,2006-05-21 13:10:00,Sunday,Port Adelaide,Brisbane Lions,Football Park,D,10,18,78,22,15,147
246,2006,8,2006-05-20 19:10:00,Saturday,Western Bulldogs,Sydney,S.C.G.,N,14,6,90,17,14,116
245,2006,8,2006-05-20 19:10:00,Saturday,Collingwood,Geelong,M.C.G.,N,22,14,146,6,8,44
244,2006,8,2006-05-20 16:10:00,Saturday,Fremantle,North Melbourne,Subiaco,D,13,6,84,6,13,49
243,2006,8,2006-05-20 14:10:00,Saturday,Richmond,Adelaide,Docklands,D,10,9,69,9,12,66
242,2006,8,2006-05-19 19:40:00,Friday,Hawthorn,Melbourne,M.C.G.,N,9,7,61,20,16,136
241,2006,7,2006-05-14 15:10:00,Sunday,North Melbourne,Adelaide,Docklands,D,9,6,60,18,8,116
240,2006,7,2006-05-14 14:10:00,Sunday,Carlton,Essendon,M.C.G.,D,17,9,111,11,12,78
239,2006,7,2006-05-14 13:10:00,Sunday,Port Adelaide,Western Bulldogs,Football Park,D,13,12,90,25,16,166
238,2006,7,2006-05-13 19:40:00,Saturday,West Coast,Collingwood,Subiaco,T,16,16,112,15,8,98
237,2006,7,2006-05-13 14:10:00,Saturday,Richmond,Sydney,Docklands,D,9,8,62,28,12,180
236,2006,7,2006-05-13 14:10:00,Saturday,Melbourne,Fremantle,M.C.G.,D,17,15,117,8,10,58
235,2006,7,2006-05-13 19:10:00,Saturday,Hawthorn,Brisbane Lions,Carrara,N,9,12,66,16,10,106
234,2006,7,2006-05-12 19:40:00,Friday,St Kilda,Geelong,Docklands,N,9,10,64,12,10,82
233,2006,6,2006-05-07 14:10:00,Sunday,North Melbourne,Hawthorn,Docklands,D,15,12,102,11,14,80
232,2006,6,2006-05-07 14:10:00,Sunday,Carlton,Collingwood,M.C.G.,D,9,12,66,21,12,138
231,2006,6,2006-05-07 13:10:00,Sunday,Brisbane Lions,Sydney,Gabba,D,10,10,70,15,12,102
230,2006,6,2006-05-06 19:40:00,Saturday,Adelaide,Port Adelaide,Football Park,N,15,13,103,8,5,53
229,2006,6,2006-05-06 19:40:00,Saturday,Essendon,Richmond,M.C.G.,N,13,17,95,13,19,97
228,2006,6,2006-05-06 16:10:00,Saturday,Fremantle,West Coast,Subiaco,D,12,16,88,12,11,83
227,2006,6,2006-05-06 14:10:00,Saturday,St Kilda,Western Bulldogs,Docklands,D,14,8,92,12,6,78
226,2006,6,2006-05-05 19:40:00,Friday,Melbourne,Geelong,M.C.G.,N,13,9,87,11,15,81
225,2006,5,2006-04-30 14:10:00,Sunday,Collingwood,Port Adelaide,Docklands,D,18,12,120,11,13,79
224,2006,5,2006-04-30 14:10:00,Sunday,Hawthorn,Essendon,M.C.G.,D,12,12,84,12,11,83
223,2006,5,2006-04-30 13:10:00,Sunday,St Kilda,Fremantle,York Park,D,13,15,93,14,10,94
222,2006,5,2006-04-29 19:40:00,Saturday,West Coast,Brisbane Lions,Subiaco,T,18,14,122,9,9,63
221,2006,5,2006-04-29 19:10:00,Saturday,Sydney,Geelong,Stadium Australia,N,15,17,107,13,7,85
220,2006,5,2006-04-29 15:10:00,Saturday,Adelaide,Western Bulldogs,Football Park,D,20,12,132,7,13,55
219,2006,5,2006-04-29 14:10:00,Saturday,Melbourne,North Melbourne,M.C.G.,D,13,12,90,12,14,86
218,2006,5,2006-04-28 19:40:00,Friday,Richmond,Carlton,M.C.G.,N,12,20,92,11,18,84
217,2006,4,2006-04-25 14:40:00,Tuesday,Collingwood,Essendon,M.C.G.,D,15,16,106,12,17,89
216,2006,4,2006-04-24 19:40:00,Monday,Port Adelaide,St Kilda,Football Park,N,19,8,122,18,10,118
215,2006,4,2006-04-23 13:10:00,Sunday,Sydney,Melbourne,S.C.G.,D,13,14,92,15,7,97
214,2006,4,2006-04-23 13:10:00,Sunday,North Melbourne,West Coast,Manuka Oval,D,10,11,71,14,11,95
213,2006,4,2006-04-22 19:40:00,Saturday,Fremantle,Adelaide,Subiaco,T,9,5,59,9,16,70
212,2006,4,2006-04-22 14:10:00,Saturday,Western Bulldogs,Geelong,Docklands,D,14,14,98,14,13,97
211,2006,4,2006-04-22 13:10:00,Saturday,Brisbane Lions,Richmond,Gabba,D,11,16,82,14,12,96
210,2006,4,2006-04-21 19:40:00,Friday,Carlton,Hawthorn,Docklands,N,9,14,68,15,10,100
209,2006,3,2006-04-17 14:10:00,Monday,North Melbourne,Collingwood,Docklands,D,11,10,76,23,15,153
208,2006,3,2006-04-16 16:40:00,Sunday,Port Adelaide,Fremantle,Football Park,T,11,13,79,15,20,110
207,2006,3,2006-04-16 14:10:00,Sunday,Essendon,Western Bulldogs,Docklands,D,13,15,93,15,14,104
206,2006,3,2006-04-16 13:10:00,Sunday,Melbourne,Adelaide,Carrara,D,14,13,97,15,12,102
205,2006,3,2006-04-15 19:40:00,Saturday,West Coast,Richmond,Subiaco,T,20,16,136,14,6,90
204,2006,3,2006-04-15 19:10:00,Saturday,Carlton,Sydney,Docklands,N,11,8,74,12,9,81
203,2006,3,2006-04-15 14:10:00,Saturday,Geelong,Hawthorn,Kardinia Park,D,6,13,49,15,11,101
202,2006,3,2006-04-13 19:40:00,Thursday,St Kilda,Brisbane Lions,Docklands,N,19,10,124,12,15,87
201,2006,2,2006-04-09 15:10:00,Sunday,Adelaide,West Coast,Football Park,D,13,10,88,13,12,90
200,2006,2,2006-04-09 14:10:00,Sunday,Hawthorn,Collingwood,Docklands,D,12,12,84,18,11,119
199,2006,2,2006-04-09 13:10:00,Sunday,Sydney,Port Adelaide,S.C.G.,D,11,14,80,15,16,106
198,2006,2,2006-04-08 19:40:00,Saturday,Fremantle,Carlton,Subiaco,T,15,11,101,13,8,86
197,2006,2,2006-04-08 14:10:00,Saturday,Western Bulldogs,Melbourne,Docklands,D,20,17,137,12,18,90
196,2006,2,2006-04-08 14:10:00,Saturday,Geelong,North Melbourne,Kardinia Park,D,22,6,138,10,9,69
195,2006,2,2006-04-08 19:10:00,Saturday,Brisbane Lions,Essendon,Gabba,N,17,13,115,15,7,97
194,2006,2,2006-04-07 19:40:00,Friday,Richmond,St Kilda,Docklands,N,11,11,77,13,10,88
193,2006,1,2006-04-03 19:10:00,Monday,Collingwood,Adelaide,Docklands,N,12,5,77,17,9,111
192,2006,1,2006-04-02 17:10:00,Sunday,Melbourne,Carlton,Docklands,T,10,12,72,13,15,93
191,2006,1,2006-04-02 13:10:00,Sunday,Hawthorn,Fremantle,York Park,D,17,7,109,13,9,87
190,2006,1,2006-04-01 19:40:00,Saturday,Port Adelaide,North Melbourne,Football Park,N,13,9,87,19,14,128
189,2006,1,2006-04-01 19:10:00,Saturday,Essendon,Sydney,Docklands,N,17,6,108,12,9,81
188,2006,1,2006-04-01 14:10:00,Saturday,Geelong,Brisbane Lions,Kardinia Park,D,17,13,115,5,8,38
187,2006,1,2006-03-31 19:40:00,Friday,Western Bulldogs,Richmond,Docklands,N,25,17,167,7,10,52
186,2006,1,2006-03-30 20:40:00,Thursday,West Coast,St Kilda,Subiaco,N,11,18,84,9,12,66
185,2005,GF,2005-09-24 14:35:00,Saturday,Sydney,West Coast,M.C.G.,D,8,10,58,7,12,54
184,2005,PF,2005-09-17 15:00:00,Saturday,West Coast,Adelaide,Subiaco,D,14,9,93,11,11,77
183,2005,PF,2005-09-16 20:00:00,Friday,St Kilda,Sydney,M.C.G.,N,9,11,65,15,6,96
182,2005,SF,2005-09-10 19:30:00,Saturday,Adelaide,Port Adelaide,Football Park,N,18,15,123,5,10,40
181,2005,SF,2005-09-09 20:00:00,Friday,Sydney,Geelong,S.C.G.,N,7,14,56,7,11,53
180,2005,EF,2005-09-04 14:30:00,Sunday,North Melbourne,Port Adelaide,Docklands,D,11,11,77,26,8,164
179,2005,QF,2005-09-03 19:30:00,Saturday,Adelaide,St Kilda,Football Park,N,8,9,57,10,5,65
178,2005,EF,2005-09-03 14:30:00,Saturday,Geelong,Melbourne,M.C.G.,D,18,8,116,9,7,61
177,2005,QF,2005-09-02 20:30:00,Friday,West Coast,Sydney,Subiaco,N,10,9,69,10,5,65
176,2005,22,2005-08-28 16:40:00,Sunday,Carlton,North Melbourne,Docklands,T,12,11,83,17,11,113
175,2005,22,2005-08-28 14:10:00,Sunday,Essendon,Melbourne,M.C.G.,D,12,13,85,13,17,95
174,2005,22,2005-08-28 13:10:00,Sunday,Geelong,Richmond,Kardinia Park,D,10,9,69,10,8,68
173,2005,22,2005-08-27 19:10:00,Saturday,St Kilda,Brisbane Lions,Docklands,N,28,18,186,7,5,47
172,2005,22,2005-08-27 19:40:00,Saturday,Port Adelaide,Fremantle,Football Park,N,18,12,120,11,9,75
171,2005,22,2005-08-27 16:10:00,Saturday,West Coast,Adelaide,Subiaco,D,10,14,74,12,10,82
170,2005,22,2005-08-27 14:10:00,Saturday,Hawthorn,Sydney,M.C.G.,D,11,9,75,20,9,129
169,2005,22,2005-08-26 19:40:00,Friday,Western Bulldogs,Collingwood,Docklands,N,21,15,141,14,16,100
168,2005,21,2005-08-21 14:10:00,Sunday,Richmond,Hawthorn,Docklands,D,20,17,137,21,7,133
167,2005,21,2005-08-21 14:10:00,Sunday,Essendon,Carlton,M.C.G.,D,28,14,182,11,17,83
166,2005,21,2005-08-21 13:10:00,Sunday,Sydney,North Melbourne,S.C.G.,D,15,11,101,9,10,64
165,2005,21,2005-08-20 19:10:00,Saturday,Melbourne,Western Bulldogs,M.C.G.,N,16,13,109,16,9,105
164,2005,21,2005-08-20 19:10:00,Saturday,Brisbane Lions,Port Adelaide,Gabba,N,7,9,51,11,15,81
163,2005,21,2005-08-20 14:10:00,Saturday,Geelong,West Coast,Kardinia Park,D,16,13,109,5,3,33
162,2005,21,2005-08-20 14:40:00,Saturday,Adelaide,Collingwood,Football Park,D,22,19,151,5,11,41
161,2005,21,2005-08-19 20:40:00,Friday,Fremantle,St Kilda,Subiaco,N,12,8,80,11,9,75
160,2005,20,2005-08-14 14:10:00,Sunday,Richmond,Western Bulldogs,Docklands,D,16,11,107,18,11,119
159,2005,20,2005-08-14 14:10:00,Sunday,Hawthorn,Essendon,M.C.G.,D,17,15,117,16,8,104
158,2005,20,2005-08-14 13:10:00,Sunday,Sydney,Brisbane Lions,S.C.G.,D,19,10,124,6,4,40
157,2005,20,2005-08-13 19:10:00,Saturday,Collingwood,Carlton,M.C.G.,N,14,10,94,19,15,129
156,2005,20,2005-08-13 19:40:00,Saturday,Port Adelaide,Adelaide,Football Park,N,12,9,81,13,10,88
155,2005,20,2005-08-13 14:10:00,Saturday,North Melbourne,St Kilda,Docklands,D,13,7,85,16,12,108
154,2005,20,2005-08-13 14:10:00,Saturday,Geelong,Melbourne,Kardinia Park,D,15,9,99,14,16,100
153,2005,20,2005-08-12 20:40:00,Friday,West Coast,Fremantle,Subiaco,N,19,14,128,12,8,80
152,2005,19,2005-08-07 14:10:00,Sunday,Collingwood,North Melbourne,Docklands,D,14,14,98,15,14,104
151,2005,19,2005-08-07 14:10:00,Sunday,Carlton,Port Adelaide,M.C.G.,D,16,13,109,18,15,123
150,2005,19,2005-08-07 13:10:00,Sunday,Brisbane Lions,Hawthorn,Gabba,D,18,13,121,11,14,80
149,2005,19,2005-08-06 19:10:00,Saturday,Essendon,Sydney,Docklands,N,15,8,98,18,10,118
148,2005,19,2005-08-06 19:40:00,Saturday,Fremantle,Richmond,Subiaco,T,13,15,93,9,12,66
147,2005,19,2005-08-06 14:10:00,Saturday,Western Bulldogs,West Coast,M.C.G.,D,21,14,140,14,13,97
146,2005,19,2005-08-06 14:40:00,Saturday,Adelaide,Melbourne,Football Park,D,13,22,100,7,4,46
145,2005,19,2005-08-05 19:40:00,Friday,St Kilda,Geelong,Docklands,N,13,18,96,8,7,55
144,2005,18,2005-07-31 14:10:00,Sunday,Carlton,Richmond,Docklands,D,22,9,141,16,10,106
143,2005,18,2005-07-31 13:10:00,Sunday,North Melbourne,Port Adelaide,Manuka Oval,D,15,10,100,14,12,96
142,2005,18,2005-07-31 14:10:00,Sunday,Collingwood,Fremantle,M.C.G.,D,12,13,85,15,8,98
141,2005,18,2005-07-30 19:10:00,Saturday,Western Bulldogs,Brisbane Lions,Docklands,N,23,13,151,18,15,123
140,2005,18,2005-07-30 19:40:00,Saturday,Adelaide,Sydney,Football Park,N,8,6,54,6,11,47
139,2005,18,2005-07-30 16:10:00,Saturday,West Coast,Hawthorn,Subiaco,D,12,25,97,7,7,49
138,2005,18,2005-07-30 14:10:00,Saturday,Melbourne,St Kilda,M.C.G.,D,13,10,88,27,14,176
137,2005,18,2005-07-29 19:40:00,Friday,Essendon,Geelong,Docklands,N,16,11,107,13,16,94
136,2005,17,2005-07-24 14:10:00,Sunday,North Melbourne,Adelaide,Docklands,D,16,13,109,19,8,122
135,2005,17,2005-07-24 16:40:00,Sunday,Fremantle,Melbourne,Subiaco,D,15,11,101,11,10,76
134,2005,17,2005-07-24 13:10:00,Sunday,Sydney,West Coast,S.C.G.,D,13,10,88,9,13,67
133,2005,17,2005-07-23 19:10:00,Saturday,Brisbane Lions,Essendon,Gabba,N,17,12,114,14,17,101
132,2005,17,2005-07-23 19:40:00,Saturday,Port Adelaide,Richmond,Football Park,N,14,12,96,12,11,83
131,2005,17,2005-07-23 14:10:00,Saturday,Western Bulldogs,Geelong,Docklands,D,20,13,133,14,14,98
130,2005,17,2005-07-23 14:10:00,Saturday,Hawthorn,Carlton,M.C.G.,D,19,13,127,15,13,103
129,2005,17,2005-07-22 19:40:00,Friday,St Kilda,Collingwood,Docklands,N,21,17,143,10,10,70
128,2005,16,2005-07-17 14:10:00,Sunday,Hawthorn,North Melbourne,Docklands,D,10,8,68,16,13,109
127,2005,16,2005-07-17 14:10:00,Sunday,Carlton,Fremantle,M.C.G.,D,17,15,117,24,8,152
126,2005,16,2005-07-17 13:10:00,Sunday,Adelaide,Western Bulldogs,Football Park,D,16,13,109,5,5,35
125,2005,16,2005-07-16 19:10:00,Saturday,Melbourne,Sydney,Docklands,N,11,12,78,16,8,104
124,2005,16,2005-07-16 19:40:00,Saturday,West Coast,Brisbane Lions,Subiaco,T,17,9,111,13,10,88
123,2005,16,2005-07-16 14:10:00,Saturday,Geelong,Port Adelaide,Kardinia Park,D,18,18,126,7,5,47
122,2005,16,2005-07-16 14:10:00,Saturday,Richmond,St Kilda,M.C.G.,D,5,7,37,16,10,106
121,2005,16,2005-07-15 19:40:00,Friday,Collingwood,Essendon,M.C.G.,N,15,15,105,21,5,131
120,2005,15,2005-07-10 14:10:00,Sunday,St Kilda,Carlton,Docklands,D,23,15,153,11,7,73
119,2005,15,2005-07-10 16:40:00,Sunday,Fremantle,Western Bulldogs,Subiaco,D,22,13,145,13,14,92
118,2005,15,2005-07-10 13:10:00,Sunday,Hawthorn,Adelaide,York Park,D,10,8,68,12,6,78
117,2005,15,2005-07-09 19:10:00,Saturday,Sydney,Geelong,S.C.G.,N,16,9,105,7,9,51
116,2005,15,2005-07-09 19:10:00,Saturday,Brisbane Lions,Collingwood,Gabba,N,19,19,133,7,13,55
115,2005,15,2005-07-09 14:10:00,Saturday,Richmond,Essendon,M.C.G.,D,14,8,92,9,12,66
114,2005,15,2005-07-09 14:40:00,Saturday,Port Adelaide,Melbourne,Football Park,D,20,17,137,11,9,75
113,2005,15,2005-07-08 19:40:00,Friday,North Melbourne,West Coast,Docklands,N,14,13,97,15,11,101
112,2005,14,2005-07-03 16:40:00,Sunday,Geelong,Hawthorn,Docklands,T,16,17,113,8,10,58
111,2005,14,2005-07-03 14:10:00,Sunday,Western Bulldogs,St Kilda,M.C.G.,D,15,8,98,17,14,116
110,2005,14,2005-07-03 13:10:00,Sunday,Adelaide,Fremantle,Football Park,D,14,10,94,14,4,88
109,2005,14,2005-07-02 19:10:00,Saturday,Essendon,North Melbourne,Docklands,N,13,8,86,19,14,128
108,2005,14,2005-07-02 19:10:00,Saturday,Melbourne,Brisbane Lions,Gabba,N,13,14,92,25,16,166
107,2005,14,2005-07-02 14:10:00,Saturday,West Coast,Carlton,Subiaco,D,21,13,139,9,8,62
106,2005,14,2005-07-02 14:10:00,Saturday,Richmond,Sydney,M.C.G.,D,12,13,85,12,12,84
105,2005,14,2005-07-01 19:40:00,Friday,Collingwood,Port Adelaide,Docklands,N,14,18,102,9,17,71
104,2005,13,2005-06-25 19:10:00,Saturday,Sydney,Collingwood,Stadium Australia,N,11,11,77,10,16,76
103,2005,13,2005-06-24 19:40:00,Friday,Essendon,St Kilda,Docklands,N,19,5,119,16,8,104
102,2005,13,2005-06-19 16:40:00,Sunday,Fremantle,North Melbourne,Subiaco,D,6,8,44,8,18,66
101,2005,13,2005-06-19 13:10:00,Sunday,Brisbane Lions,Geelong,Gabba,D,17,14,116,6,11,47
100,2005,13,2005-06-18 19:10:00,Saturday,Richmond,Adelaide,Docklands,N,9,8,62,20,12,132
99,2005,13,2005-06-18 19:40:00,Saturday,Western Bulldogs,Carlton,Marrara Oval,N,17,14,116,10,10,70
98,2005,13,2005-06-18 14:10:00,Saturday,Melbourne,West Coast,M.C.G.,D,13,12,90,15,15,105
97,2005,13,2005-06-17 20:40:00,Friday,Port Adelaide,Hawthorn,Football Park,N,29,14,188,10,11,71
96,2005,12,2005-06-13 14:10:00,Monday,Melbourne,Collingwood,M.C.G.,D,17,15,117,10,12,72
95,2005,12,2005-06-12 14:10:00,Sunday,North Melbourne,Richmond,Docklands,D,17,7,109,10,20,80
94,2005,12,2005-06-12 14:10:00,Sunday,Geelong,Adelaide,Kardinia Park,D,9,7,61,8,9,57
93,2005,12,2005-06-12 13:10:00,Sunday,Sydney,Fremantle,S.C.G.,D,16,13,109,10,11,71
92,2005,12,2005-06-11 19:10:00,Saturday,Carlton,Brisbane Lions,Docklands,N,12,10,82,21,14,140
91,2005,12,2005-06-11 19:40:00,Saturday,Port Adelaide,Western Bulldogs,Football Park,N,17,16,118,15,13,103
90,2005,12,2005-06-11 14:10:00,Saturday,Hawthorn,St Kilda,M.C.G.,D,8,6,54,15,10,100
89,2005,12,2005-06-10 19:40:00,Friday,West Coast,Essendon,Subiaco,T,15,16,106,12,10,82
88,2005,11,2005-06-05 14:10:00,Sunday,Western Bulldogs,Hawthorn,Docklands,D,17,9,111,13,11,89
87,2005,11,2005-06-05 13:10:00,Sunday,North Melbourne,Melbourne,Manuka Oval,D,11,14,80,17,14,116
86,2005,11,2005-06-05 13:10:00,Sunday,St Kilda,Port Adelaide,York Park,D,11,15,81,16,8,104
85,2005,11,2005-06-04 19:40:00,Saturday,Fremantle,Brisbane Lions,Subiaco,T,10,7,67,15,16,106
84,2005,11,2005-06-04 19:40:00,Saturday,Adelaide,Essendon,Football Park,N,24,7,151,9,9,63
83,2005,11,2005-06-04 14:10:00,Saturday,Carlton,Sydney,Docklands,D,14,7,91,18,8,116
82,2005,11,2005-06-04 14:10:00,Saturday,Richmond,West Coast,M.C.G.,D,15,13,103,15,15,105
81,2005,11,2005-06-03 19:40:00,Friday,Collingwood,Geelong,Docklands,N,18,13,121,14,12,96
80,2005,10,2005-05-29 14:10:00,Sunday,Essendon,Western Bulldogs,Docklands,D,21,11,137,17,8,110
79,2005,10,2005-05-29 16:40:00,Sunday,West Coast,Port Adelaide,Subiaco,D,27,17,179,9,8,62
78,2005,10,2005-05-29 13:10:00,Sunday,Adelaide,Carlton,Football Park,D,9,17,71,8,9,57
77,2005,10,2005-05-28 19:10:00,Saturday,St Kilda,Sydney,Docklands,N,15,11,101,8,10,58
76,2005,10,2005-05-28 19:10:00,Saturday,Brisbane Lions,North Melbourne,Gabba,N,13,15,93,17,10,112
75,2005,10,2005-05-28 14:10:00,Saturday,Geelong,Fremantle,Kardinia Park,D,11,16,82,14,7,91
74,2005,10,2005-05-28 14:10:00,Saturday,Hawthorn,Collingwood,M.C.G.,D,12,8,80,17,6,108
73,2005,10,2005-05-27 19:40:00,Friday,Melbourne,Richmond,Docklands,N,20,11,131,11,8,74
72,2005,9,2005-05-22 16:40:00,Sunday,Fremantle,Hawthorn,Subiaco,D,10,10,70,18,16,124
71,2005,9,2005-05-22 14:10:00,Sunday,Geelong,North Melbourne,Kardinia Park,D,22,14,146,8,13,61
70,2005,9,2005-05-22 13:10:00,Sunday,Western Bulldogs,Sydney,S.C.G.,D,10,16,76,13,11,89
69,2005,9,2005-05-21 19:10:00,Saturday,Brisbane Lions,Richmond,Gabba,N,12,11,83,12,15,87
68,2005,9,2005-05-21 19:10:00,Saturday,Port Adelaide,Essendon,Football Park,N,12,13,85,9,12,66
67,2005,9,2005-05-21 14:10:00,Saturday,Carlton,Melbourne,Princes Park,D,13,14,92,15,20,110
66,2005,9,2005-05-21 14:10:00,Saturday,Collingwood,West Coast,M.C.G.,D,18,10,118,15,5,95
65,2005,9,2005-05-20 19:40:00,Friday,St Kilda,Adelaide,Docklands,N,8,9,57,15,13,103
64,2005,8,2005-05-15 16:40:00,Sunday,Essendon,Fremantle,Docklands,T,17,15,117,11,16,82
63,2005,8,2005-05-15 14:10:00,Sunday,Collingwood,Richmond,M.C.G.,D,8,10,58,13,15,93
62,2005,8,2005-05-15 13:10:00,Sunday,Sydney,Port Adelaide,S.C.G.,D,9,15,69,6,9,45
61,2005,8,2005-05-14 19:10:00,Saturday,North Melbourne,Western Bulldogs,Docklands,N,13,14,92,18,10,118
60,2005,8,2005-05-14 19:10:00,Saturday,Adelaide,Brisbane Lions,Football Park,N,8,15,63,11,6,72
59,2005,8,2005-05-14 14:10:00,Saturday,West Coast,St Kilda,Subiaco,D,13,10,88,7,10,52
58,2005,8,2005-05-14 14:10:00,Saturday,Hawthorn,Melbourne,M.C.G.,D,19,14,128,13,11,89
57,2005,8,2005-05-13 19:40:00,Friday,Carlton,Geelong,Docklands,N,10,13,73,22,11,143
56,2005,7,2005-05-08 16:40:00,Sunday,Fremantle,Collingwood,Subiaco,D,28,12,180,10,8,68
55,2005,7,2005-05-08 16:40:00,Sunday,Port Adelaide,North Melbourne,Football Park,T,18,11,119,10,12,72
54,2005,7,2005-05-08 13:10:00,Sunday,Hawthorn,West Coast,York Park,D,12,5,77,14,12,96
53,2005,7,2005-05-07 19:10:00,Saturday,Sydney,Essendon,Stadium Australia,N,13,16,94,14,4,88
52,2005,7,2005-05-07 19:10:00,Saturday,Brisbane Lions,Western Bulldogs,Gabba,N,12,15,87,15,20,110
51,2005,7,2005-05-07 14:10:00,Saturday,Geelong,St Kilda,Docklands,D,18,11,119,15,11,101
50,2005,7,2005-05-07 14:10:00,Saturday,Richmond,Carlton,M.C.G.,D,23,13,151,10,6,66
49,2005,7,2005-05-06 19:40:00,Friday,Melbourne,Adelaide,M.C.G.,N,11,12,78,7,12,54
48,2005,6,2005-05-01 16:40:00,Sunday,Richmond,Port Adelaide,Docklands,T,19,9,123,9,13,67
47,2005,6,2005-05-01 14:10:00,Sunday,Collingwood,St Kilda,M.C.G.,D,10,11,71,16,13,109
46,2005,6,2005-05-01 13:10:00,Sunday,Geelong,Western Bulldogs,Kardinia Park,D,16,12,108,11,7,73
45,2005,6,2005-04-30 19:10:00,Saturday,Essendon,Brisbane Lions,Docklands,N,12,16,88,21,10,136
44,2005,6,2005-04-30 19:10:00,Saturday,West Coast,Sydney,Subiaco,T,15,14,104,8,11,59
43,2005,6,2005-04-30 14:10:00,Saturday,Melbourne,Fremantle,M.C.G.,D,20,9,129,22,11,143
42,2005,6,2005-04-30 14:10:00,Saturday,Adelaide,North Melbourne,Football Park,D,10,14,74,10,4,64
41,2005,6,2005-04-29 19:40:00,Friday,Carlton,Hawthorn,Docklands,N,13,11,89,12,11,83
40,2005,5,2005-04-25 14:10:00,Monday,Essendon,Collingwood,M.C.G.,D,11,17,83,10,9,69
39,2005,5,2005-04-24 17:10:00,Sunday,St Kilda,Richmond,Docklands,T,22,15,147,11,13,79
38,2005,5,2005-04-24 13:10:00,Sunday,Brisbane Lions,West Coast,Gabba,D,12,12,84,23,19,157
37,2005,5,2005-04-23 19:10:00,Saturday,Western Bulldogs,Adelaide,Docklands,N,21,14,140,16,13,109
36,2005,5,2005-04-23 19:10:00,Saturday,Sydney,Melbourne,S.C.G.,N,7,18,60,14,10,94
35,2005,5,2005-04-23 14:10:00,Saturday,Fremantle,Carlton,Subiaco,D,15,13,103,11,18,84
34,2005,5,2005-04-23 14:10:00,Saturday,North Melbourne,Hawthorn,M.C.G.,D,16,12,108,13,11,89
33,2005,5,2005-04-22 19:40:00,Friday,Port Adelaide,Geelong,Football Park,N,15,5,95,15,9,99
32,2005,4,2005-04-17 16:40:00,Sunday,St Kilda,Melbourne,Docklands,T,23,13,151,15,14,104
31,2005,4,2005-04-17 14:10:00,Sunday,Richmond,Fremantle,M.C.G.,D,14,16,100,7,10,52
30,2005,4,2005-04-17 13:10:00,Sunday,Sydney,Adelaide,S.C.G.,D,11,13,79,18,12,120
29,2005,4,2005-04-16 19:10:00,Saturday,Geelong,Essendon,Docklands,N,19,17,131,11,9,75
28,2005,4,2005-04-16 19:40:00,Saturday,Port Adelaide,Carlton,Football Park,N,15,19,109,16,13,109
27,2005,4,2005-04-16 14:10:00,Saturday,West Coast,Western Bulldogs,Subiaco,D,21,17,143,17,5,107
26,2005,4,2005-04-16 14:10:00,Saturday,Hawthorn,Brisbane Lions,M.C.G.,D,18,7,115,10,9,69
25,2005,4,2005-04-15 19:40:00,Friday,North Melbourne,Collingwood,M.C.G.,N,14,9,93,13,12,90
24,2005,3,2005-04-10 14:10:00,Sunday,Western Bulldogs,Richmond,Docklands,D,11,18,84,12,16,88
23,2005,3,2005-04-10 14:10:00,Sunday,Essendon,Hawthorn,M.C.G.,D,10,17,77,11,9,75
22,2005,3,2005-04-10 13:10:00,Sunday,Adelaide,Port Adelaide,Football Park,D,18,16,124,8,8,56
21,2005,3,2005-04-09 19:10:00,Saturday,Fremantle,West Coast,Subiaco,T,12,8,80,12,16,88
20,2005,3,2005-04-09 19:10:00,Saturday,Brisbane Lions,Sydney,Gabba,N,11,15,81,13,9,87
19,2005,3,2005-04-09 14:10:00,Saturday,St Kilda,North Melbourne,Docklands,D,14,9,93,15,10,100
18,2005,3,2005-04-09 14:10:00,Saturday,Carlton,Collingwood,M.C.G.,D,16,12,108,20,8,128
17,2005,3,2005-04-08 19:40:00,Friday,Melbourne,Geelong,M.C.G.,N,18,6,114,8,18,66
16,2005,2,2005-04-03 16:40:00,Sunday,Collingwood,Adelaide,Docklands,T,10,15,75,12,9,81
15,2005,2,2005-04-03 14:10:00,Sunday,Hawthorn,Richmond,M.C.G.,D,12,17,89,16,7,103
14,2005,2,2005-04-03 13:10:00,Sunday,St Kilda,Fremantle,York Park,D,8,11,59,8,10,58
13,2005,2,2005-04-02 19:10:00,Saturday,West Coast,Geelong,Subiaco,T,12,12,84,8,14,62
12,2005,2,2005-04-02 19:10:00,Saturday,Port Adelaide,Brisbane Lions,Football Park,N,11,9,75,11,7,73
11,2005,2,2005-04-02 14:10:00,Saturday,Western Bulldogs,Melbourne,Docklands,D,15,21,111,20,17,137
10,2005,2,2005-04-02 14:10:00,Saturday,North Melbourne,Sydney,Manuka Oval,D,12,10,82,7,17,59
9,2005,2,2005-04-01 19:40:00,Friday,Carlton,Essendon,M.C.G.,N,16,14,110,17,4,106
8,2005,1,2005-03-28 14:10:00,Monday,Collingwood,Western Bulldogs,M.C.G.,D,11,14,80,16,16,112
7,2005,1,2005-03-27 16:40:00,Sunday,Adelaide,West Coast,Football Park,T,7,11,53,9,10,64
6,2005,1,2005-03-27 14:10:00,Sunday,Richmond,Geelong,M.C.G.,D,15,8,98,25,10,160
5,2005,1,2005-03-27 13:10:00,Sunday,Sydney,Hawthorn,S.C.G.,D,18,10,118,8,7,55
4,2005,1,2005-03-26 19:10:00,Saturday,Fremantle,Port Adelaide,Subiaco,T,13,10,88,7,11,53
3,2005,1,2005-03-26 19:10:00,Saturday,Melbourne,Essendon,M.C.G.,N,15,13,103,8,9,57
2,2005,1,2005-03-26 14:10:00,Saturday,North Melbourne,Carlton,Docklands,D,16,9,105,12,13,85
1,2005,1,2005-03-24 19:40:00,Thursday,Brisbane Lions,St Kilda,Gabba,N,18,8,116,13,15,93
